Population Size,Life Span,Max Generations,Maze Size,,,,
50,20,200,30,,,,
,,,,,,,
Current Generation,Best Rat's Starting Position,Best DNA,Best Fitness Score,Best Reached Goal,Average Fitness Score (No Winners),Average Fitness Score(Winner Inclusive),% Pop Reached Goal
1,15,RRRRLLLLRRRLRRRRRRLR,0.142857143,FALSE,0.068012947,0.068012947,0.00%
2,15,RLRRLLRLLRRRRRRRRRLR,0.142857143,FALSE,0.080073443,0.080073443,0.00%
3,15,RLRRLRLRRRRLLRRRRRRR,0.2,FALSE,0.088080181,0.088080181,0.00%
4,15,RRRRLLRRLRRRRRRRRRLR,0.333333333,FALSE,0.100760125,0.100760125,0.00%
5,15,RRRRLLRRRRRRLRRRRLRR,0.333333333,FALSE,0.113290485,0.113290485,0.00%
6,15,RRRRRRLRRRRLLRRRRRRR,1,FALSE,0.138473082,0.138473082,0.00%
7,15,RRRRRRLRRRRLLRRRRRRR,1,FALSE,0.222004401,0.222004401,0.00%
8,15,RRRRLRRRRRRRLRRRRRRR,2,TRUE,0.356194826,0.389070929,2.00%
9,15,RRRRLRRRRRRRLRRRRRRR,2,TRUE,0.502796674,0.742349206,16.00%
10,15,RRRRRRRRRRRLLRRRRRRR,2,TRUE,0.635023041,1.153714286,38.00%
11,15,RRRRLRRRRRRRLRRRRRRR,2,TRUE,0.783022774,1.440190476,54.00%
12,15,RRRRLRRRRRRRLRRRRRRR,2,TRUE,0.717333333,1.358666667,50.00%
13,15,RLRRRRRRRRRRRRRRRRRR,2,TRUE,0.754578755,1.352380952,48.00%
14,15,RRRRRRRRRRRRLRRRRRRR,2,TRUE,0.707936508,1.457333333,58.00%
15,15,RRRRLRRRRRRRRRRRRRRR,2,TRUE,0.631372549,1.534666667,66.00%
16,15,RRRRLRRRRRRRLRRRRRRR,2,TRUE,0.654154995,1.542412698,66.00%
17,15,LRRRRRRRRRRRRRRRRRRR,2,TRUE,0.736796537,1.444190476,56.00%
18,15,RRRRRLRRRRRRLRRRRRRR,2,TRUE,0.768888889,1.630666667,70.00%
19,15,RRRRRRRRRRRRRRRRLRRR,2,TRUE,0.783333333,1.610666667,68.00%
20,15,RRRRRRRLRRRRRRRRRRRR,2,TRUE,0.658412698,1.59752381,70.00%
21,15,RRRRRRRRRRRLLRRRRRRR,2,TRUE,0.73877551,1.646857143,72.00%
22,15,RRRRRRRRRRRRRRLRRRRR,2,TRUE,0.712280702,1.510666667,62.00%
23,15,RRRRRRRRRRRRLRRRRRRR,2,TRUE,0.68,1.604,70.00%
24,15,RRRRRRRRRRRRRRRLRRRR,2,TRUE,0.843537415,1.676190476,72.00%
25,15,RRRRRRRRRRRRRRRRLRRL,2,TRUE,0.833333333,1.813333333,84.00%
26,15,RRRRRRRLRRRRRRRRRLRR,2,TRUE,0.866666667,1.750666667,78.00%
27,15,RRLRRRRRRRRRRRRRLRRR,2,TRUE,0.777777778,1.78,82.00%
28,15,RRRRRRRRRRRRLRLRRRRL,2,TRUE,0.80952381,1.666666667,72.00%
29,15,RRRRRRRRRRRRRRRLRRRR,2,TRUE,0.695238095,1.634666667,72.00%
30,15,RRRRRRRRRRRRRRRRRRRR,2,TRUE,0.814814815,1.573333333,64.00%
31,15,RRRRLRRRRRRRRRRRRRRR,2,TRUE,0.692307692,1.66,74.00%
32,15,RRRRRRRRRRRRRRRRRRRL,2,TRUE,0.484444444,1.545333333,70.00%
33,15,RRRRRRRRRRRRLRRLRRRR,2,TRUE,0.583809524,1.43352381,60.00%
34,15,RRRRRLRRRRRRRRLRRRRR,2,TRUE,0.553333333,1.421333333,60.00%
35,15,RRRRRRRRRRRRRRLRLRRL,2,TRUE,0.429761905,1.49752381,68.00%
36,15,RRRRLRRRRRRRRRRRRRRR,2,TRUE,0.631168831,1.397714286,56.00%
37,15,RRRRRRRRRLRRRRRLRRRR,2,TRUE,0.517948718,1.229333333,48.00%
38,15,RRRRRRRRRRRRRRRRLRRR,2,TRUE,0.733333333,1.62,70.00%
39,15,RRRRRRRRRRRLRRRRRRRR,2,TRUE,0.552882206,1.450095238,62.00%
40,15,RRRRRRRRRRRRRLRRRRRR,2,TRUE,0.63537415,1.426857143,58.00%
41,15,RRRRRRRRRRRRLRRRLRRL,2,TRUE,0.642105263,1.484,62.00%
42,15,RRRRLRRRRRRRRRLRRRRR,2,TRUE,0.528888889,1.558666667,70.00%
43,15,RRRRRRRRRRRRRRLRRRRR,2,TRUE,0.721212121,1.437333333,56.00%
44,15,RRRRRRRRRRRRLRRRRRRR,2,TRUE,0.724444444,1.234666667,40.00%
45,15,RRRRRRRLRRLRRRRRRRRR,2,TRUE,0.633699634,1.28952381,48.00%
46,15,RRRRRRRRRRRRRRLRRRRR,2,TRUE,0.736796537,1.444190476,56.00%
47,15,RRRRRRRRRRRRRRLRRRRR,2,TRUE,0.761597542,1.232190476,38.00%
48,15,RRRRRRRRRLRRRRLRRRRR,2,TRUE,0.672108844,1.256380952,44.00%
49,15,RRRRRRRRRRRRRRLRRRLR,2,TRUE,0.696392496,1.426412698,56.00%
50,15,RRRRRRRRRRRRRRRRRLRR,2,TRUE,0.660770975,1.43752381,58.00%
51,15,RRRRRRRLRRRRLRRRRRRR,2,TRUE,0.847619048,1.677333333,72.00%
52,15,RRRRRRRRRRLRRRRRRLRR,2,TRUE,0.679761905,1.57752381,68.00%
53,15,RRRRRRRLRRRRLRRRRRRL,2,TRUE,0.741666667,1.597333333,68.00%
54,15,RRRRRRLRRRLRRRRRRRRR,2,TRUE,0.784615385,1.684,74.00%
55,15,RRRRRRRRRRRRRRRRRRRR,2,TRUE,0.695238095,1.686857143,76.00%
56,15,RRRRRRRRRRRLRRRRRRRR,2,TRUE,0.904761905,1.846666667,86.00%
57,15,RRLRRRRRRRRRRLRRRRRL,2,TRUE,0.594805195,1.690857143,78.00%
58,15,RRRRRRRLRRRRRRRRRRRL,2,TRUE,0.702857143,1.610857143,70.00%
59,15,RRLRRRRRRRRRRRRRRRRR,2,TRUE,0.702255639,1.506857143,62.00%
60,15,RRRRRRRLRRRRRRRRRRRR,2,TRUE,0.654603175,1.596380952,70.00%
61,15,RRRRRRRRRRRRRLRRRRRR,2,TRUE,0.748917749,1.44952381,56.00%
62,15,RRLRRRRRRRRRRRRRRRRR,2,TRUE,0.6,1.608,72.00%
63,15,RRLRRRRRRRRRRRRRRRRR,2,TRUE,0.614814815,1.750666667,82.00%
64,15,RRRRRRRRRRLRLRRRRRRR,2,TRUE,0.677192982,1.497333333,62.00%
65,15,RRRRRRRRRRLRLRRRRRRR,2,TRUE,0.63030303,1.397333333,56.00%
66,15,RRLRRRRRRRRRRRRRLRRR,2,TRUE,0.478787879,1.330666667,56.00%
67,15,RRLRRRRRRRRRRRRRRRRR,2,TRUE,0.651282051,1.649333333,74.00%
68,15,RRRRLRRRRRRRRRRRLRRR,2,TRUE,0.564444444,1.569333333,70.00%
69,15,RRRRRRLRRRRRRRLRRRRR,2,TRUE,0.939393939,1.766666667,78.00%
70,15,RRRRRRRRRRRRRRRRRRRR,2,TRUE,0.623931624,1.642222222,74.00%
71,15,RRLRRRRLRRRRRRRRRRRR,2,TRUE,0.569230769,1.628,74.00%
72,15,RRRRRRRRLRRRRRRRRLRR,2,TRUE,0.572789116,1.800190476,86.00%
73,15,RRRRRRRRLRRRRRRRRRRR,2,TRUE,0.76,1.628,70.00%
74,15,RRRRRRRRRRRRRRRRRRRL,2,TRUE,0.784615385,1.684,74.00%
75,15,RLRRRRRRRRRRRRRRRRRL,2,TRUE,0.866666667,1.773333333,80.00%
76,15,RRRRRRRRLRRRRRLRRRRR,2,TRUE,0.822222222,1.717333333,76.00%
77,15,RRRRRRRRLRRRRLRRRRRR,2,TRUE,0.619047619,1.779047619,84.00%
78,15,RLRRRRRRRLRRRRRRRRRR,2,TRUE,0.630769231,1.644,74.00%
79,15,RRRRRRRRLRRRRRRLRRRR,2,TRUE,0.8,1.76,80.00%
80,15,RRRRRRLRLRRRRRRRRRRR,2,TRUE,0.818181818,1.74,78.00%
81,15,RRRRRRLRLRRRRRRRRRRR,2,TRUE,0.777777778,1.706666667,76.00%
82,15,RRRRRRRRRRRRRRRRRRRR,2,TRUE,0.511111111,1.642666667,76.00%
83,15,RRLRRRRRRRRRRLRRRRRR,2,TRUE,0.853333333,1.770666667,80.00%
84,15,RRRLRRRRRRRRRRRRRRRR,2,TRUE,0.733333333,1.594666667,68.00%
85,15,RRRRRRRRRRLRRRRLRRRR,2,TRUE,0.476377218,1.481968254,66.00%
86,15,RRRRRRRRRRRRRRRLRRRL,2,TRUE,0.813333333,1.644,70.00%
87,15,RRRRRRRRRRRRRLRRRRRR,2,TRUE,0.549579832,1.506857143,66.00%
88,15,LRRRRRRRRRRRRRLRRRRR,2,TRUE,0.747368421,1.524,62.00%
89,15,RRRRRRRRRRRRRRLRRRRR,2,TRUE,0.717647059,1.564,66.00%
90,15,RRRLRRRRRRRRRRRRRRRR,2,TRUE,0.783809524,1.51352381,60.00%
91,15,LRRRRRRRRRRRRRRRRRRR,2,TRUE,0.65047619,1.460190476,60.00%
92,15,RRRRRRRRRRRLRRRRRRLR,2,TRUE,0.704575163,1.559555556,66.00%
93,15,RRRRRRRRRLRRRRRRRRRR,2,TRUE,0.697435897,1.322666667,48.00%
94,15,RRRLRRRRRRRRRRRRRLLR,2,TRUE,0.594444444,1.550222222,68.00%
95,15,RRRRRRRRRRRLRRRRRRRR,2,TRUE,0.81754386,1.550666667,62.00%
96,15,RRRLRRRRRRRRRRRRRLRR,2,TRUE,0.64,1.456,60.00%
97,15,RRRLRRRRRRLRRRRRRRRR,2,TRUE,0.622857143,1.586857143,70.00%
98,15,RRRRRRRRRRRLLRRRRRRR,2,TRUE,0.633333333,1.562666667,68.00%
99,15,RRRRRRRRRRRRRRRRRLRR,2,TRUE,0.740350877,1.521333333,62.00%
100,15,RRRRRRRRRRRRRRRRRLRR,2,TRUE,0.78245614,1.537333333,62.00%
101,15,RRRRRRRRRRLRRRRRRLRR,2,TRUE,0.715047619,1.35752381,50.00%
102,15,RRRRRRRRRRRRLRRRRLRR,2,TRUE,0.622222222,1.504,64.00%
103,15,RRRRRRRLRRRRRRRRRLLR,2,TRUE,0.654545455,1.408,56.00%
104,15,RRRRRRLRRRLRRRRRRRRL,2,TRUE,0.65,1.352,52.00%
105,15,RRRRRRRRRRRRRRRRRLRR,2,TRUE,0.673333333,1.469333333,60.00%
106,15,RRRRRRRLRRRRRRRRRRRR,2,TRUE,0.541798942,1.475047619,64.00%
107,15,RLRRRRRRRRRRRRRRRLRR,2,TRUE,0.646376812,1.377333333,54.00%
108,15,RRRRRRRRRRRRLRRRRRRR,2,TRUE,0.386394558,1.548190476,72.00%
109,15,RRRRRRRRRRRRRRRRRRLL,2,TRUE,0.647619048,1.621333333,72.00%
110,15,RRRRRRRRRRLRRRRRRRRR,2,TRUE,0.733333333,1.670666667,74.00%
111,15,RRRRRRRRRLRRRRRRRLRR,2,TRUE,0.65047619,1.460190476,60.00%
112,15,LRRRRRRRRRRRRRRRRRRR,2,TRUE,0.78487395,1.586857143,66.00%
113,15,RRRRRRRRRLRRRRRRRLRR,2,TRUE,0.62962963,1.588888889,70.00%
114,15,RRRRRRRRRRRRRRLRRLRR,2,TRUE,0.7,1.688,76.00%
115,15,RRRRRRRRRRRRRRRRRRRR,2,TRUE,0.733333333,1.62,70.00%
116,15,RRRRRRRRRRRRRRRRLLRR,2,TRUE,0.68,1.604,70.00%
117,15,RRRRRRLRRRRRRLRRRRRL,2,TRUE,0.533968254,1.560190476,70.00%
118,15,RRRRRRRRRRLRRRRRRRRR,2,TRUE,0.615584416,1.390857143,56.00%
119,15,RRRRRRRRRRRRRRRRRLRL,2,TRUE,0.725490196,1.566666667,66.00%
120,15,RRRRRRRRRRRRRRLRLRRR,2,TRUE,0.606349206,1.414666667,58.00%
121,15,RRRRRRLRRLRRRRRRRRRR,2,TRUE,0.578412698,1.57352381,70.00%
122,15,RRRRRRRRRRRRRRRLRLRL,2,TRUE,0.616666667,1.557333333,68.00%
123,15,RRRRRRLRRRRRRRRRRRRR,2,TRUE,0.557422969,1.50952381,66.00%
124,15,RRRRRRLRRRRRRRRRRRRR,2,TRUE,0.722902494,1.642412698,72.00%
125,15,RRRRRRLRRRRRRRRRRRLR,2,TRUE,0.813333333,1.644,70.00%
126,15,RRRRRRLRRRLRRRRRRRRL,2,TRUE,0.733333333,1.721333333,78.00%
127,15,RRRRRRLRRRRRRRRRRRRR,2,TRUE,0.733333333,1.62,70.00%
128,15,RRRRRRLRRRRRRRRRLRRR,2,TRUE,0.458333333,1.506666667,68.00%
129,15,RRRRRRRRRRRRRRRLRRLR,2,TRUE,0.671111111,1.601333333,70.00%
130,15,RRRRRRLRRRRRRRRRRRRL,2,TRUE,0.742857143,1.648,72.00%
131,15,RRRRRRLRRRRRRRRLRRRR,2,TRUE,0.609876543,1.499555556,64.00%
132,15,RRRRRRRRRRRRRRRRRRRL,2,TRUE,0.733333333,1.518666667,62.00%
133,15,RRRRRRLRLRRRRRRRRRRR,2,TRUE,0.634285714,1.726857143,80.00%
134,15,RRRRRRLLRRRRRRRRRRRR,2,TRUE,0.861111111,1.635555556,68.00%
135,15,RRRRRRLRRRRRRRRRRRRR,2,TRUE,0.781333333,1.390666667,50.00%
136,15,RRRRRRLLRRRRRRRRRRRR,2,TRUE,0.655172414,1.22,42.00%
137,15,RRRLRRRRRRRRRRLRRRRR,2,TRUE,0.722666667,1.361333333,50.00%
138,15,RRRRRRRRLRRRRRRLRRRR,2,TRUE,0.705050505,1.145333333,34.00%
139,15,RRRRLRRRRRRRRRRRRRRR,2,TRUE,0.761111111,1.405333333,52.00%
140,15,RRRLRRLRRRRRRRRRRRRR,2,TRUE,0.684848485,1.421333333,56.00%
141,15,RRRLRRRRRLRRRRRRRRRR,2,TRUE,0.686956522,1.396,54.00%
142,15,RRRRRRRRRRLRLRRRRRRL,2,TRUE,0.632,1.316,50.00%
143,15,RRRRRRLRLRRRRRRRRRRR,2,TRUE,0.582608696,1.348,54.00%
144,15,RRRRLRRRRRRRRRRLRRRR,2,TRUE,0.600828157,1.356380952,54.00%
145,15,RRRRRLRRRRRRRRRRRLRR,2,TRUE,0.623529412,1.532,66.00%
146,15,RRRRRRRRRRLRRRRRRRRR,2,TRUE,0.835294118,1.604,66.00%
147,15,RLRRRRLRRRRRRRRRRRRR,2,TRUE,0.733333333,1.594666667,68.00%
148,15,RRRLRRRRRRLRRRRRRRRR,2,TRUE,0.641666667,1.565333333,68.00%
149,15,RRRRRRRRRRRLRRRRRRRR,2,TRUE,0.703703704,1.533333333,64.00%
150,15,RRRRRRRRLRRRRRRRRRLR,2,TRUE,0.791666667,1.613333333,68.00%
151,15,RRRRRRRRLRRLRRRRRRRR,2,TRUE,0.458823529,1.476,66.00%
152,15,LRRRRRRRRRRRRRRRRLRR,2,TRUE,0.784615385,1.684,74.00%
153,15,RRRRRRRRRRRLRRRRRRRR,2,TRUE,0.591111111,1.577333333,70.00%
154,15,RRRRRRRRRRRRRRRLRRRR,2,TRUE,0.625120773,1.367555556,54.00%
155,15,RRRLRRLRRRRRRRRRRRRL,2,TRUE,0.593333333,1.437333333,60.00%
156,15,RRRRRRLRRRLRRRRRRRRR,2,TRUE,0.762358277,1.480190476,58.00%
157,15,RRRRRRRRRRLRRRRLRRRR,2,TRUE,0.701960784,1.558666667,66.00%
158,15,RRRLRRRRRRRRRRRRRRRR,2,TRUE,0.654421769,1.434857143,58.00%
159,15,RRRRRRRRRRLRRLRRRRRR,2,TRUE,0.688888889,1.528,64.00%
160,15,RRRRRRRLRRRRRRRRRRRR,2,TRUE,0.726984127,1.465333333,58.00%
161,15,RRRRRRRRRRRRRRRLLRRL,2,TRUE,0.634013605,1.61752381,72.00%
162,15,RRRRRRRRRRLLRRRRRRRL,2,TRUE,0.517460317,1.644190476,76.00%
163,15,RRRRRRRRRRLRRRRRRRRL,2,TRUE,0.714285714,1.82,86.00%
164,15,RRRRRRRRRRRRRLRRRRRR,2,TRUE,0.575,1.544,68.00%
165,15,RRRRRRRRRRRRRLLRRRRL,2,TRUE,0.497142857,1.398857143,60.00%
166,15,RRRRRRRRRRRRRRRRRRRR,2,TRUE,0.608333333,1.554666667,68.00%
167,15,LRRRRRRRRLRRRRRRRRRL,2,TRUE,0.605860806,1.63752381,74.00%
168,15,RRRRRRRLRRRRRRRRRRRR,2,TRUE,0.684848485,1.710666667,78.00%
169,15,RRRRRRRRRLRRRRRRRRRL,2,TRUE,0.75,1.6,68.00%
170,15,RRRRRRRRRLRRRLRRRRRR,2,TRUE,0.659259259,1.517333333,64.00%
171,15,RRRRRLRRRLRRRRRRRRRR,2,TRUE,0.733333333,1.468,58.00%
172,15,RRRLRRRRRRRRRRRRRRRL,2,TRUE,0.438548753,1.344190476,58.00%
173,15,RRRRLRRRRRLRRRRRRRRL,2,TRUE,0.777777778,1.706666667,76.00%
174,15,RRRRLRRRRRRRRRRRRRLR,2,TRUE,0.825641026,1.694666667,74.00%
175,15,RRRRRRRRRLRRRRRRRRRR,2,TRUE,0.657142857,1.624,72.00%
176,15,RRRRRRRRRLLRRRRRRRRL,2,TRUE,0.49047619,1.396190476,60.00%
177,15,RRRRRRRRRRRRRRRRRRLR,2,TRUE,0.463095238,1.508190476,68.00%
178,15,RRRRRRRRRRLRRRRRRRRL,2,TRUE,0.436190476,1.530857143,70.00%
179,15,LRRRRRRRRRRRRRRRRRLR,2,TRUE,0.647619048,1.459047619,60.00%
180,15,RRRRRRRRRRRRRRRRRRRR,2,TRUE,0.646666667,1.458666667,60.00%
181,15,RRRRRRRRRRRRRRRRRRRR,2,TRUE,0.587301587,1.406666667,58.00%
182,15,LRRRRRRRRRRRRRRRRRRR,2,TRUE,0.725925926,1.541333333,64.00%
183,15,RRRRRRRLRRRLRRRRRRRR,2,TRUE,0.733333333,1.594666667,68.00%
184,15,RRRLRRRRLRRRRRRRRRRR,2,TRUE,0.734285714,1.493714286,60.00%
185,15,RRRRRRRRRRLRRRRRRLLR,2,TRUE,0.62962963,1.506666667,64.00%
186,15,RRRRRRRRRRRRRRRRRRLL,2,TRUE,0.64,1.728,80.00%
187,15,RRRRRRRRRRRRRRRRRLLR,2,TRUE,0.415384615,1.588,74.00%
188,15,RRRRRRRRRRRRRRRRRLLR,2,TRUE,0.551515152,1.681333333,78.00%
189,15,RRRRRRRRRRRRRRRLRRRL,2,TRUE,0.503296703,1.610857143,74.00%
190,15,RRRLRRRRRRRRRRRRRLLR,2,TRUE,0.623529412,1.532,66.00%
191,15,RRRRRRRRRRRRRRRRRRLR,2,TRUE,0.576870748,1.60152381,72.00%
192,15,RRLRRRRRRRRRRRRLRRRL,2,TRUE,0.666666667,1.68,76.00%
193,15,RRRRRRRRRRRRRRRRRRLR,2,TRUE,0.784615385,1.684,74.00%
194,15,RRLRRRRRRRRRRRRRRRRR,2,TRUE,0.724444444,1.617333333,70.00%
195,15,RRRRRRRRRRRRRLLRRRRL,2,TRUE,0.768888889,1.630666667,70.00%
196,15,RRRRRRRRRRRRRRLRLRRR,2,TRUE,0.565266106,1.512190476,66.00%
197,15,RRRRRRLRRRRRRRRRRRRR,2,TRUE,0.711111111,1.690666667,76.00%
198,15,RRRRRRRRRLRRRRRRRLRR,2,TRUE,0.693333333,1.477333333,60.00%
199,15,RRRRRRRRRRRRRRRRRLRR,2,TRUE,0.647619048,1.621333333,72.00%
200,15,RRRRRRRLRRRRRRRRLRRR,2,TRUE,0.647619048,1.621333333,72.00%
,,,,,,,
First generation where best rat ate the cheese: 8,,,,,,,
