Population Size,Life Span,Max Generations,Maze Size,,,,
50,25,200,30,,,,
,,,,,,,
Current Generation,Best Rat's Starting Position,Best DNA,Best Fitness Score,Best Reached Goal,Average Fitness Score (No Winners),Average Fitness Score(Winner Inclusive),% Pop Reached Goal
1,15,RRLRLRRRRLRRRLRRLRLRRLRRR,0.25,FALSE,0.083874459,0.083874459,0.00%
2,15,RRLRRRRRRRRRRLRLRRRLRLLLR,0.25,FALSE,0.090604618,0.090604618,0.00%
3,15,RRLRRRRRRRRRRLRLRRRLRLRRR,2,TRUE,0.092339577,0.130492785,2.00%
4,15,RRLRRRRRRRRRRLRRLLRRRRRRL,2,TRUE,0.150241938,0.298222583,8.00%
5,15,RRLRRRRRRRRRRLRLRRRLRLRRR,2,TRUE,0.300787815,0.844535714,32.00%
6,15,RRLRRRRRRRRRRLRLRRRLRLRRR,2,TRUE,0.4,1.552,72.00%
7,15,RRLRRRRRRRRRRRRLRRRLRLRRR,2,TRUE,0.391025641,1.581666667,74.00%
8,15,RLLRRRRRRRRRRRRRRRRLRLRRR,2,TRUE,0.4375,1.5625,72.00%
9,15,RRLRRRRRRRRRRLRLLRLRRRRRR,2,TRUE,0.397435897,1.583333333,74.00%
10,15,RRRRRRRRRRRRLLRLRRRLRRRLR,2,TRUE,0.4375,1.75,84.00%
11,15,RRRRRRRRRRRRRLRLRRRLRRRRR,2,TRUE,0.5,1.88,92.00%
12,15,RRRRRRRRRRLRRLRLRRRLRRRRR,2,TRUE,0.4375,1.75,84.00%
13,15,RRLRRRRRRRRRRLRLRRRLRRRRR,2,TRUE,0.354166667,1.8025,88.00%
14,15,RRRRRRRRRRRRRRRLRRRRRRRRR,2,TRUE,0.46875,1.755,84.00%
15,15,RLLLRRRRRRRRRRRLRRRRRRRRR,2,TRUE,0.40625,1.6175,76.00%
16,15,RRRRRLRRRRRRRLRLRRRLRRRRR,2,TRUE,0.425,1.685,80.00%
17,15,RRRLRRRRRRRRRLRLRLRLRRRRR,2,TRUE,0.4375,1.75,84.00%
18,15,RRRRRRRRRRLRRRRLRRRLRRRRR,2,TRUE,0.421875,1.495,68.00%
19,15,RRRRRRRRRRRRRLLRRRRRLRRRR,2,TRUE,0.44047619,1.563333333,72.00%
20,15,RRRRRRRLRLRRRLLRRRRRLRRRR,2,TRUE,0.388888889,1.613333333,76.00%
21,15,LRLRRRRRRRRRLRRRRRRRRRLRR,2,TRUE,0.1875,1.855,92.00%
22,15,RRRRRRRRRRRRRLRRRRRRRRLRR,2,TRUE,0.4375,1.875,92.00%
23,15,RRRRRRRRRRRRRRRLRRRRLLLRR,2,TRUE,0.402777778,1.808333333,88.00%
24,15,RLLRRRRRRRRRRRRLRRRLRRRRR,2,TRUE,0.402777778,1.808333333,88.00%
25,15,RLLRRRRRRRRRRLRRRRRRLRRRR,2,TRUE,0.380952381,1.773333333,86.00%
26,15,RRRRRRRLRRRRRRRRRRRLLRRRR,2,TRUE,0.416666667,1.81,88.00%
27,15,RRRRRRRRRRRRRRRRRRRLRRRRR,2,TRUE,0.427083333,1.748333333,84.00%
28,15,RLRRRRRRRRLRRLRRRRRRLRRLR,2,TRUE,0.375,1.87,92.00%
29,15,RLRRLRLRRRRRRLLRRRRRRRRRR,2,TRUE,0.327380952,1.765833333,86.00%
30,15,RRRRRRRRRRLRRLRRRRRRLRRLR,2,TRUE,0.3125,1.6625,80.00%
31,15,RRRRRRRRRRRRRLLRRRRRLRRLR,2,TRUE,0.454545455,1.66,78.00%
32,15,RLRRRLRRRRLRRLRRRRRLRRRRR,2,TRUE,0.416666667,1.778333333,86.00%
33,15,RRRRRRRRRRRRRLRRRRRRLRRRL,2,TRUE,0.356060606,1.638333333,78.00%
34,15,RLRRRRRRRRLRRRRRRRRRRLRLR,2,TRUE,0.472222222,1.725,82.00%
35,15,RRRRRRRRRRLRLLRRRRRRLRRLR,2,TRUE,0.435185185,1.718333333,82.00%
36,15,RRRRRRRRRRRRRLRRRRRLLRRRL,2,TRUE,0.408333333,1.681666667,80.00%
37,15,RRRRRRRRLRRRRLRLRRRRRRRRL,2,TRUE,0.388888889,1.613333333,76.00%
38,15,RRRRRRRRLRRRRLRLRRRRRRRLL,2,TRUE,0.4375,1.875,92.00%
39,15,RRRRRRRRLLRLRLRRRRRLRRRRR,2,TRUE,0.381410256,1.579166667,74.00%
40,15,RRRRRRRRRRRRRLRRRRLLRRRRL,2,TRUE,0.321428571,1.765,86.00%
41,15,RRRRLRRRRRLRRLRRRRRLRRLRR,2,TRUE,0.4375,1.75,84.00%
42,15,RRRRLRRRRRLRLLRRRRRLRRRRR,2,TRUE,0.416666667,1.715,82.00%
43,15,RRRRRRRRRRRRRLRRRRRLLRRRR,2,TRUE,0.458333333,1.7225,82.00%
44,15,RRRRRRRRRRLRRLRRLRRLRRRRR,2,TRUE,0.305555556,1.898333333,94.00%
45,15,RRRRLRRLRRRLRLRRRRRRRRRRR,2,TRUE,0.380952381,1.773333333,86.00%
46,15,RRRRLLRRRRRRLLRRRRRRRRRRR,2,TRUE,0.416666667,1.778333333,86.00%
47,15,RRRRRLRRRRRRRLRRRRRLRRRRR,2,TRUE,0.429487179,1.591666667,74.00%
48,15,RRRRRRRRRRRLRRRRRRRRRRRRR,2,TRUE,0.409722222,1.618333333,76.00%
49,15,LRRRRRRRRRLRRLRRRRRRRRRRL,2,TRUE,0.431818182,1.655,78.00%
50,15,RRRRRLRRRRRRRLRRRRRRRRLLR,2,TRUE,0.325,1.8325,90.00%
51,15,RRRRRRRRLRRRLRRRRRRRRRRRR,2,TRUE,0.375,1.87,92.00%
52,15,RRLRRRRRLRRRRRRRLRLLRRRRR,2,TRUE,0.375,1.935,96.00%
53,15,RLLRRRRRRRRRLRRRRRRLRRRRL,2,TRUE,0.45,1.845,90.00%
54,15,RRRRRLRRRRRRLRRRRRRRLRRLR,2,TRUE,0.4375,1.875,92.00%
55,15,RRRRRLLRRRRLRRRRRRRRRRRRR,2,TRUE,0.345238095,1.768333333,86.00%
56,15,RRRRRLRRRRLLRRLRRRRRRRRRR,2,TRUE,0.4,1.84,90.00%
57,15,LRRRRRRRLRRRRLRRRLRLRRRRR,2,TRUE,0.444444444,1.72,82.00%
58,15,RRRLRRRRRRRRLRRRRRRLRRRRR,2,TRUE,0.37745098,1.448333333,66.00%
59,15,RRRRRRRRRRRRLRRRRRRLRRRRR,2,TRUE,0.407407407,1.713333333,82.00%
60,15,RRRRRRLRRLRLRRRRRLRRLRRRR,2,TRUE,0.392857143,1.775,86.00%
61,15,RRRRRRRRRLRRLRRRRRRRRRRRL,2,TRUE,0.416666667,1.778333333,86.00%
62,15,RLRRRRLRRRRRRRRLLRRLRRRRR,2,TRUE,0.357142857,1.77,86.00%
63,15,RRRRRRRRRLRRLRRRRRRRRRRRR,2,TRUE,0.444444444,1.813333333,88.00%
64,15,RRRRRRRRRRRRRRRLLRRLRRRRR,2,TRUE,0.410714286,1.7775,86.00%
65,15,LRRRLRLRRRRRRRRLRRRLRRRRR,2,TRUE,0.416666667,1.778333333,86.00%
66,15,LRRRLRRRRLRRRRRRRRRRRRRLR,2,TRUE,0.5,1.79,86.00%
67,15,RRRRRRLRRRLLLRRRRRRRRRRRR,2,TRUE,0.402777778,1.808333333,88.00%
68,15,RRRRRRRRRLRLLRRRRRRRRRRRR,2,TRUE,0.395833333,1.8075,88.00%
69,15,LRRRRRRRRRRRLRLRRRLRRRRRR,2,TRUE,0.5,1.79,86.00%
70,15,RRRRRRRRRRRRLRRRRRLRRLRRL,2,TRUE,0.5,1.88,92.00%
71,15,LRRRRRRLRRLRRRRRRRRRRLRRR,2,TRUE,0.392857143,1.775,86.00%
72,15,RRRRRRRRRRRLLRRRLRRRLRRRR,2,TRUE,0.441666667,1.688333333,80.00%
73,15,LRRRRRRRRLRRRRRRRRRRRLRLR,2,TRUE,0.403846154,1.585,74.00%
74,15,RRRRRRRRRRRRRRRRRRRLRRLRR,2,TRUE,0.375,1.805,88.00%
75,15,RRRRRRRRLRRRRRRRRRRRRLRRL,2,TRUE,0.361111111,1.705,82.00%
76,15,RRRRRRRRRRRRLRRRRRRRLRRLL,2,TRUE,0.4375,1.625,76.00%
77,15,RRRRRRRRLRRRLRRRRRRRRLLLR,2,TRUE,0.416666667,1.683333333,80.00%
78,15,LRRRRRRRRLRLRLRRRRRRRRRRL,2,TRUE,0.403846154,1.585,74.00%
79,15,RRRRRRRRRLRRRRRRRRRRLRRRR,2,TRUE,0.333333333,1.333333333,60.00%
80,15,RRLRRRLRRRRRRRRRRRRRLRRRR,2,TRUE,0.362745098,1.443333333,66.00%
81,15,RRRRLRRRRLRRRRRRRRLLRLRRR,2,TRUE,0.346153846,1.57,74.00%
82,15,RRRRRRRRLRRLLRRRRRRRRLRLR,2,TRUE,0.46875,1.755,84.00%
83,15,RRRRLRLRRRRLRRRRRRRRRLRRR,2,TRUE,0.446969697,1.658333333,78.00%
84,15,RRRRRRRRRLRRRRRLRRRRRRLLL,2,TRUE,0.37962963,1.708333333,82.00%
85,15,RRRRRRRRLRRLLRRRRRRRRRRRR,2,TRUE,0.380952381,1.773333333,86.00%
86,15,RRRLRRRRRRRLRRRRRRRRLRRRL,2,TRUE,0.393518519,1.710833333,82.00%
87,15,RRRLRRRRRRRRRRRLLRRRRLRRR,2,TRUE,0.352272727,1.6375,78.00%
88,15,RRRRRRRRRRRRLRRLRRRRRLLRR,2,TRUE,0.321969697,1.630833333,78.00%
89,15,RRLLRRRRRRLLRRRRRRRRRLRRR,2,TRUE,0.407407407,1.713333333,82.00%
90,15,RRRLRRRRLRRLRRRRRRRRLLRRR,2,TRUE,0.409090909,1.65,78.00%
91,15,RRRRRRRRRLRLLRRRRRRRRRLLR,2,TRUE,0.427083333,1.748333333,84.00%
92,15,RRRRRRRRRRRLRRRLRRRRRRRRR,2,TRUE,0.458333333,1.815,88.00%
93,15,RRRRRRRRRRRRRRRLRRRRRLLLR,2,TRUE,0.407407407,1.713333333,82.00%
94,15,LRRLRRRRRRRLRRRRRRRRRRRRR,2,TRUE,0.431818182,1.655,78.00%
95,15,RRRRRRRRRLRLRRRRRLRRRLRRL,2,TRUE,0.379166667,1.675833333,80.00%
96,15,RRRRRRRRRRRRRRRLRRRRRLRRR,2,TRUE,0.5,1.85,90.00%
97,15,RRRLRRRRRRRRRRRLRLRRRRRLR,2,TRUE,0.392857143,1.775,86.00%
98,15,RRRLLRRRRLRRRLRRRRRRRLRRR,2,TRUE,0.416666667,1.683333333,80.00%
99,15,RRRLRRRRRLRRRRRRRRLRRRLRL,2,TRUE,0.407407407,1.713333333,82.00%
100,15,RRRLRRRRRRRRRRRRRRLRRLRLR,2,TRUE,0.424242424,1.653333333,78.00%
101,15,RRRRLRRRRRRRRLRRRRLRRLLLR,2,TRUE,0.348484848,1.636666667,78.00%
102,15,RRRRRRRRRRRRRRRRRRRRRLRLR,2,TRUE,0.45,1.845,90.00%
103,15,RRRLLRRRLRLRRRRRRRRRRLRRR,2,TRUE,0.477272727,1.665,78.00%
104,15,RRRLRRRRRRRRRLRRRRLRRLRRR,2,TRUE,0.317708333,1.730833333,84.00%
105,15,RRRLRRRRRRRRRRRRRRRRRRRRR,2,TRUE,0.361111111,1.803333333,88.00%
106,15,RRRRRRLRRRLRLRRRRLRRRRRLR,2,TRUE,0.4375,1.75,84.00%
107,15,RRRLRRRRLRRRRLRRRRRRRRRRL,2,TRUE,0.375,1.675,80.00%
108,15,RLRRRRRRRRRRRRRRRRLRRLRRL,2,TRUE,0.416666667,1.62,76.00%
109,15,RRRRRRRLRRLLLRRRRRRRRRRLR,2,TRUE,0.410714286,1.7775,86.00%
110,15,RRLRRRRRRRRRRRRRRRRRLRRRR,2,TRUE,0.427083333,1.748333333,84.00%
111,15,RRRRRRRRRRLRRRLRRLRRRRRLR,2,TRUE,0.340909091,1.635,78.00%
112,15,RRRRRRRRLRRRRRRRLRRRRRRRL,2,TRUE,0.366666667,1.673333333,80.00%
113,15,RRLRRRRRLRRRRRRRRRRRRRRLR,2,TRUE,0.4375,1.75,84.00%
114,15,RRLRRRRRRRRRRRRRRLLRLRRRR,2,TRUE,0.458333333,1.63,76.00%
115,15,RRRRRRRRRLLRRRLRRRRRRRRLR,2,TRUE,0.40625,1.745,84.00%
116,15,RRLRRRRRRRRRRRRRRRRRLRRLL,2,TRUE,0.359375,1.7375,84.00%
117,15,RLRRRRRRRRLRRRLRRRRRLRRLR,2,TRUE,0.4,1.68,80.00%
118,15,RLRRRRRRLRLRRRRRRLRRRRRLL,2,TRUE,0.397727273,1.6475,78.00%
119,15,RRLLRRRRRRRRRRRRRRRLRLRRR,2,TRUE,0.3125,1.73,84.00%
120,15,RRLRRRRRLRRRRRRRRRRRLRRLL,2,TRUE,0.45,1.845,90.00%
121,15,RRRRRRLRRRRLRRRRRRRRLRRLR,2,TRUE,0.375,1.805,88.00%
122,15,RRRRRLRRRRRRRRRRRRRLRRRLR,2,TRUE,0.316666667,1.663333333,80.00%
123,15,RRRRRRLRRRRLRLRRLRRRRLRRR,2,TRUE,0.375,1.74,84.00%
124,15,RRRRRRRLRRLRRRRRRRLRRRRRR,2,TRUE,0.347222222,1.801666667,88.00%
125,15,RRRRLLRRRRRRRLRRRRLRRRRLL,2,TRUE,0.45,1.845,90.00%
126,15,LRRRRRRRRRRRRLRRRRRRRRRLR,2,TRUE,0.284722222,1.794166667,88.00%
127,15,RRRRRRRRRRRRRRLRRRRRRRRRR,2,TRUE,0.387820513,1.580833333,74.00%
128,15,RRRRRRRRLRLRRRRLRRRRRLRRR,2,TRUE,0.381944444,1.611666667,76.00%
129,15,RRRRRRRLRRRLRRRLLRRRRLRRR,2,TRUE,0.317708333,1.730833333,84.00%
130,15,RRLRRRRRRRRRRRRRRRLRRRRRR,2,TRUE,0.314393939,1.629166667,78.00%
131,15,RRRRRRRLRRRRLLRRRRLRRRRRR,2,TRUE,0.351190476,1.538333333,72.00%
132,15,RRRRRRRLRRRRLRRRRRLRRRRRL,2,TRUE,0.288690476,1.520833333,72.00%
133,15,RRRRRRRRRRRRRRRLRRRRRRLLR,2,TRUE,0.333333333,1.466666667,68.00%
134,15,RRRRRRRLRRRRRRRLRRRRRLRRL,2,TRUE,0.323717949,1.564166667,74.00%
135,15,RRRRRRRLRRRRRLRRLRRLLRRRR,2,TRUE,0.35,1.67,80.00%
136,15,RRRRRRRLRRRRLLRRRRRRRRRRR,2,TRUE,0.428571429,1.78,86.00%
137,15,RRRLRRRLRRRRLRRRRRLRRRRRL,2,TRUE,0.375,1.74,84.00%
138,15,RLRRRRRLRRRLLRRRRRRRRLRRR,2,TRUE,0.391666667,1.678333333,80.00%
139,15,RRRLRRRLRRRRRRRRRRRRRRRLL,2,TRUE,0.363888889,1.509166667,70.00%
140,15,RRRLLRRLRRRRRRRRRRRRRRRLL,2,TRUE,0.409090909,1.65,78.00%
141,15,RRRLRRRLRRRRRRRRRRRLRRRLL,2,TRUE,0.428571429,1.78,86.00%
142,15,RRRLRRRLRRRRRRRRRRLLRRLRR,2,TRUE,0.322916667,1.731666667,84.00%
143,15,RLLRRRRLRRRRRRRRRRRRRRRRL,2,TRUE,0.316666667,1.697,82.00%
144,15,RRRRLRRRRRRRRRRRRRRLRLRRL,2,TRUE,0.37962963,1.708333333,82.00%
145,15,RLRRRLRRLRRRRLRRRRRRRRRRL,2,TRUE,0.40625,1.745,84.00%
146,15,RLLRRRRLRRRRRRRRRRRRRLRRL,2,TRUE,0.4375,1.75,84.00%
147,15,RRRLRRRRLRRRRRRRRRRLLRRLR,2,TRUE,0.391666667,1.678333333,80.00%
148,15,RLRRRRRRRRRRRRRRRRLLRRRLL,2,TRUE,0.351190476,1.538333333,72.00%
149,15,RLRRLLRRRRRRRLRRRRLRRRRRR,2,TRUE,0.371212121,1.641666667,78.00%
150,15,LRRRRRRRRRRRRRRRRRLRRRRLR,2,TRUE,0.314393939,1.629166667,78.00%
151,15,LRRRRRRRRRRRLRRRRRLLRRRRR,2,TRUE,0.30952381,1.763333333,86.00%
152,15,RLLRRRRRRRRRRRRRRRRRRRRRL,2,TRUE,0.395833333,1.8075,88.00%
153,15,LRRRRRRRRRRRRLRRRRRRRRLLR,2,TRUE,0.375,1.74,84.00%
154,15,RLRRRRRRRRRRLRRLRRRRRRRRR,2,TRUE,0.392857143,1.775,86.00%
155,15,LRRRRRRRRRRRRRLRRRRRRRRRR,2,TRUE,0.351851852,1.703333333,82.00%
156,15,RRLRRRRRRLRRRRRRRRRRRRRRR,2,TRUE,0.5,1.88,92.00%
157,15,LRRRRRRRRRRRRRRRRRRRRRLRR,2,TRUE,0.375,1.6425,78.00%
158,15,RRRRRRRRRRLRRRRRRRRRRRLRR,2,TRUE,0.418055556,1.620333333,76.00%
159,15,RRLRRRLRRRRRRRRRRRRRRRRRR,2,TRUE,0.361111111,1.803333333,88.00%
160,15,RRRRRRRLRRRRRRRRRRRRRRLRR,2,TRUE,0.428571429,1.78,86.00%
161,15,RLRRRRRRRRRRRRRLRLRRRRRRR,2,TRUE,0.5,1.94,96.00%
162,15,LRRRRRRLRRRRRRRRRLRRLRRLR,2,TRUE,0.37962963,1.708333333,82.00%
163,15,LLRRRRRRRRRRRLLRRRRRLRRRR,2,TRUE,0.409090909,1.65,78.00%
164,15,RRRRLRRLRRLRRRRRRRRRRRLRR,2,TRUE,0.40625,1.745,84.00%
165,15,RRRRRRRLRRRRRLRRRRRRRRRRR,2,TRUE,0.388888889,1.71,82.00%
166,15,RRRRRRRRRLLRRRRRRLRRRRRRR,2,TRUE,0.25,1.93,96.00%
167,15,RRRRRRRLRRRRRRRRRRRRRRRRR,2,TRUE,0.4375,1.875,92.00%
168,15,RRRRRRRLRRRLLRRRRRRRRRRLL,2,TRUE,0.4375,1.875,92.00%
169,15,LRRRRLRLRRRRLRRRRRRRRRRLR,2,TRUE,0.416666667,1.905,94.00%
170,15,RRRRLLRRRRRRRRRRLRRRRRRRR,2,TRUE,0.45,1.845,90.00%
171,15,RLRRRRRLRRRRRLRRRRRRRRRRL,2,TRUE,0.424242424,1.653333333,78.00%
172,15,RRRRRLRRRRRLRRRRRLRRRRRRL,2,TRUE,0.435185185,1.718333333,82.00%
173,15,RRRRLLRRRRRRRRRRRRRRRRRLR,2,TRUE,0.464285714,1.785,86.00%
174,15,LLRRRRRRRRRRRRRRRRRRRRRLR,2,TRUE,0.416666667,1.715,82.00%
175,15,RRLRLRRLRRRRRRRRRLRRRRRRL,2,TRUE,0.45,1.69,80.00%
176,15,RRRRLRRRRRRRRRRRRRRRRRRLR,2,TRUE,0.416666667,1.81,88.00%
177,15,RRRRLRRLRRRRRLRRRRLRRRRRR,2,TRUE,0.345238095,1.768333333,86.00%
178,15,RRRRRRLLRRRRLRRRRRRRRRRRR,2,TRUE,0.402777778,1.808333333,88.00%
179,15,RLRRRRRLRRRRLRRRRRRRRRRLR,2,TRUE,0.416666667,1.81,88.00%
180,15,RLRRRRRRRRRRLRRRRRRLRRRLR,2,TRUE,0.349358974,1.570833333,74.00%
181,15,RRRRRRLLLRRRRLRRRRLRRRRRR,2,TRUE,0.393939394,1.646666667,78.00%
182,15,RLRRRRRRRRRRLLRRRRRRLRRRR,2,TRUE,0.441666667,1.688333333,80.00%
183,15,RRRRLLRRRRRRRLRRLRRRRRRLR,2,TRUE,0.388888889,1.71,82.00%
184,15,RLRRRRRRRRLRRRRRRLRRLLRRR,2,TRUE,0.401515152,1.648333333,78.00%
185,15,RRLRRRLRRRRRRRRRRRRRRRRLR,2,TRUE,0.383333333,1.838333333,90.00%
186,15,LRRRRRRLRRLLRRRRRRRRRRRLR,2,TRUE,0.383333333,1.838333333,90.00%
187,15,RLRLRRLRRRRRRRRLRRRRRRRLR,2,TRUE,0.416666667,1.81,88.00%
188,15,LRLRRRLRRRLRRRRRRRRRRRRLR,2,TRUE,0.358333333,1.671666667,80.00%
189,15,RLRRRRRLRRRLRRRRRRRRLRRRR,2,TRUE,0.441666667,1.688333333,80.00%
190,15,RLRRRRRLRRRRLLRRRRRRRRRLR,2,TRUE,0.333333333,1.6,76.00%
191,15,RLRRRRRRLRRRLRRRRRRRRRRRR,2,TRUE,0.4375,1.625,76.00%
192,15,RLRLRRLRRRRRRRRRRRRRLRLRR,2,TRUE,0.3875,1.6775,80.00%
193,15,RRRRRRRLRRRRRRRRRRRRLRLRR,2,TRUE,0.37962963,1.708333333,82.00%
194,15,RLRRLRRRRRRRRRRRRRRRLRRLR,2,TRUE,0.296875,1.7275,84.00%
195,15,RLRLRLLRRRRRRRRRRRRRLRRRR,2,TRUE,0.375,1.805,88.00%
196,15,RRRRRRRLRRRRLRLRRRRLRRRRR,2,TRUE,0.391666667,1.678333333,80.00%
197,15,LLRRRRRLRRRRRRRRRRRRRRRRR,2,TRUE,0.364583333,1.738333333,84.00%
198,15,RRRRRLLRRRRRRRLRRRRRRRRRR,2,TRUE,0.319444444,1.798333333,88.00%
199,15,LLRRRRRLRRRRRRRRRRRLRRRRR,2,TRUE,0.380952381,1.773333333,86.00%
200,15,RRRLLRRRLLRRRRRRRRRRRRRRR,2,TRUE,0.402777778,1.808333333,88.00%
,,,,,,,
First generation where best rat ate the cheese: 3,,,,,,,
