Population Size,Life Span,Max Generations,Maze Size,,,,
10,25,200,30,,,,
,,,,,,,
Current Generation,Best Rat's Starting Position,Best DNA,Best Fitness Score,Best Reached Goal,Average Fitness Score (No Winners),Average Fitness Score(Winner Inclusive),% Pop Reached Goal
1,15,LRRRRRRLRRLRLRRRLRRLLLLRR,0.125,FALSE,0.078055556,0.078055556,0.00%
2,15,LRRRRRRLRRRLRLLRRRRLRRRLL,0.166666667,FALSE,0.103965201,0.103965201,0.00%
3,15,RRLRRRRRRLLLRRRRRRRLLLLRR,0.166666667,FALSE,0.10422619,0.10422619,0.00%
4,15,RRLRRRRRRRLRLRRRLRRLLLLRR,0.166666667,FALSE,0.120416667,0.120416667,0.00%
5,15,RRLRRRRRRRLLRRRRRRRLLLLRR,0.25,FALSE,0.134583333,0.134583333,0.00%
6,15,RRLRRRRRRRLRRRRRRRRLLLLRR,2,TRUE,0.160714286,0.344642857,10.00%
7,15,RRLRRRRRRRLRRRRRRRRLLLLRR,2,TRUE,0.197222222,0.918333333,40.00%
8,15,RRLRRRRRRRLRRRRRRRRLLLLRR,2,TRUE,0.25,1.65,80.00%
9,15,RRLRRRRRRRLRRRRRRRRLLLLRR,2,TRUE,0.25,1.825,90.00%
10,15,RRLRRRRRRRLRRRRRRRRLLLLRR,2,TRUE,0.25,1.475,70.00%
11,15,RRLRRRRRRRLRRRRRRRRLLLLRR,2,TRUE,0.222222222,1.466666667,70.00%
12,15,RRLRRRRRRRLRRRRRRRRLLLLRR,2,TRUE,0.229166667,1.291666667,60.00%
13,15,RRLRRRRRRRLRRRRRRRRLLLLRR,2,TRUE,0.25,1.65,80.00%
14,15,RRLRRRRRRRLRRRRRRRRLLLLRR,2,TRUE,0.25,1.825,90.00%
15,15,RLRLRRRRRRLRRRRRRRRRLLRRR,2,TRUE,0.285714286,0.8,30.00%
16,15,RRLRRRRRRRLRRRRRRRRRLLLRR,2,TRUE,0.357142857,0.85,30.00%
17,15,RRLRRRRRRRLRRRRRRRRRLLRRR,2,TRUE,0.375,1.025,40.00%
18,15,RRLLRRRRRRLRRRRRRRRRLLRRR,2,TRUE,0.375,1.5125,70.00%
19,15,RLLRRRRRRRLRRRRRRRRRLLRRR,2,TRUE,0.5,1.55,70.00%
20,15,RRLRRRRRRRRLRRRRLRRRLLRRR,2,TRUE,0.5,1.85,90.00%
21,15,RRLRRRRRRRLRRRRRRRRRLLRRR,2,TRUE,0.5,1.4,60.00%
22,15,RRLRRRRRRLLRRRRRRRRRLLRRR,2,TRUE,0.416666667,1.525,70.00%
23,15,RRLRRRRRRRRLRRRRRRRRLLRRR,2,TRUE,0.5,1.55,70.00%
24,15,RRLRRRRRRRRLRRRRRRRRLLRRR,2,TRUE,0.5,1.7,80.00%
25,15,RRLRRRRRRRRLRRRRRRRRLLRRR,2,TRUE,0.5,1.4,60.00%
26,15,RRLRRRRRRRRLRRRLRRRRLLRRR,2,TRUE,0.375,1.675,80.00%
27,15,RRLRRRRRRRLRRRRRRRRRLLRRR,2,TRUE,0.375,1.35,60.00%
28,15,RRLRRRRRRRRRRRRRRRRRLLRRR,2,TRUE,0.5,1.85,90.00%
29,15,LRLRRRLRRRRRRRRRRRRRLLRRR,2,TRUE,0.5,1.85,90.00%
30,15,LRLRRRRRRRRLRRRRRRRRLLRRR,2,TRUE,N/A,2,100.00%
31,15,RLLRRRLRRRRRRRRRRRRRLLRRR,2,TRUE,0.4375,1.375,60.00%
32,15,RLLRRRRRRRRRRRLRRRRRLLRRR,2,TRUE,0.388888889,1.516666667,70.00%
33,15,RRLRRRRRRRRRRLRRRRRRLRRRR,2,TRUE,0.5,1.4,60.00%
34,15,LRLLRRRRRRRLRRRRRRRRLRRRR,2,TRUE,0.375,1.675,80.00%
35,15,RLLRRRRRRRRRRRRRRRRRLRRRR,2,TRUE,0.5,1.85,90.00%
36,15,LRLLRRRRRRRLRRRRRRRRRRRRR,2,TRUE,0.5,1.85,90.00%
37,15,LLLRRRRRRRRLRRRRRRRRRRRRR,2,TRUE,0.416666667,1.525,70.00%
38,15,LLLRRRRRRRRRRRLRRRRRLRRRR,2,TRUE,0.375,1.35,60.00%
39,15,LLLRRRRRRRRRRRRRRRRRRRRLR,2,TRUE,0.375,1.675,80.00%
40,15,LRLLRRRRRRRRRRRRRRRRRRRLR,2,TRUE,0.375,1.675,80.00%
41,15,LLLRRRRRRRRRRRLRRRRRRLRRR,2,TRUE,0.5,1.55,70.00%
42,15,LRLLRRRRRRRRRRLRRRRRRLRRR,2,TRUE,N/A,2,100.00%
43,15,LLLRRRRRRRRRRRRRRRRRRLRRR,2,TRUE,0.5,1.85,90.00%
44,15,LRLLRRRRRRRRRRRRRRRRRLRRR,2,TRUE,0.375,1.675,80.00%
45,15,LRLLRRRRRRRRRRRRRLRRRLRRR,2,TRUE,0.34375,1.3375,60.00%
46,15,RRLLRRRRRLRLRRRRRRRRRLRRR,2,TRUE,0.4375,1.375,60.00%
47,15,RRLLRRRRRLRRRRRRRRRRRRRRR,2,TRUE,0.383333333,1.191666667,50.00%
48,15,RLLRRRRRRLRRRRRRRRRRLRRRR,2,TRUE,0.25,1.825,90.00%
49,15,RLLRRRRRRRRRRRRRRRRRRRRRR,2,TRUE,0.5,1.85,90.00%
50,15,LRLLRRRRRRRRRRRRRRRLRLRRR,2,TRUE,0.5,1.85,90.00%
51,15,LRLLRRRRRRRRRRRRRRRLRLRRR,2,TRUE,0.5,1.85,90.00%
52,15,LRLRRRRRRRRRRRRRRLRRRRRRR,2,TRUE,N/A,2,100.00%
53,15,RLLRRRRRRLRRRRRRRRRRRRRRR,2,TRUE,0.5,1.85,90.00%
54,15,RLLRRRRRRLRRRRRRRRRRRRRRL,2,TRUE,0.402777778,1.041666667,40.00%
55,15,RLLRRRRRRLRRRRRRRRRRRRRRR,2,TRUE,0.5,1.7,80.00%
56,15,LRLLRLRRRRRRRRRRRRRLRRRRR,2,TRUE,N/A,2,100.00%
57,15,RLLRRRRRRLRRRLRRRRRRRRRRL,2,TRUE,0.25,1.65,80.00%
58,15,RLLRRRRRRLRRRRRRRRRRRLRRL,2,TRUE,0.5,1.55,70.00%
59,15,RLLRRLRRRRRRRRRRRRLLRRRRR,2,TRUE,0.5,1.25,50.00%
60,15,RRLLRRLRRRRRRRRRRRLLRRRRR,2,TRUE,0.333333333,1.666666667,80.00%
61,15,RRLLRRLRRRRRRRRRRRLLRRRRR,2,TRUE,0.5,1.55,70.00%
62,15,RLLRRRRRLLRRRRRRLRRRRRRRR,2,TRUE,0.416666667,1.525,70.00%
63,15,RLLRRLRRRRRRRRRRRRRRRRRRL,2,TRUE,0.5,1.85,90.00%
64,15,RRLLLRRRRRRRRLRRRRRLRRRRR,2,TRUE,0.25,1.475,70.00%
65,15,RLLRRRLRRRRRRRRRRRLLRRRRR,2,TRUE,0.45,1.225,50.00%
66,15,LLLRRLRRRRRLRRRRRRRRRRRRR,2,TRUE,0.333333333,1.666666667,80.00%
67,15,RLLRRLRRRRRRRRRRRRRRRRRRR,2,TRUE,0.5,1.85,90.00%
68,15,LRRLLRRRRRRLRRRRRRRRRRRRR,2,TRUE,0.5,1.7,80.00%
69,15,RRRLLRRRRRLRRRRRRRRRRRRRR,2,TRUE,0.5,1.85,90.00%
70,15,RRRLRRRRLRRLRRRRRRRRRRRLR,2,TRUE,0.5,1.85,90.00%
71,15,LRRRLRRRRRLRRRRLRRRRRRRLL,2,TRUE,0.333333333,1.5,70.00%
72,15,RRRLLLRRRRLRRRRLRRRRRRRRR,2,TRUE,0.222222222,1.466666667,70.00%
73,15,RRRLLRRRRRLRRRRRRRRLRRRRR,2,TRUE,0.375,1.675,80.00%
74,15,RRRLRLRRRRRRRRRLRRRRRRRLL,2,TRUE,N/A,2,100.00%
75,15,RRRLRRRRLLLRRRRRRRRRRRRLL,2,TRUE,0.375,1.025,40.00%
76,15,RRRLRRRRLLLRRRRRRRRRRRRRL,2,TRUE,0.5,1.7,80.00%
77,15,RRRLRRLRRRLRRRRLRRRRRRRLR,2,TRUE,0.260416667,1.304166667,60.00%
78,15,RRRLRRLRRRLRRRRLRRRRRRRLR,2,TRUE,0.5,1.7,80.00%
79,15,RRRRRLRRRRRRLRRLRRRLRRRRL,2,TRUE,0.25,1.475,70.00%
80,15,RRRRRRRRRRRRLRLLRRRLRRRRL,2,TRUE,0.375,1.675,80.00%
81,15,RLRRRRRRLLLRRRRRRRRRRRRLL,2,TRUE,0.208333333,1.641666667,80.00%
82,15,RLRRRRRRLLLRRRRRRRRRRRRLL,2,TRUE,0.291666667,1.4875,70.00%
83,15,RRRRRRRRLRRRLRRLRRRRRRRRL,2,TRUE,0.333333333,1.5,70.00%
84,15,RLRRRLRRRRRRLRRLRRRRRRRRL,2,TRUE,N/A,2,100.00%
85,15,RRRRRLRRRRRRLRLLRRRRRRRRL,2,TRUE,N/A,2,100.00%
86,15,RRRRRRRRRRRRLRRLRRRRRRRLL,2,TRUE,0.25,1.825,90.00%
87,15,RLRRRRRRRRRRLRRLRRRRRRRLL,2,TRUE,0.375,1.675,80.00%
88,15,RRRRRLRRRRRRLRRLRRRLRRRRR,2,TRUE,0.375,1.35,60.00%
89,15,RRRRRRRRRRRRLRRLRRRRRRRLL,2,TRUE,N/A,2,100.00%
90,15,RRRRRRRRRRRRLRRLRRRRRRRRL,2,TRUE,0.25,1.825,90.00%
91,15,RLRRRRRRRRRRLRRLRLRRRRRLL,2,TRUE,0.333333333,1.5,70.00%
92,15,RRLRRRRLRRRRLRRLRRRRRRRLR,2,TRUE,0.266666667,1.133333333,50.00%
93,15,RRRRRRRRRRRRLRLLRRLRRRRRL,2,TRUE,0.354166667,1.341666667,60.00%
94,15,RLRRRRRRRRRRLRLLRRRRRRRRR,2,TRUE,0.333333333,1.5,70.00%
95,15,RRLRRRRLRRRRLRRLRRRRRRRRR,2,TRUE,0.5,1.85,90.00%
96,15,RRLRRRRRRRRRLRRLRRRRRLRRR,2,TRUE,0.5,1.55,70.00%
97,15,RRRRLRRRRRLRLRRLRRRRRRRLR,2,TRUE,0.5,1.85,90.00%
98,15,RRRRRRRRRRRRLRRLRRRRRLRRR,2,TRUE,0.5,1.85,90.00%
99,15,RRRRRRRRRRRRLRRLRLRRRLRRR,2,TRUE,N/A,2,100.00%
100,15,RRLRRRRRRRRLLRRLRRRRRRRRR,2,TRUE,0.5,1.85,90.00%
101,15,RRLLRRRRRRRRLRRLRRRRRLRRR,2,TRUE,0.5,1.55,70.00%
102,15,RRLLRRRRRRRRLRRLRRRRRLRRR,2,TRUE,0.416666667,1.525,70.00%
103,15,RRRRRRRRRRRRLRRLRLRLRRRRL,2,TRUE,0.333333333,1.5,70.00%
104,15,RRLRRRRRLRRRLRRLRRRLRRRRR,2,TRUE,0.46875,0.775,20.00%
105,15,RRLRRRRRLRRRLRRLRRRLRRRRR,2,TRUE,0.5,1.25,50.00%
106,15,RRLRRRRRRRRRLRRLRLRRRRRRR,2,TRUE,0.4,1.2,50.00%
107,15,RLLRRRRRRRRRLRRLRLRRRRRRR,2,TRUE,0.416666667,1.366666667,60.00%
108,15,RLLRRRRRRRRRLRRLRLRRRRRRR,2,TRUE,0.5,1.85,90.00%
109,15,RRLRRRRRLRRRRRLLRRRLRRRRR,2,TRUE,N/A,2,100.00%
110,15,RRLRRRRRLRRRLRRLRRRLRRRRR,2,TRUE,0.5,1.85,90.00%
111,15,RRLRRRRRRRRRLRRLRLRRRRRRR,2,TRUE,0.166666667,1.816666667,90.00%
112,15,RRLRRRRRLRRRRRRLRLRRRRRRR,2,TRUE,0.4375,1.375,60.00%
113,15,RRLRRRRRLRRRRRRLRLRRRRRRR,2,TRUE,0.333333333,1.166666667,50.00%
114,15,RRRLRRRRLRRRRRRLRLRRRRRRR,2,TRUE,0.4375,1.375,60.00%
115,15,RRLRRRRRLRRRRRRRRLRLRRRRR,2,TRUE,0.5,1.7,80.00%
116,15,RRLRRLRRLRRLRRLRRRRRRRRRR,2,TRUE,0.5,1.7,80.00%
117,15,RRLRRRRRLRRLRRLRRRRLRRRRR,2,TRUE,0.5,1.85,90.00%
118,15,RRLRRRRRLRRRRRRLRRRRRRRRR,2,TRUE,N/A,2,100.00%
119,15,RRRRRRLRLRRLRRRRRRLLRRRRR,2,TRUE,0.5,1.85,90.00%
120,15,RRLLRRRRLRRRRRRRRRLLRRRRR,2,TRUE,0.5,1.85,90.00%
121,15,RRLRRRLRLRRRRRRRLRRLRRRRR,2,TRUE,N/A,2,100.00%
122,15,RRLLRRRRLRRRRRRRRRRRRRRLR,2,TRUE,0.375,1.675,80.00%
123,15,RRLLRRLRLRRRRRRRRRRRRRRLR,2,TRUE,0.305555556,1.491666667,70.00%
124,15,RRLLRRRRLRRRRRRRRRRRRLRLR,2,TRUE,N/A,2,100.00%
125,15,RLLLRRRRRRRRRRRRRRRRRRRLR,2,TRUE,N/A,2,100.00%
126,15,RRLLRRRRRRRRRRRRRRRRRRRLR,2,TRUE,N/A,2,100.00%
127,15,RRRLRRRLLRRRRRRRRRRRRRRLL,2,TRUE,0.5,1.7,80.00%
128,15,RRRLLRRRLRRRRRRRRRRRRRRLR,2,TRUE,0.5,1.85,90.00%
129,15,RRRLRRRLRRLRRRRRRRRRRRRLR,2,TRUE,0.166666667,1.816666667,90.00%
130,15,RRRLRRRLRRRRRRRRRRRRLRRLR,2,TRUE,0.4375,1.375,60.00%
131,15,RRRLRRLRLRRRLRRRRRRRLRRRR,2,TRUE,0.354166667,1.341666667,60.00%
132,15,RRRLRRRLRRRRRRRRRRRRLLRRR,2,TRUE,0.416666667,1.366666667,60.00%
133,15,RRRLLRRLRRRRRRRRRRLRRRRLR,2,TRUE,0.416666667,1.525,70.00%
134,15,RLRLRRRLRRRRRRRRRRLRRRRLR,2,TRUE,0.4375,1.375,60.00%
135,15,RRRLRRRLRRRRRRRRRRLLRRRLR,2,TRUE,0.5,1.4,60.00%
136,15,RRRLRRRLRRRRRRRRRRLLRRRLR,2,TRUE,0.375,1.675,80.00%
137,15,RRRLRRRRRRLRRRRRRRLLRRRLR,2,TRUE,0.5,1.7,80.00%
138,15,RRRLRRRLRLRRRRRRRRLRRRRLR,2,TRUE,0.305555556,1.491666667,70.00%
139,15,RRLLRRRLRRRRRRRRRRRRLRRRR,2,TRUE,0.4375,1.375,60.00%
140,15,LRRLRRRLRRRRRRRRRRLRRRRLR,2,TRUE,0.5,1.7,80.00%
141,15,LRRLRRRLRRRRRRRRRRRRRRRLR,2,TRUE,0.5,1.7,80.00%
142,15,LRRLRRRLRRRRRRRRRRLRRRRLR,2,TRUE,0.5,1.7,80.00%
143,15,RRRLRRRLRRRRRLRRRRLRRRRLR,2,TRUE,0.416666667,1.525,70.00%
144,15,RRRLRRRLRRRRRRRRRRRLRRRLR,2,TRUE,0.5,1.55,70.00%
145,15,RRLRRRRLRRRRRRRRRRLRRRRLR,2,TRUE,0.25,1.825,90.00%
146,15,RRRLRRRLRRRRRRRRRRLRRRRLR,2,TRUE,0.5,1.85,90.00%
147,15,LRRRRLRLRRRRRRRRRRLRRRRLR,2,TRUE,0.5,1.7,80.00%
148,15,RRRLLRRLRRRRRRRRRRLRRRRLR,2,TRUE,0.5,1.85,90.00%
149,15,RRRLLRRLRRRRRRRRRRLRRRRLR,2,TRUE,0.25,1.825,90.00%
150,15,RRRLRRRLRRRRRRRRRRRRRRRLR,2,TRUE,0.5,1.85,90.00%
151,15,LRRRRLRLRRRRRRRRRRLRRRRLR,2,TRUE,0.416666667,1.525,70.00%
152,15,LRRRRLRLRRRRRRRRRRLRRRRLR,2,TRUE,0.208333333,1.641666667,80.00%
153,15,RRRLRRRLRRRRRRRRRRLRLRRLR,2,TRUE,0.416666667,1.525,70.00%
154,15,RRRLRRRLRRRRRRRRLRLRRRRLL,2,TRUE,0.5,1.85,90.00%
155,15,RRRLRLRLRRRRRRRRRRLRRRRLR,2,TRUE,0.333333333,1.5,70.00%
156,15,RRRRRLRLRRRRRRRRRRLRRRRLR,2,TRUE,0.5,1.7,80.00%
157,15,RRRLRRRLRRRRRRRRRRLRLRRLL,2,TRUE,0.3,1.15,50.00%
158,15,RRRLRRLLRRRRRRRRLRRRRRRRR,2,TRUE,0.222222222,1.466666667,70.00%
159,15,RRRLRRRLRRRRRRRRRRLRRRRRL,2,TRUE,0.25,1.825,90.00%
160,15,RRRLRRLLRRRRRRRRRRLRRRRRL,2,TRUE,0.375,1.675,80.00%
161,15,RRRRRRLRRRRRRRRRRRLRRRRRR,2,TRUE,N/A,2,100.00%
162,15,RRRRRLRLRRRRRRRRRRLRRRRRR,2,TRUE,0.5,1.55,70.00%
163,15,RRRLRRRLRRRLRRRRLRLRRRRRR,2,TRUE,0.375,1.675,80.00%
164,15,RRRRRRRRRRRRRRRRLRLLRRRLR,2,TRUE,0.25,1.825,90.00%
165,15,RRLRRLRLRRRRRRRRRRLRRRRRR,2,TRUE,0.5,1.55,70.00%
166,15,RRLRRRRLRRRRRRRRRRLLRRRRR,2,TRUE,0.5,1.85,90.00%
167,15,RRRRRRRLRRRRRRRRRRLLRRRRR,2,TRUE,0.5,1.7,80.00%
168,15,LRRRRRRRRRRRRRRRRRLLRRRRR,2,TRUE,N/A,2,100.00%
169,15,RRRRRRRLRRRRRRRRRRLLRRRRR,2,TRUE,0.5,1.85,90.00%
170,15,RRLRRRRLRRLRRRRRRRLRRRRRR,2,TRUE,0.25,1.825,90.00%
171,15,LLRRRRRLRRRRRRRRRRLLRRRRR,2,TRUE,0.5,1.7,80.00%
172,15,RLRRRRRLRRRRRRLRRRLLRRRRR,2,TRUE,0.5,1.4,60.00%
173,15,LRRRRRRLRRRRRRRRRRLLRRRRR,2,TRUE,0.402777778,1.041666667,40.00%
174,15,RRRRRRRLRRRRRRRRRRLLRRRRR,2,TRUE,0.375,1.675,80.00%
175,15,RRRRRRLRRRLRRRRRRRLRRLRRR,2,TRUE,N/A,2,100.00%
176,15,RRRRRRRRRRLRRRRRRRLLRRLRR,2,TRUE,0.5,1.55,70.00%
177,15,RRRRRRRRRRLRRRRRLRLRRLRRR,2,TRUE,0.366666667,1.51,70.00%
178,15,LRRRRRRRRRLRRRRRRRLLRRLRR,2,TRUE,N/A,2,100.00%
179,15,LRRRRRRRRRLRRRRRRRLLRRLRR,2,TRUE,0.5,1.7,80.00%
180,15,RRRRRRRLRRRRRRRRRRLLRRRRR,2,TRUE,0.5,1.55,70.00%
181,15,LRRLRRRRRRRRRRRRRRLLRLRRR,2,TRUE,N/A,2,100.00%
182,15,LRRRRRRRRRLRRRRRRRLLRRRRR,2,TRUE,0.5,1.85,90.00%
183,15,RRRRRRRLRRRRRRRRLRLRRLRRR,2,TRUE,0.375,1.35,60.00%
184,15,RRRRRRRRRRLRRRRRRRLLRLRRR,2,TRUE,0.5,1.7,80.00%
185,15,LRRRRLLRRRLRRRRRRRRLRRRRR,2,TRUE,N/A,2,100.00%
186,15,LRRRRRRLRRRRRRRRRRRLRRRRR,2,TRUE,0.416666667,1.525,70.00%
187,15,LRRRRRRLRRRRRRRRLRLRRRRRR,2,TRUE,0.375,1.675,80.00%
188,15,LRRRRRRRRRLRRRRRLRRLRRRRR,2,TRUE,0.375,1.35,60.00%
189,15,LRLRRRRLRRRRRRRRRRRLRRRRR,2,TRUE,0.5,1.85,90.00%
190,15,RRRLRRRRRRRRRRRRLRRLRRRRR,2,TRUE,0.333333333,1.5,70.00%
191,15,RRRLRRRRRRRRRLRRLRRLRRRRR,2,TRUE,0.5,1.85,90.00%
192,15,RRRLRRRRRRRRRLRRLRRLRRRRR,2,TRUE,0.5,1.85,90.00%
193,15,RRRLRRRRRRRRLRRRRRRRRRRRR,2,TRUE,0.375,1.675,80.00%
194,15,RRRRRRRRRRRRRLRRLRLLRRRRR,2,TRUE,0.4,1.2,50.00%
195,15,RRRLRRRRRRRRRRRRRRRRRRRRR,2,TRUE,0.333333333,1.5,70.00%
196,15,RRRRRRRRRRRRLLRRLRRLRRRRR,2,TRUE,0.25,1.825,90.00%
197,15,RRRRRRRRRRRRRRLRLLRLRRRRR,2,TRUE,0.375,1.675,80.00%
198,15,RRRRRRRRRRRLRLRRLRRLRRLRR,2,TRUE,0.5,1.85,90.00%
199,15,RRRLRRLRRRRRRLRRLRRLRRRRR,2,TRUE,0.375,1.675,80.00%
200,15,RRRRRRRRRRRRRLRRRRRLRRLLR,2,TRUE,0.208333333,1.641666667,80.00%
,,,,,,,
First generation where best rat ate the cheese: 6,,,,,,,
