Population Size,Life Span,Max Generations,Maze Size,,,,
20,25,200,30,,,,
,,,,,,,
Current Generation,Best Rat's Starting Position,Best DNA,Best Fitness Score,Best Reached Goal,Average Fitness Score (No Winners),Average Fitness Score(Winner Inclusive),% Pop Reached Goal
1,15,RRRRRRLRRLLLLRRRRRRRLRRLR,0.25,FALSE,0.107371934,0.107371934,0.00%
2,15,RRRRRRRRLRLRLRRRRLLRRRLRR,0.5,FALSE,0.150625,0.150625,0.00%
3,15,RRRRLRLLRRLRRRRRRRLRRRLRR,0.5,FALSE,0.180446429,0.180446429,0.00%
4,15,LRLRLLRRRRRRRRRRRRRRRRRLR,2,TRUE,0.174537037,0.357083333,10.00%
5,15,RRRRLRRRRRRRRRRRRRRRRRRLR,2,TRUE,0.194047619,0.735833333,30.00%
6,15,RLRRLRRRRRRRRRRRRRLRRRRLR,2,TRUE,0.3125,1.325,60.00%
7,15,LRLRLLRRRRRRRRRRRRRRRRRLR,2,TRUE,0.358974359,0.933333333,35.00%
8,15,LRRRLLRRRRRRRRRLRRRRRRRRR,2,TRUE,0.386111111,1.27375,55.00%
9,15,RLRRLRRRRRRRRRRRRRLRRRRLR,2,TRUE,0.416666667,1.525,70.00%
10,15,LRRRLLRRRRRRRRRRRRRRRRRLR,2,TRUE,0.375,1.675,80.00%
11,15,LRLRLRRRLRRRRRRRRRRRRRRRR,2,TRUE,0.5,1.775,85.00%
12,15,LRLRLRRRLRRRRRRRRRRRRRRRR,2,TRUE,0.416666667,1.7625,85.00%
13,15,RRRRLRRRRRRRRRRLRRRRRLRLR,2,TRUE,0.4375,1.6875,80.00%
14,15,LRRRLRRRRRRRRRRRRRRRRRRLR,2,TRUE,0.416666667,1.683333333,80.00%
15,15,LRRRLRRRLRRRRRRRRRRRRRRRR,2,TRUE,0.416666667,1.7625,85.00%
16,15,LRRRLRRRRRRRRRRLRRRRRRRLR,2,TRUE,0.5,1.85,90.00%
17,15,LRRRRRRRRRRRRRRRRRRRRRRRR,2,TRUE,0.25,1.825,90.00%
18,15,LRRRLRRRRRLRRRRLRRRRRRRLR,2,TRUE,0.5,1.85,90.00%
19,15,LRRRLRRLRRRRRRRRLRRRRRRLR,2,TRUE,0.375,1.8375,90.00%
20,15,LRRRRRRRLRRRRRRRLRRRRLRRR,2,TRUE,0.5,1.775,85.00%
21,15,LRRRLRRRLRRRRRRRRRRRRRRRR,2,TRUE,0.333333333,1.833333333,90.00%
22,15,RRRLRRRRRRRRLRRRRLRRRRRRR,2,TRUE,0.416666667,1.7625,85.00%
23,15,LRRRRRRRLRRRRRRRRRRRRRRRR,2,TRUE,N/A,2,100.00%
24,15,LRRRRRRRLRRRRRRRRLRRRRRRR,2,TRUE,0.5,1.625,75.00%
25,15,LRRRLRRLRRRRRRRRRLRRRRRRR,2,TRUE,0.333333333,1.583333333,75.00%
26,15,RRLLRRRRRRRRRRRRRRRRRRRRR,2,TRUE,0.416666667,1.7625,85.00%
27,15,RRRRRRRRLLLRRRRRRLRRRRRRR,2,TRUE,0.375,1.675,80.00%
28,15,LRRRLRRLRRRRLLRRRRRRRRRRR,2,TRUE,0.416666667,1.7625,85.00%
29,15,RRRRLRRLRRRRRRRRRRRRRRRRR,2,TRUE,0.375,1.5125,70.00%
30,15,RRRRRRRRRRRLLRRRLRLRRRRRR,2,TRUE,0.5,1.85,90.00%
31,15,RRRRLRRRRLRRLLRRRRRRRLRRR,2,TRUE,0.260416667,1.652083333,80.00%
32,15,RRRLRRRRRRRRLLRRRRRRLRRRR,2,TRUE,0.5,1.925,95.00%
33,15,RRRRRRRRRRRLRRRRRRRRLRLRR,2,TRUE,0.5,1.925,95.00%
34,15,RRRRRRRRRRRLRRRRLLRRLRRRR,2,TRUE,0.5,1.775,85.00%
35,15,RRRRRRRRRRRLRRRRRLLRLRRRR,2,TRUE,0.5,1.85,90.00%
36,15,RRRRRRRRRRRLRRRRRLLRLRRRR,2,TRUE,0.416666667,1.7625,85.00%
37,15,RRRRRRRRRRRRLRRRRRLLLRRRR,2,TRUE,0.25,1.825,90.00%
38,15,RRRLRRRRLRRLRRRRRRRRRRLRR,2,TRUE,0.4375,1.6875,80.00%
39,15,RRRLRRRRLRRLRRRRRRLRRRLRR,2,TRUE,0.375,1.675,80.00%
40,15,RRRLRLRRRRRLRRRRRRLRRRRRL,2,TRUE,0.5,1.85,90.00%
41,15,RRRRRRRRRRRLLRRRRRLRRRRRR,2,TRUE,0.34375,1.66875,80.00%
42,15,RRRRRRRRRLRRRRRRRRRRRRLRR,2,TRUE,0.354166667,1.670833333,80.00%
43,15,RRRRRRLLLRRRLRRRRRLRRRRRR,2,TRUE,0.25,1.9125,95.00%
44,15,RRRRRRRRRRRLLLRRRRLRRRRRR,2,TRUE,0.305555556,1.745833333,85.00%
45,15,RRRRRRRLRRRLLRRRRRLRRRRRR,2,TRUE,0.25,1.9125,95.00%
46,15,RRRRRLLLRRRRLRRRRRRRRRRRR,2,TRUE,0.5,1.85,90.00%
47,15,RRRRRRRRRRRRRRRLRRRRRLRRR,2,TRUE,0.5,1.775,85.00%
48,15,RRRRRRRRRRRRRRRLRRRRRLRRR,2,TRUE,0.458333333,1.5375,70.00%
49,15,RRRRRRRRRRRRRRRLRRRRRRLRR,2,TRUE,0.25,1.9125,95.00%
50,15,RRRRRLRRRRRLRRRLRRRRRRRRR,2,TRUE,0.5,1.85,90.00%
51,15,RRRRRRLLRRRRLRRRRRRRRRLRR,2,TRUE,0.5,1.925,95.00%
52,15,RRRRRRLLRRRRRRRLLRRRRRLRR,2,TRUE,0.5,1.925,95.00%
53,15,RRRRRLRRRRRLLRRRRRRRRRRRR,2,TRUE,0.4375,1.6875,80.00%
54,15,RRRRRLRLRRRRLRRRRRRRRRRRR,2,TRUE,0.5,1.775,85.00%
55,15,RRRLRRRRRRRRRRRLLRRRRLRRR,2,TRUE,0.5,1.775,85.00%
56,15,RRRRRLRLRRRRRRRRRRRRRRRRR,2,TRUE,0.4375,1.6875,80.00%
57,15,RRRRRRLLRRRRLRRRRRRRRRRRR,2,TRUE,0.5,1.925,95.00%
58,15,RLRRRLRRRRRRRRRRRRRRRRRRR,2,TRUE,N/A,2,100.00%
59,15,RRRRRLRLRRRRRRRRRLRRLRLRR,2,TRUE,0.375,1.8375,90.00%
60,15,RRRRRLRLRRRRRRRRRRRRRLLRL,2,TRUE,0.388888889,1.758333333,85.00%
61,15,RRRRRRLRRRRRRRRLRRRRRRRRR,2,TRUE,0.416666667,1.7625,85.00%
62,15,RRRRRRLRRRRRRRRRRRRRRLRRR,2,TRUE,0.5,1.925,95.00%
63,15,RRRRRLRRRRRRRRRRRRRRRRRRR,2,TRUE,0.25,1.9125,95.00%
64,15,RRRRRLRRRRRRRRRLRRRRRLRRL,2,TRUE,0.333333333,1.75,85.00%
65,15,RLRRRLRLRRRRRRRRRRRRRLLRR,2,TRUE,0.375,1.8375,90.00%
66,15,RRRRRLRLRRRRRRRRRRRRLRRRR,2,TRUE,0.5,1.775,85.00%
67,15,RRRRRLRLRRRRRRRRRRRLLRRRR,2,TRUE,0.5,1.85,90.00%
68,15,RRRRRRLRRRRRRRRRRRRRRLLRR,2,TRUE,0.25,1.825,90.00%
69,15,RLRLRRRRRRRRRRRRRRRRRLRRR,2,TRUE,0.388888889,1.758333333,85.00%
70,15,RLRLRRRRRRRRRRLRRRRRRRRLR,2,TRUE,0.5,1.925,95.00%
71,15,RLRRRRRRRRLRRLRRRRRRRRRLR,2,TRUE,0.5,1.925,95.00%
72,15,RLLLRRRRRRRRRRLRRRRRRLRRR,2,TRUE,N/A,2,100.00%
73,15,LRRRRRRLRRRRRLRRRRRRRRRRR,2,TRUE,0.5,1.85,90.00%
74,15,RRRLRLRLRRRRRRRLRRRRRLRRR,2,TRUE,0.5,1.775,85.00%
75,15,RLRRRRRRRRRRRRRRRRRRRLRRR,2,TRUE,0.5,1.925,95.00%
76,15,RLLLRRRRRRRRRRRRRRRRRRRRR,2,TRUE,0.5,1.775,85.00%
77,15,RLRRRRRLRRRRRRRRRRRRRLRRL,2,TRUE,0.375,1.8375,90.00%
78,15,RLRRRRRLRRRRRRRRRRLRRRRRR,2,TRUE,0.222222222,1.733333333,85.00%
79,15,RLRRRRLLRLRRRRRRRRRRRRRRR,2,TRUE,0.208333333,1.820833333,90.00%
80,15,RLRRRRRRRRRRRRLRRRRLLLRRR,2,TRUE,0.5,1.85,90.00%
81,15,RRRRRRRLRRRRRRRRRRRLRLRRR,2,TRUE,0.333333333,1.833333333,90.00%
82,15,RRRRRLRLRRRRRRRRRRRRRLRRR,2,TRUE,N/A,2,100.00%
83,15,RRRRRRRLRRRRRRRRRRRRRLRRR,2,TRUE,0.5,1.925,95.00%
84,15,RLRLRRRLRRRRRRRRRRRRRRRRR,2,TRUE,0.4375,1.6875,80.00%
85,15,RRRRRRRLRLRRRRRLRRLRRRRRL,2,TRUE,0.4375,1.6875,80.00%
86,15,LLRLRRRRRRRRRRRRRRRRRRRRR,2,TRUE,0.208333333,1.820833333,90.00%
87,15,RLRRRRRRRRRRRRRRRRRRRLRRR,2,TRUE,0.428571429,1.45,65.00%
88,15,RLRLRRRLRRRRRRRRRRLRRLRRR,2,TRUE,0.416666667,1.525,70.00%
89,15,RLRLRRRRRRRRRRRRRRRRRRRRL,2,TRUE,0.305555556,1.745833333,85.00%
90,15,RLRRRRRRRRRRRRRRRLLRRRRRR,2,TRUE,0.5,1.85,90.00%
91,15,LRRRLRRRLRLRRRRRRLRRRRRRR,2,TRUE,0.5,1.85,90.00%
92,15,RRRRRRRRRRRRRRRRRRLRRRRRR,2,TRUE,0.383333333,1.595833333,75.00%
93,15,RLRRRRRRRRRRRRRRRRLRRLRRR,2,TRUE,0.375,1.8375,90.00%
94,15,RLRRRRRLLRRRRRRRRLRRRRRLR,2,TRUE,0.5,1.85,90.00%
95,15,RLRRRLRRLRRRRRRRRLRRRRRLR,2,TRUE,0.4375,1.6875,80.00%
96,15,RLRRRLRRRRRRRRRRRLRRRLRLR,2,TRUE,0.407407407,1.283333333,55.00%
97,15,RRRLRLRLRRRRRRRRRRRLLRRRR,2,TRUE,0.407407407,1.283333333,55.00%
98,15,RRRLRLRRRRLRRRRRRRRLLRRRR,2,TRUE,0.383333333,1.595833333,75.00%
99,15,RLRRRLLRRRRRRRRRRLRRLRRRR,2,TRUE,0.35,1.5875,75.00%
100,15,RRRRRLRLRRRRRRRRRLLLRRRRR,2,TRUE,0.395833333,1.358333333,60.00%
101,15,RRRRRLRRRRRRRLRRRLRRRRRRR,2,TRUE,0.428571429,1.45,65.00%
102,15,RLRRLLRRRRRRRRRRRLRRRRRRR,2,TRUE,0.5,1.85,90.00%
103,15,RRRRLLRLRRRRRRRRRRRLLRRRR,2,TRUE,0.305555556,1.745833333,85.00%
104,15,RLRRRLRRRRRRRLRRRLRRRLRRR,2,TRUE,0.375,1.43125,65.00%
105,15,RLRRRLRRRRRRLRRRRRRRRRRRR,2,TRUE,0.4375,1.6875,80.00%
106,15,RRRRRLRLRRRRRRRRRRRLLRRRR,2,TRUE,0.392857143,1.4375,65.00%
107,15,RRRRRLRLRRRRRRRRRRRLLRRRR,2,TRUE,0.464285714,1.4625,65.00%
108,15,RRRRRLRRRRRRLLRRLRRRRRRRR,2,TRUE,0.25,1.9125,95.00%
109,15,RRRRRLRRRRRRRLRRRLRLRRRRR,2,TRUE,0.305555556,1.745833333,85.00%
110,15,RRRRRLRRRRRRRLRRRRRRRRLRR,2,TRUE,0.5,1.925,95.00%
111,15,RRRRRLRRRRRRLLRRRRRLRRRRR,2,TRUE,0.395833333,1.51875,70.00%
112,15,RRRRRLRRRRRRLLRRRRRLRRRRR,2,TRUE,0.45,1.6125,75.00%
113,15,RRRRRLRRRRRRRLRRRLRLRRRRR,2,TRUE,0.45,1.6125,75.00%
114,15,RLRRRLRRRRRRLLRRRRRLRRRRR,2,TRUE,0.5,1.925,95.00%
115,15,RRRRRLRRLRRRRLRRRLRRRRRLR,2,TRUE,0.395833333,1.358333333,60.00%
116,15,RRRRRLRRRRRRLLRRRRRLRRRRR,2,TRUE,0.37962963,1.270833333,55.00%
117,15,RRRRRLRRRRRLRRRRRLRLRRRRR,2,TRUE,0.5,1.625,75.00%
118,15,RRRRRRRRLRRRRLRRRRRLRRRRR,2,TRUE,0.392857143,1.4375,65.00%
119,15,RRRRRLRRRRRLLLRRRRRLRRRRR,2,TRUE,0.45,1.6125,75.00%
120,15,RRRLRLRRLRRRRRRRRLRLRRRRR,2,TRUE,0.4375,1.6875,80.00%
121,15,RLRRRLRRRRRRLLRRRRRLRRRRR,2,TRUE,0.375,1.8375,90.00%
122,15,RRRRRLRRRRRRLLRRRRRRRRLRR,2,TRUE,0.45,1.6125,75.00%
123,15,RRRRRLRRRRRRLLRRRRRLRRRRR,2,TRUE,0.375,1.5125,70.00%
124,15,RRRRRLRRRRRLRRRRRRLLRRRRR,2,TRUE,0.425,1.2125,50.00%
125,15,RRRRRLRRRRRLRRRRRRLLRRRRR,2,TRUE,0.392857143,1.4375,65.00%
126,15,RRRLRLRRRLRRRLRRRRRLRRRRR,2,TRUE,0.34375,1.3375,60.00%
127,15,RRRLRLRRRRRRLLRRRRRRRRRLR,2,TRUE,0.458333333,1.5375,70.00%
128,15,RRRRRLRLRRLRRRRRRRRRRRRLR,2,TRUE,0.404761905,1.441666667,65.00%
129,15,RRRRRLRRRRLRLRRRRRRRRRRRR,2,TRUE,0.5,1.775,85.00%
130,15,LRRLRLRRRRRRRRRRRRLLRRRRR,2,TRUE,0.45,1.6125,75.00%
131,15,RRRRRLRLRRRRLRRRRLRRRRRRR,2,TRUE,0.5,1.775,85.00%
132,15,RRRLRRRRRRRLLRRRRRRRRRRRR,2,TRUE,0.5,1.925,95.00%
133,15,RRRRRLRLRRLRLRRRRRRRRRRRR,2,TRUE,0.402777778,1.520833333,70.00%
134,15,RRRRRLRRRRRLLRRRRRRRRRRRR,2,TRUE,0.416666667,1.7625,85.00%
135,15,RLRRRLRRRRRLRRRRRLRRRRRRR,2,TRUE,0.5,1.85,90.00%
136,15,RRRRRLRRRLRRLRLRRLRRRRRRR,2,TRUE,0.1875,1.45625,70.00%
137,15,RLRRRLRRRRRRRRRRRLRRRRRLL,2,TRUE,0.333333333,1.583333333,75.00%
138,15,RRRRRLRRRRRLRRRRRLRRRRRLL,2,TRUE,0.25,1.825,90.00%
139,15,RLLRRLRRRRRRLRLRRRRRRRRRR,2,TRUE,0.361111111,1.508333333,70.00%
140,15,RRRRRRRRRRRLRRRRRRLLRRRRR,2,TRUE,0.416666667,1.525,70.00%
141,15,RRRRLLRRRRRRRRRRRLRRRRRLL,2,TRUE,0.416666667,1.7625,85.00%
142,15,RLRRRLRRRRRLRRRRRRRRRRLRR,2,TRUE,0.375,1.8375,90.00%
143,15,RLRRRRRRRRRRRRRRRLRRRRRLL,2,TRUE,0.383333333,1.595833333,75.00%
144,15,RLRRRRRRRRLLLRLRRRRRRRRRR,2,TRUE,0.260416667,1.652083333,80.00%
145,15,RLRRRRRRRRRRLRRRRRRRRRRRL,2,TRUE,0.416666667,1.683333333,80.00%
146,15,RLRRRRRRRRRRLLRRRRRRRRRRR,2,TRUE,0.4375,1.6875,80.00%
147,15,RLRRRLRRRRRRLRLRRRRRRRRRR,2,TRUE,0.402777778,1.520833333,70.00%
148,15,RLRRRRRRRRRRLRLRRLRRRRRRR,2,TRUE,N/A,2,100.00%
149,15,RLRRRRRRRRRRLLRRRRRRRRRRR,2,TRUE,0.375,1.8375,90.00%
150,15,RRRRLLLRRRRRLRRRRRRRRRRRR,2,TRUE,0.458333333,1.5375,70.00%
151,15,LRRRRRLRRRRLLRRRRRRRRRRRR,2,TRUE,0.5,1.775,85.00%
152,15,RRRRRRRRRRRRLRLRRRRRRRRRR,2,TRUE,N/A,2,100.00%
153,15,RRRRRRRRRRRRLRRLRLRRRRRRR,2,TRUE,0.45,1.6125,75.00%
154,15,RLRRRRRRRRRRLRRLRLRRRRRRR,2,TRUE,0.40625,1.68125,80.00%
155,15,RRRRRRRRRRRRLRRRRRRRRRRRR,2,TRUE,0.291666667,1.658333333,80.00%
156,15,RRRRRRRLRRRRLLRRRRRRRRRRR,2,TRUE,0.5,1.775,85.00%
157,15,LRRRRRRRRRRRLRRLRRRRRRRRR,2,TRUE,0.375,1.8375,90.00%
158,15,RRLLRRRRRRRRRLRRRRRRRRRRL,2,TRUE,0.5,1.7,80.00%
159,15,RLRLRRRRRRRRLRRRRRRRRRRRL,2,TRUE,0.5,1.85,90.00%
160,15,RRLRRRRLRRRRRLRRRRRRRRRRL,2,TRUE,0.5,1.775,85.00%
161,15,RRRLRLRRRRRRLLRRLRRRRRRRR,2,TRUE,0.4375,1.6875,80.00%
162,15,RRRRRRRLRRRRRLLRLRRRRRRRR,2,TRUE,0.345238095,1.420833333,65.00%
163,15,RRRRRRRLRRRRLLRRRRRRRRRRR,2,TRUE,0.4375,1.6875,80.00%
164,15,RRLRRLRRRRRRLRRRRRRRRRRRR,2,TRUE,0.375,1.8375,90.00%
165,15,RRRRRLRLRRRRRRRRRRRRRRRRR,2,TRUE,N/A,2,100.00%
166,15,RRRRRRRLRRRRLLRRRRRRRRLLR,2,TRUE,0.5,1.85,90.00%
167,15,RLRRRRRLRRRRLRRRRLRRRRRRR,2,TRUE,0.5,1.925,95.00%
168,15,RLRRRRRRRRRRLLRRRLRRRRRRR,2,TRUE,0.5,1.85,90.00%
169,15,RRRRRRRRRRRRRLRRRRRRRRRLR,2,TRUE,0.5,1.925,95.00%
170,15,RRRRRRRLRRRRLRRRRRRRRRRLR,2,TRUE,0.375,1.35,60.00%
171,15,RLRRRRRLRRRRLRRRRLRRRRLRR,2,TRUE,0.35,1.5875,75.00%
172,15,RRRRRRRRRRRRRLRRRLRRRRRLL,2,TRUE,0.392857143,1.4375,65.00%
173,15,RRRRRLRLRRRRRLRLRRRRRRLRR,2,TRUE,0.5,1.7,80.00%
174,15,RRRRRRRRRRRRRRRRRRRRRLRLL,2,TRUE,0.35,1.5875,75.00%
175,15,LRRRLLRRRRRRRRRRRRRLRRRRL,2,TRUE,0.316666667,1.579166667,75.00%
176,15,RRLRRRRRRRRRRLRRRRRRLRRRL,2,TRUE,0.375,1.675,80.00%
177,15,RRLRRRRRRLRRRRRRRRRRRRRRL,2,TRUE,0.222222222,1.733333333,85.00%
178,15,RLRRRRRLRRRRRLRRRRRRRRRRL,2,TRUE,0.5,1.925,95.00%
179,15,RRLRRRLLRRRRRLRRRRRRRRRRL,2,TRUE,0.5,1.775,85.00%
180,15,RRRRLRRRRRRRRLRRRRLRRRRRR,2,TRUE,0.333333333,1.75,85.00%
181,15,RLLRRLRRRRRRRLRRRRRRRRRRL,2,TRUE,0.416666667,1.7625,85.00%
182,15,RLRRRLRLRRRRRRRRRRRRRLRRR,2,TRUE,0.5,1.625,75.00%
183,15,RLRRRLRLRRRRRRRRRLRRRRRRR,2,TRUE,0.425,1.2125,50.00%
184,15,RRRRLRLRRRRRRRRRRRRRRLRRL,2,TRUE,0.3125,1.6625,80.00%
185,15,RRRRLRRRRRLRRRRRRRRRRRRLR,2,TRUE,0.277777778,1.483333333,70.00%
186,15,RRRLLLLRRRRLRRRRRRRRRRRRR,2,TRUE,0.416666667,1.525,70.00%
187,15,RRRRRRRRRRRRRRRLRRRLRRRLR,2,TRUE,0.256944444,1.477083333,70.00%
188,15,RRRRRRRRRRRRRRRLRRRLRRRRR,2,TRUE,0.416666667,1.7625,85.00%
189,15,RLRRRRRRRRRRRRRRRRRLRRRLR,2,TRUE,0.5,1.85,90.00%
190,15,RLRRRRRRRRRRRRRLRLRRRRRRR,2,TRUE,0.333333333,1.666666667,80.00%
191,15,RRRRLRRRRRRLRRRLRRRLRRRRR,2,TRUE,0.388888889,1.758333333,85.00%
192,15,RRRRRRRRRRRRRRRRRLRRRRRLR,2,TRUE,0.444444444,1.533333333,70.00%
193,15,RLRRRRLRLRRLRRRRRRLRRRRRR,2,TRUE,0.388888889,1.758333333,85.00%
194,15,RLRRRRLRRRRRRRRLRRRRRRLRR,2,TRUE,0.333333333,1.75,85.00%
195,15,RLRRRRRRRRRRRRRLRRRLRRRRR,2,TRUE,N/A,2,100.00%
196,15,RLRRRRRRRRRLRRRRRRRLRRRRR,2,TRUE,0.5,1.85,90.00%
197,15,RRRRRRRRLRRRRRRRLRRLRRRRR,2,TRUE,0.416666667,1.7625,85.00%
198,15,RLRRRRRRRRLLRRLRRRRRRRRRR,2,TRUE,0.375,1.8375,90.00%
199,15,RRRRRRRRRRRRRRRLRRRRRRRLR,2,TRUE,0.5,1.925,95.00%
200,15,RRRRRRRRRRRLRRRLRRRRRRRRR,2,TRUE,0.25,1.825,90.00%
,,,,,,,
First generation where best rat ate the cheese: 4,,,,,,,
