Population Size,Life Span,Max Generations,Maze Size,,,,
3,25,200,30,,,,
,,,,,,,
Current Generation,Best Rat's Starting Position,Best DNA,Best Fitness Score,Best Reached Goal,Average Fitness Score (No Winners),Average Fitness Score(Winner Inclusive),% Pop Reached Goal
1,15,LRLLRRRRLRRLLLRRLRRRRRRLL,0.1,FALSE,0.063888889,0.063888889,0.00%
2,15,LRLLRRRRLRRLLLRRLRRRRRRLL,0.1,FALSE,0.075,0.075,0.00%
3,15,LRRLRRRRLRRLLLRRLRRRRRRLL,0.125,FALSE,0.102777778,0.102777778,0.00%
4,15,LRLLRRRRLRRLLLRRLRRRRRRLL,0.1,FALSE,0.094444444,0.094444444,0.00%
5,15,LRRLRRLRLRRLLLRRLRRRRLRLL,0.083333333,FALSE,0.079365079,0.079365079,0.00%
6,15,LRRLRRRRLRRLLRRRLRRRRLRLL,0.125,FALSE,0.093253968,0.093253968,0.00%
7,15,LLLLRRRLLRRLLLRRLRRRRRRRL,0.083333333,FALSE,0.072420635,0.072420635,0.00%
8,15,LLLLRRRLLRRLLLRRLRRRRRRRL,0.083333333,FALSE,0.072420635,0.072420635,0.00%
9,15,LRLLRRRLLRRRLLRRLRRRRRRLL,0.1,FALSE,0.073809524,0.073809524,0.00%
10,15,LRLLRRRLLRRRLLRRLRRRRRRLL,0.1,FALSE,0.085185185,0.085185185,0.00%
11,15,LRRLRRRLLRRRLLRRLRLRRRRRL,0.125,FALSE,0.097222222,0.097222222,0.00%
12,15,LRRLRRRLLRRRLLRRLRLRRRRRL,0.125,FALSE,0.093253968,0.093253968,0.00%
13,15,LRRLRRRLLRRRLLRRLRLRRRRRL,0.125,FALSE,0.095833333,0.095833333,0.00%
14,15,LLLLRRRLLRRRLLRRLRLRRRRRR,0.1,FALSE,0.09047619,0.09047619,0.00%
15,15,LLRLRRRLLRRRLLRRLRLRRRRRR,0.125,FALSE,0.098809524,0.098809524,0.00%
16,15,LLRLRRRLLRRRLLRRLRLRRRRRR,0.125,FALSE,0.108333333,0.108333333,0.00%
17,15,LLRLRRRLLRRLLLRRLRLRRRRRR,0.1,FALSE,0.094444444,0.094444444,0.00%
18,15,LLRLRRRLLRRLLLRRLRLRRRRRR,0.1,FALSE,0.094444444,0.094444444,0.00%
19,15,LLRLRLRLLRRRLLRRLRLRRRRRL,0.083333333,FALSE,0.079365079,0.079365079,0.00%
20,15,LLLLRRRLLRRLLLRRLRLRRRRRL,0.071428571,FALSE,0.071428571,0.071428571,0.00%
21,15,LLLLRLRLLRRLLRRRLRLRRRRRL,0.071428571,FALSE,0.071428571,0.071428571,0.00%
22,15,LLRLRLRLLRRRLLRRLRRLRRRRL,0.083333333,FALSE,0.072420635,0.072420635,0.00%
23,15,LLLLRLRLLRRRLLRRLRRLRRRLL,0.0625,FALSE,0.0625,0.0625,0.00%
24,15,LLLRRRRLLRRRLLRRLRRLRRRLR,0.1,FALSE,0.075,0.075,0.00%
25,15,LLLRRRRLLRRRLLRRLRRRRRRRL,0.125,FALSE,0.083994709,0.083994709,0.00%
26,15,LLLLRLRLLRRRLLRRLRRRRRRRL,0.083333333,FALSE,0.069444444,0.069444444,0.00%
27,15,LLLLRLLLLRRRLLRRLRLRRRRRL,0.0625,FALSE,0.060185185,0.060185185,0.00%
28,15,LRLLRLLLLRRRLLRRLRLRRRRRL,0.071428571,FALSE,0.06547619,0.06547619,0.00%
29,15,LRLLRLLLLRRRLLRRLRLRRRRRL,0.071428571,FALSE,0.063161376,0.063161376,0.00%
30,15,LLLLRLRRLRRRLRRLLRLRRRRRL,0.083333333,FALSE,0.072420635,0.072420635,0.00%
31,15,LLLLRLRRLRRRLLRRLRLLRRRRL,0.071428571,FALSE,0.071428571,0.071428571,0.00%
32,15,LLLLRRRRLRRRLLRRLRLLRRRRL,0.083333333,FALSE,0.075396825,0.075396825,0.00%
33,15,LRLLRLLLLRRRLRRRLRLRRRRRL,0.083333333,FALSE,0.072420635,0.072420635,0.00%
34,15,LRLLRLLLLRRRLRRRLRLRRRRRL,0.083333333,FALSE,0.075396825,0.075396825,0.00%
35,15,LRLLRLLLLRRRLRRLLRLRRRRRL,0.071428571,FALSE,0.066137566,0.066137566,0.00%
36,15,LRRLRLLLLRRRLRRLLRLRRRRRL,0.083333333,FALSE,0.063762626,0.063762626,0.00%
37,15,LRRLRLLLLRRRLRRLLRLRRRRRL,0.083333333,FALSE,0.066738817,0.066738817,0.00%
38,15,LRLLRLLLLRRRLRRLLRLRRRRRL,0.071428571,FALSE,0.068452381,0.068452381,0.00%
39,15,LRLLRLLLLRRRLRRLLRLRRRRRL,0.071428571,FALSE,0.068452381,0.068452381,0.00%
40,15,LRLLRLLLLRRRLRRLLRLRRRRRL,0.071428571,FALSE,0.066137566,0.066137566,0.00%
41,15,LRLLRLLLLRRRRRRLRRLLRRRRL,0.083333333,FALSE,0.068253968,0.068253968,0.00%
42,15,LRLLRLLLLRRRRRRLRRLLRRRRR,0.1,FALSE,0.07962963,0.07962963,0.00%
43,15,LRLLRLLLLRRRRRRLRRLLRRRRL,0.083333333,FALSE,0.079365079,0.079365079,0.00%
44,15,LRLLRLLLLRRRRRRLRRLLRRRRL,0.083333333,FALSE,0.079365079,0.079365079,0.00%
45,15,LRLLRLLLLRRRRRRLRRLLRRRRR,0.1,FALSE,0.084920635,0.084920635,0.00%
46,15,LRLLLLLLLRRRRRRLRRLLRRRRR,0.083333333,FALSE,0.072420635,0.072420635,0.00%
47,15,LRLLRRLLLRRLRRRLRRLLRRRRR,0.1,FALSE,0.088888889,0.088888889,0.00%
48,15,LRLLRRLLLRRLRLRLRRLLRRRRR,0.083333333,FALSE,0.079365079,0.079365079,0.00%
49,15,LRRLRRLLLRRLRLRLRRLLRRRRR,0.1,FALSE,0.084920635,0.084920635,0.00%
50,15,LRRLRRLLLRRLRLRLRRRLRRRRR,0.125,FALSE,0.102777778,0.102777778,0.00%
51,15,LRLLRRLLLRRLRRRLRRLLRRRRR,0.1,FALSE,0.094444444,0.094444444,0.00%
52,15,LRRLRRLLLRRLRLRLRRLLRRRRR,0.1,FALSE,0.088888889,0.088888889,0.00%
53,15,LRLLRRRLLRRLRLRLRRLLRLRRR,0.083333333,FALSE,0.079365079,0.079365079,0.00%
54,15,LRLLRRRLLRRLRLRLRRLLRLRRR,0.083333333,FALSE,0.075396825,0.075396825,0.00%
55,15,LRLLRRRLLRRLRLRLRRLLRLRRR,0.083333333,FALSE,0.075396825,0.075396825,0.00%
56,15,RRLLRRRLLRRLRLRLRRLLRLRLR,0.083333333,FALSE,0.075396825,0.075396825,0.00%
57,15,RRLLRRRLLRRLRLRLRRLLRLRLR,0.083333333,FALSE,0.072420635,0.072420635,0.00%
58,15,LRLLRRRLLRRRRLRLRRLLRLRLR,0.083333333,FALSE,0.069444444,0.069444444,0.00%
59,15,LRLLRRRLLRRRRLRLRRLLRLRLR,0.083333333,FALSE,0.069444444,0.069444444,0.00%
60,15,LRLLRRLLLRRLRLRLRRLLRRRLR,0.071428571,FALSE,0.063161376,0.063161376,0.00%
61,15,LRLLRRLLLRRLRLRLRRLLRLRLR,0.0625,FALSE,0.05787037,0.05787037,0.00%
62,15,LRRLRRLLLRRLRLRLRRLLRLRLR,0.071428571,FALSE,0.060846561,0.060846561,0.00%
63,15,LRRLRRLLLRRLRLRLRRLLRLRLR,0.071428571,FALSE,0.057142857,0.057142857,0.00%
64,15,LRRLRRLLLRRLRLRLRRLLRLRLR,0.071428571,FALSE,0.060846561,0.060846561,0.00%
65,15,LRRLRRLLLRRLLLRRRRLLRLLLR,0.0625,FALSE,0.060185185,0.060185185,0.00%
66,15,LRLLRRLLLRRLRLRRRRLLLLRLR,0.0625,FALSE,0.060185185,0.060185185,0.00%
67,15,LRRLRRLLLRRLRLRRRRLLLLRLR,0.071428571,FALSE,0.066137566,0.066137566,0.00%
68,15,LRRLRRLLLRRLRLRRRRLLRLLLR,0.071428571,FALSE,0.068452381,0.068452381,0.00%
69,15,LRRLRRLLLRRRRLRRRRLLRLLLR,0.083333333,FALSE,0.06712963,0.06712963,0.00%
70,15,LRRLRRLLLRRRRLRRRRLRRLRLL,0.1,FALSE,0.081944444,0.081944444,0.00%
71,15,LRRLRRLLLLRLRLRRRRLRRLRLL,0.071428571,FALSE,0.06547619,0.06547619,0.00%
72,15,LRRLRLLLLLRLRLRRRRLRRLRLL,0.0625,FALSE,0.0625,0.0625,0.00%
73,15,LRRLRRLLLLRLRLRRRRLRRLRLL,0.071428571,FALSE,0.066137566,0.066137566,0.00%
74,15,LRRLRRLLLLRLRLRRRRLRRLRLL,0.071428571,FALSE,0.068452381,0.068452381,0.00%
75,15,LRRLRRLLLLRLRLRRRRLRRLLLL,0.0625,FALSE,0.060185185,0.060185185,0.00%
76,15,LRRLRRLLLLRLRLRRRRLRRLLLL,0.0625,FALSE,0.05787037,0.05787037,0.00%
77,15,LRRLRRLLRLRLRLRRRRLLRLLLL,0.0625,FALSE,0.05787037,0.05787037,0.00%
78,15,LRRLRRLLRLRLRLRRRRLLRLLLL,0.0625,FALSE,0.060185185,0.060185185,0.00%
79,15,LRRLRRLLRLRLRRRRRRLLRLLLL,0.071428571,FALSE,0.063161376,0.063161376,0.00%
80,15,LRRLRRLRRLRLRLRRRRLLRLLLL,0.071428571,FALSE,0.068452381,0.068452381,0.00%
81,15,RRRLRRLRRLRLRLRRRRLLRLLLL,0.083333333,FALSE,0.075396825,0.075396825,0.00%
82,15,LRRLRRLRRRRLRLRRRRLLRLLLL,0.083333333,FALSE,0.072420635,0.072420635,0.00%
83,15,LRRRRRLRRLRLRLRRRRLRRLLLL,0.1,FALSE,0.075,0.075,0.00%
84,15,LRRLRRLRRLRLRLRRRRLLRLLLR,0.083333333,FALSE,0.07010582,0.07010582,0.00%
85,15,LLRLRRLRRLRRRLRRRRLLRLLLR,0.083333333,FALSE,0.079365079,0.079365079,0.00%
86,15,RRRLRRLRRLRLRLRRRRLLRLLLR,0.1,FALSE,0.081944444,0.081944444,0.00%
87,15,RRRLRRLRRLRLRLRRRRLLRLLLR,0.1,FALSE,0.084920635,0.084920635,0.00%
88,15,RRRLRRLRRLRLRLRRRRLLRLLLR,0.1,FALSE,0.094444444,0.094444444,0.00%
89,15,RRRLRRLRRLRLRLRRRRLLRLLLR,0.1,FALSE,0.1,0.1,0.00%
90,15,RRRLRRLRRLRLRLRRRRLLRLLLR,0.1,FALSE,0.088888889,0.088888889,0.00%
91,15,RRRLRRLRRLRLRLLRRRLLRLLLR,0.083333333,FALSE,0.083333333,0.083333333,0.00%
92,15,RRRLRRLLRLRLRLRRRRLLRLLLR,0.083333333,FALSE,0.079365079,0.079365079,0.00%
93,15,RRRLRRLRRLRLRLLRRRLLRLLLR,0.083333333,FALSE,0.076388889,0.076388889,0.00%
94,15,RRRLRRLRRLRLRLLRRRLLRLLLR,0.083333333,FALSE,0.075396825,0.075396825,0.00%
95,15,RRRLRRLRRLRLRLLRRRLLRLLLR,0.083333333,FALSE,0.075396825,0.075396825,0.00%
96,15,RRRLRRLRRLRLRLLRRRLLRLLLR,0.083333333,FALSE,0.079365079,0.079365079,0.00%
97,15,RRRRRRLRRLRLRLLRRRLLRLLLR,0.1,FALSE,0.094444444,0.094444444,0.00%
98,15,RRRLRRLRRRRLRLLRRRLLRLLLR,0.1,FALSE,0.084920635,0.084920635,0.00%
99,15,RRRLRRLRRRRLRLLRRRLLRLLLR,0.1,FALSE,0.084920635,0.084920635,0.00%
100,15,RRRLRRLRRRRLRLLRRRLLRLLLR,0.1,FALSE,0.09047619,0.09047619,0.00%
101,15,RRRLRRLRRRRLRLLRRRLLRLLLR,0.1,FALSE,0.1,0.1,0.00%
102,15,RRRLRRLRRRRLRLLRRRLLRLLLR,0.1,FALSE,0.094444444,0.094444444,0.00%
103,15,RRRLRRLRRRRLRLLRRRLLRLLLR,0.1,FALSE,0.094444444,0.094444444,0.00%
104,15,RRRLRRLRRRRLLLLRRRLLRLLRR,0.1,FALSE,0.084920635,0.084920635,0.00%
105,15,RRLLRRLRRRRLLLLRRRLLRLLRR,0.083333333,FALSE,0.083333333,0.083333333,0.00%
106,15,RRRLRRLLRRRLLLLRRRLLRLLRR,0.083333333,FALSE,0.083333333,0.083333333,0.00%
107,15,RRRLRRLLRRRLLLRRRRLLRLLRR,0.1,FALSE,0.084920635,0.084920635,0.00%
108,15,RRRLRRLLRRRLLLRRRRLLRLLRR,0.1,FALSE,0.084920635,0.084920635,0.00%
109,15,RRLLRRLRRRRLLLRRRRLLRLLRR,0.1,FALSE,0.0875,0.0875,0.00%
110,15,RRRLRRLLRRRLLLRRRRLLRRLRR,0.125,FALSE,0.108333333,0.108333333,0.00%
111,15,RRRLRRLLRRRLLLRRRRLLRLLRR,0.1,FALSE,0.094444444,0.094444444,0.00%
112,15,RRRLRRLLRRRLLLRRRRLLRLLRR,0.1,FALSE,0.1,0.1,0.00%
113,15,RRRLRRLLRRRLLLRRRRLLRLLRR,0.1,FALSE,0.1,0.1,0.00%
114,15,RRRLRRLLRRRLLLRRRRLLRLRRR,0.125,FALSE,0.102777778,0.102777778,0.00%
115,15,RRRLRRLLRRRLLLRRRRLLRLLRR,0.1,FALSE,0.088888889,0.088888889,0.00%
116,15,RLRLRRLRRRRLLLRRRRLLRLLRR,0.1,FALSE,0.1,0.1,0.00%
117,15,RLRLRRLRRRRLLLRRRRLLRLLRR,0.1,FALSE,0.094444444,0.094444444,0.00%
118,15,RLRLRRLRRRRLLLRRRRLLRLLRR,0.1,FALSE,0.094444444,0.094444444,0.00%
119,15,RRRLRRLRRRRLLLRRRRLRRLLRR,0.166666667,FALSE,0.116666667,0.116666667,0.00%
120,15,RLRLRRLRRRRLLLRRRRLRRLLRR,0.125,FALSE,0.102777778,0.102777778,0.00%
121,15,RLRLRRLRRRRLLLRRRRLLRLLRR,0.1,FALSE,0.088888889,0.088888889,0.00%
122,15,RLRLRRLRRRRLLLRRRRLLRLLRR,0.1,FALSE,0.094444444,0.094444444,0.00%
123,15,RLRLRRLRRRRLLLRRRRLLRLRRR,0.125,FALSE,0.102777778,0.102777778,0.00%
124,15,RLRLRRLRRRRLLLRRRRLLLLLRR,0.083333333,FALSE,0.083333333,0.083333333,0.00%
125,15,RLRLRRLRRRRLLLRRLRLRRLLRR,0.1,FALSE,0.094444444,0.094444444,0.00%
126,15,RLRLRRLRRRRLLLRRLRLRRLLRR,0.1,FALSE,0.094444444,0.094444444,0.00%
127,15,RLRLRRLRRRRLLLRRLRLRRLLRR,0.1,FALSE,0.094444444,0.094444444,0.00%
128,15,RLRLRRLRLRRRLLRRRRLRRLLRR,0.125,FALSE,0.102777778,0.102777778,0.00%
129,15,RLRRRRRRLRRRLLRRRRLRRLLRR,0.25,FALSE,0.15,0.15,0.00%
130,15,LLRLRRRRLRRRLLRRLRLRRLRRR,0.125,FALSE,0.108333333,0.108333333,0.00%
131,15,LLRRRRLRLRRRLLRRLRLRRLRRR,0.125,FALSE,0.097222222,0.097222222,0.00%
132,15,LRRRRRLRLRRRLLRLLRLRRLRRR,0.125,FALSE,0.102777778,0.102777778,0.00%
133,15,LLRRRRLRLRRRLLLRLRLRRLRRR,0.1,FALSE,0.094444444,0.094444444,0.00%
134,15,LRRRRRLRLRRRLLRLLRLRRLRRR,0.125,FALSE,0.087962963,0.087962963,0.00%
135,15,LRRRRRLLLRRRLLRLLRLRRLRRR,0.1,FALSE,0.085185185,0.085185185,0.00%
136,15,LRRRRRLRLRRLLLRLLRLRRLRRR,0.1,FALSE,0.088888889,0.088888889,0.00%
137,15,LRRRRRLRLLRLLLRLLRLRRLRRR,0.083333333,FALSE,0.06712963,0.06712963,0.00%
138,15,LRRLRLLLLRRRLLRLLRLRRLLRR,0.0625,FALSE,0.060185185,0.060185185,0.00%
139,15,LRRLRLLLLRRRLLRLLRLRRLLRR,0.0625,FALSE,0.058333333,0.058333333,0.00%
140,15,LRRLRLLLLRRRLLRLLRLRRLLRR,0.0625,FALSE,0.055555556,0.055555556,0.00%
141,15,RRRLRLLLRRRRLLRLLRLRRLLRR,0.083333333,FALSE,0.072420635,0.072420635,0.00%
142,15,RRRLRLLLRRRRLLRLLRLRRLLRR,0.083333333,FALSE,0.072420635,0.072420635,0.00%
143,15,RRRLRLLLRRRRLLRLLRLRRLLRR,0.083333333,FALSE,0.076388889,0.076388889,0.00%
144,15,LRLLRLLLRRRRLLRLRRLRRLLRR,0.071428571,FALSE,0.06547619,0.06547619,0.00%
145,15,LRRLRLLLRLRRLLRLRRLRRLLRR,0.071428571,FALSE,0.063161376,0.063161376,0.00%
146,15,LRRLRLLRRLRRLLRLLRLRRLLRR,0.071428571,FALSE,0.06547619,0.06547619,0.00%
147,15,LRRLRLLRRRLRLLRLLRLRRLLRR,0.071428571,FALSE,0.06547619,0.06547619,0.00%
148,15,LRRLRLLRRLRRLLRLLRLRRLLRR,0.071428571,FALSE,0.071428571,0.071428571,0.00%
149,15,LRRLRLLRRRRRLLRRLRLRRLLRR,0.1,FALSE,0.080952381,0.080952381,0.00%
150,15,LRRLRLLRRRRRLLRRLRLRRLLRR,0.1,FALSE,0.084920635,0.084920635,0.00%
151,15,RRRLRLLRRRRRLLRRLRLLRLLRR,0.1,FALSE,0.084920635,0.084920635,0.00%
152,15,LRRLRLLRRRLRLLLRLRLRRLLRR,0.071428571,FALSE,0.071428571,0.071428571,0.00%
153,15,LRRLRLLRRRLRLLLRLRRRRLRRR,0.1,FALSE,0.075,0.075,0.00%
154,15,LRRLRLLRRRLRLLLRLRRRRLRRR,0.1,FALSE,0.07797619,0.07797619,0.00%
155,15,LRRRRLLLRRLRLLLRLRRRRLLRR,0.083333333,FALSE,0.075396825,0.075396825,0.00%
156,15,LRRLRLLRRRRRLLLRLRLLRLLRR,0.071428571,FALSE,0.071428571,0.071428571,0.00%
157,15,LRRRRLLRRRLRLLLRLRRRRLLRR,0.1,FALSE,0.094444444,0.094444444,0.00%
158,15,LRRRRLLLRRLRLRLLLRRRRRLRR,0.1,FALSE,0.088888889,0.088888889,0.00%
159,15,LRRRRLLLRRLRLRLLLRLLRRRRR,0.083333333,FALSE,0.079365079,0.079365079,0.00%
160,15,LRRRRLLLRRLRLRLLLRLLRRRRR,0.083333333,FALSE,0.079365079,0.079365079,0.00%
161,15,RRRRRLLLRRRRLRLRLRLLRRRLR,0.125,FALSE,0.090277778,0.090277778,0.00%
162,15,RRRRRLLLRRRRLRLLLRLLRRRLR,0.1,FALSE,0.088888889,0.088888889,0.00%
163,15,LRRRRLLLRRLRLRLLLRLLRRRRR,0.083333333,FALSE,0.074074074,0.074074074,0.00%
164,15,LRRRLLLLRRRRLRLRLRLLRRRLR,0.083333333,FALSE,0.072420635,0.072420635,0.00%
165,15,LRRRRRLLLLLRLRLRLRLLRRRRR,0.083333333,FALSE,0.06712963,0.06712963,0.00%
166,15,LRRRRRLLLLLRLRLLLRLLRRRRR,0.071428571,FALSE,0.068452381,0.068452381,0.00%
167,15,LRRRRRLRLLLRLRLLLRLLRRRRR,0.083333333,FALSE,0.072420635,0.072420635,0.00%
168,15,LRRRRRLRLLLRLRLLLRLLRRRRR,0.083333333,FALSE,0.072222222,0.072222222,0.00%
169,15,LRRRRRLRLLLRLRLRLRLLRRRRR,0.1,FALSE,0.068518519,0.068518519,0.00%
170,15,LRRRRRRRLLLRLRLRLRLLRRRRR,0.125,FALSE,0.093253968,0.093253968,0.00%
171,15,LRRRRRRRLLLRLRLRRRLLRRRRR,0.166666667,FALSE,0.107407407,0.107407407,0.00%
172,15,LRRRRRRRLLLRLRLRRRLLRRRRR,0.166666667,FALSE,0.116666667,0.116666667,0.00%
173,15,LRRRRRRRLRLRLRLRRRLLRRRRR,0.25,FALSE,0.180555556,0.180555556,0.00%
174,15,LRRRRRRRLRLRLRLLRRLLRRRRR,0.166666667,FALSE,0.166666667,0.166666667,0.00%
175,15,LRRRRLRRLRLRLRLRRRLRRRRRR,0.25,FALSE,0.194444444,0.194444444,0.00%
176,15,LRRRRRRRLRLRLRRRRRLRRRRRR,2,TRUE,0.333333333,0.888888889,33.33%
177,15,LRRRRRRRLRLRLRRRRRLRRRRRR,2,TRUE,0.375,0.916666667,33.33%
178,15,RRRRRRRRLRLRLRRRRRLRRRRRR,2,TRUE,0.25,0.833333333,33.33%
179,15,RRRRRRRRLRLRLRRRRRLRRRRRR,2,TRUE,0.5,1,33.33%
180,15,RRRRRRLRLRLRLRRRRRLRRRRRR,2,TRUE,0.375,0.916666667,33.33%
181,15,RRRRRRLRLRLRLRRRRRLRRRRRR,2,TRUE,0.5,1,33.33%
182,15,RRRRRRLRLRLRLRRRRRLRRRRRR,2,TRUE,0.375,0.916666667,33.33%
183,15,RRRRRRLRLRLRLRRRRRLRRRRRR,2,TRUE,0.5,1.5,66.67%
184,15,RRRRRRLRLRLRLRRRRRLRRRRRR,2,TRUE,0.375,0.916666667,33.33%
185,15,RRRRRRLRLRLRLRRRRRLRRRRRR,2,TRUE,N/A,2,100.00%
186,15,RRRRRRLRLRLRLRRRRRLRRRRRR,2,TRUE,N/A,2,100.00%
187,15,RRRRRRLRLRLRLRRRRRLRRRRRR,2,TRUE,N/A,2,100.00%
188,15,RRRRRRLRLRLRLRRRRRLRRRRRR,2,TRUE,0.166666667,1.388888889,66.67%
189,15,RRRRRRLRRRLRLRRRRRLRRRRRR,2,TRUE,N/A,2,100.00%
190,15,RRRRRRRRRRLRLRRRRRLRRLRRR,2,TRUE,N/A,2,100.00%
191,15,RRRRRRLRRRLRLRRRRRLRRRRRR,2,TRUE,0.5,1.5,66.67%
192,15,RRRRRRLRRRLRLRRRRRLRRRRRL,2,TRUE,N/A,2,100.00%
193,15,RRRRRRLRRRLRLRRRRRLRRRRRR,2,TRUE,N/A,2,100.00%
194,15,RRRRLRRRRRRRLRRRRRLRRRRRR,2,TRUE,N/A,2,100.00%
195,15,RRRRRRRRRRRRLRRRRRLRLRRRR,2,TRUE,0.5,1.5,66.67%
196,15,RRLRLRRRRRRRLRRRRRLRRRRRR,2,TRUE,0.25,1.416666667,66.67%
197,15,RRLRLRRRRRRRLRRRRRLRRRRRR,2,TRUE,N/A,2,100.00%
198,15,RRRRLRLRRRRRLRRRRRLRRRRRR,2,TRUE,N/A,2,100.00%
199,15,RRLRRRRRRRRRLRRRRRLRRRRRR,2,TRUE,0.5,1.5,66.67%
200,15,RRLRRRRRRRRRLRRRRRLRRRRRR,2,TRUE,0.5,1.5,66.67%
,,,,,,,
First generation where best rat ate the cheese: 176,,,,,,,
