Population Size,Life Span,Max Generations,Maze Size,,,,
5,25,200,30,,,,
,,,,,,,
Current Generation,Best Rat's Starting Position,Best DNA,Best Fitness Score,Best Reached Goal,Average Fitness Score (No Winners),Average Fitness Score(Winner Inclusive),% Pop Reached Goal
1,15,LLRRRLRRLLLLRRRLRRRRLLRLR,0.083333333,FALSE,0.07,0.07,0.00%
2,15,RRRLRLRRLRRRLRLLRRLLLRLRL,0.083333333,FALSE,0.072222222,0.072222222,0.00%
3,15,RLRRRLRRLLLLRRRLRRRRLLRRL,0.1,FALSE,0.09,0.09,0.00%
4,15,RRRLRLRRLRRRLRLLRRRRLLRLL,0.1,FALSE,0.09,0.09,0.00%
5,15,RRRLRLRRLRLLRRRLRRRRLLRRL,0.125,FALSE,0.089285714,0.089285714,0.00%
6,15,RRRLRLRRLRLLRRRLRRRRLLRLL,0.1,FALSE,0.090952381,0.090952381,0.00%
7,15,RRRLRLLRLRRRLRLLRRRRLLRRL,0.1,FALSE,0.086666667,0.086666667,0.00%
8,15,RRRLRLLRLRRRLRLLRRRRLLRRL,0.1,FALSE,0.086666667,0.086666667,0.00%
9,15,RRRLRLLRLRRRLRLLRRRRLLRRL,0.1,FALSE,0.084285714,0.084285714,0.00%
10,15,RRRLRLLRLRRRLRLLRRRRLLRRL,0.1,FALSE,0.084285714,0.084285714,0.00%
11,15,RRRLRLRRLLLRLRLLRRRRLRRRL,0.1,FALSE,0.090952381,0.090952381,0.00%
12,15,RRRLRRLRLRRRLRLLRRRRLLRRL,0.125,FALSE,0.111666667,0.111666667,0.00%
13,15,RRRLRRLRLRRRRRRLRRRRLLRRL,0.25,FALSE,0.148333333,0.148333333,0.00%
14,15,RRRLRRLRRRRRRRRLRRRRLLRRL,0.5,FALSE,0.233333333,0.233333333,0.00%
15,15,RRRLRRLRRRRRRRRLRRRRRLRRL,2,TRUE,0.208333333,0.566666667,20.00%
16,15,RRRLRRLRRRRRRRRLRRRRRLRRL,2,TRUE,0.375,1.35,60.00%
17,15,RRRRRRLRRRRRRRRLRLRRRLRRL,2,TRUE,0.416666667,1.05,40.00%
18,15,RRRRRRLRRRRRRRRLRRRLRLRRL,2,TRUE,0.5,1.4,60.00%
19,15,RRRRRRLRRRRRRRRLRLRRRLRRL,2,TRUE,0.5,1.7,80.00%
20,15,RRRRRRLRRRRRRRRLRRRLRLRRL,2,TRUE,0.5,1.1,40.00%
21,15,RRRRRRLRRRRRRRRLRRRLRLRRL,2,TRUE,N/A,2,100.00%
22,15,RRRRRRLRRRRRRRRLRRRLRLRRL,2,TRUE,N/A,2,100.00%
23,15,RRRRRRLRRRRRRRRLRRRLRLRRL,2,TRUE,0.333333333,1,40.00%
24,15,RRRRRRLRRRRRRRRLRRRLRLRRL,2,TRUE,N/A,2,100.00%
25,15,RRRRLRLRRRRRRRRRRRRLRLRRL,2,TRUE,0.375,1.35,60.00%
26,15,RRRRRRLRRRRRRRRLRRRLRLRRL,2,TRUE,0.25,1.65,80.00%
27,15,RRRRRRLRRRRRRRRLRRRLRLRRL,2,TRUE,0.416666667,1.05,40.00%
28,15,RRRRRRLRRRRRRRRRLRRRRLLLL,2,TRUE,0.5,1.7,80.00%
29,15,RRRRRRLRRRRRRRRRLRRLLLRRL,2,TRUE,N/A,2,100.00%
30,15,RRRRRRLRRRRRRRRRRRRLLLRRL,2,TRUE,N/A,2,100.00%
31,15,RRRRRRLRRLRRRRRRRRRLLLRLL,2,TRUE,N/A,2,100.00%
32,15,RRRRRRRRRRRRRRRRRRRLLLRRL,2,TRUE,0.166666667,1.633333333,80.00%
33,15,RRRRRRLRRLRRRRRRRRRLLLRLL,2,TRUE,N/A,2,100.00%
34,15,RRRLRRRRRLRRRRRRRRRLLLRLL,2,TRUE,0.1875,1.275,60.00%
35,15,RRRLRRRRRLRRRRRRRRRLLLRLL,2,TRUE,0.152777778,0.891666667,40.00%
36,15,RRRLRRRRRLRRRRRRRRRLLLRRL,2,TRUE,0.25,1.65,80.00%
37,15,RRRLRRRRRLRRRRRRRRRLLLRLL,2,TRUE,0.222222222,0.933333333,40.00%
38,15,RRRLRRRRRLRRRRRRRRRLLLRLL,2,TRUE,0.166666667,1.266666667,60.00%
39,15,RLRRRRRRRLRRRRRRRRRLLLRLL,2,TRUE,N/A,2,100.00%
40,15,RRRLRRRRRLRRRRRRRRRLLLRLL,2,TRUE,N/A,2,100.00%
41,15,RRRLRRRRRLRRRRRRRRRLLLRLL,2,TRUE,0.152777778,0.891666667,40.00%
42,15,RRRLRRRRRLRRRRRRRRRLLLRLL,2,TRUE,N/A,2,100.00%
43,15,RRRRRRRRRLRRRRRRRRRLLLRLL,2,TRUE,N/A,2,100.00%
44,15,RRRRRRRRLLRRRRRRRRRLLLRLL,2,TRUE,N/A,2,100.00%
45,15,RRRRRRRRRLRRRRRRRRRLLLRLL,2,TRUE,0.166666667,1.633333333,80.00%
46,15,RLRRRRRRRLRRRRRRRRRLLRRLL,2,TRUE,0.166666667,1.266666667,60.00%
47,15,RLRRRLRRRRRRRRRRRRRLLLLLL,2,TRUE,N/A,2,100.00%
48,15,RLRRRLRRRRRRRRRRRRRLLLLLL,2,TRUE,0.166666667,1.633333333,80.00%
49,15,RLRRRRRRRRRRRRRRRRRRLLLLL,2,TRUE,0.166666667,0.9,40.00%
50,15,RLRRRRRRRRRRRRRRRRRLLLLLL,2,TRUE,N/A,2,100.00%
51,15,RLRRRRRRRRRRRRRRRRRRLLLLL,2,TRUE,N/A,2,100.00%
52,15,LLRRRRRRRRRRRRRRRRRLLLLLL,2,TRUE,N/A,2,100.00%
53,15,RLRRRLRRRRRRRRRRRRRRLLLLL,2,TRUE,0.125,1.625,80.00%
54,15,RLRRRRRRRRRRRRRRRRRRLLRLL,2,TRUE,0.177083333,0.541666667,20.00%
55,15,RLRRRRRRRRRRRRRRRRRRLLRLL,2,TRUE,0.1,1.62,80.00%
56,15,RLRRRRRRRRLRRRRRRRRRLLRLL,2,TRUE,0.175,1.27,60.00%
57,15,RLRRRRRRRRRRRRRRRRRRLLRLL,2,TRUE,0.208333333,1.283333333,60.00%
58,15,RLRRRRRRRRLRRRRRRRRRLLRLL,2,TRUE,N/A,2,100.00%
59,15,RLRRRRRRRRRRRRRRRRLRLLRLL,2,TRUE,N/A,2,100.00%
60,15,RLRRRRRRRRRRRRRRRRRRLLRLL,2,TRUE,0.25,1.65,80.00%
61,15,RLRRRRRRRRRRRRRRRRRRLLRLL,2,TRUE,N/A,2,100.00%
62,15,LLRRRRRRRRRRRRRRRRRRLLRLL,2,TRUE,0.166666667,1.633333333,80.00%
63,15,RLRRRRRRRRRRRRRRRRRRLLRLL,2,TRUE,N/A,2,100.00%
64,15,RLRRRRRLRRRRRRRRRRRRLLRRL,2,TRUE,N/A,2,100.00%
65,15,RLRRRRRRRRRRRRRRRLRRLRRRL,2,TRUE,0.5,1.7,80.00%
66,15,RLRRRRRRRRRRRRRRRRRRLLRLR,2,TRUE,N/A,2,100.00%
67,15,RLRRRRRRRRRRRRRRRRRRLLRRL,2,TRUE,0.222222222,0.933333333,40.00%
68,15,RLRRRRRRRRRRRRRRRLRRLLLRL,2,TRUE,0.375,1.35,60.00%
69,15,RLRRRRRRRRRRRRRRRRLRLLRRL,2,TRUE,0.5,1.1,40.00%
70,15,RLRRRRRRRRRRRRRRLRLRLRRRL,2,TRUE,0.375,0.7,20.00%
71,15,RLRRRRRRRRRRRRRRLRLRLRRRL,2,TRUE,0.375,1.35,60.00%
72,15,RRRRRRRRRRRRRRRRRRLRLRRRL,2,TRUE,0.25,1.65,80.00%
73,15,RRRRRRRRRRRRRRRRLRLRLRRRL,2,TRUE,0.5,1.4,60.00%
74,15,RRRRRRRRRRLRRRRRLRLRRLRRL,2,TRUE,0.5,1.7,80.00%
75,15,RRRRRRRRRRLRRRRRLRLRRLRRL,2,TRUE,N/A,2,100.00%
76,15,RRRRRRRRRRLRRRRRLRLRRLRRL,2,TRUE,N/A,2,100.00%
77,15,RRRRRRRRRRLRRRRRLRLRLRRRL,2,TRUE,N/A,2,100.00%
78,15,RRRRRRRRRRLRRRRRLRLRLRRRL,2,TRUE,0.5,1.4,60.00%
79,15,RRRRRRRRRRLRRRRRLRLRLRRRL,2,TRUE,0.5,1.4,60.00%
80,15,RRRRRRRRRRLRRRRRLRLRLRRRL,2,TRUE,0.333333333,1.333333333,60.00%
81,15,RRRRRRRRRRLRRRRRLRLRLRRRL,2,TRUE,0.25,1.3,60.00%
82,15,RRRRRRRRRRRRRRRRLRLRLRRRL,2,TRUE,0.416666667,1.05,40.00%
83,15,RRRLRRRRRRRRRRRRLRLRLRRRL,2,TRUE,0.5,1.1,40.00%
84,15,RRRLRRRRRRRRRRRRLRLRLRRRL,2,TRUE,0.25,1.65,80.00%
85,15,RRRRRRRRRRRRRRRRLRLRLRRRL,2,TRUE,0.5,1.7,80.00%
86,15,RRRRRRRRRRLRRRRRLRLRLRRRL,2,TRUE,0.5,1.4,60.00%
87,15,RRRRRRLRRRRRRRRRLRLRRRRRL,2,TRUE,0.375,1.35,60.00%
88,15,RRRRRRRRRRLRRRRRLRLRLRRRL,2,TRUE,0.5,1.4,60.00%
89,15,RRRRRRRRRRRRRRRRLRLRRRRLL,2,TRUE,0.5,1.7,80.00%
90,15,RRRRRRLRRRRRRRRRLRLRRRRLL,2,TRUE,N/A,2,100.00%
91,15,RLRRRRLRRRRRRRRRLRRRRRRLL,2,TRUE,0.25,1.65,80.00%
92,15,RLRRRRLRRRRRRRRLLRRRRRRLL,2,TRUE,0.208333333,1.283333333,60.00%
93,15,RRRRRRLRRRRRLRRRLRRRLRRLL,2,TRUE,0.229166667,0.583333333,20.00%
94,15,RRRRRRLRRRRRLRRRLRRRLRRLL,2,TRUE,0.25,1.3,60.00%
95,15,RRRRRRLRRRRRLRRRRRRRLRLLL,2,TRUE,0.25,1.3,60.00%
96,15,RRRRRRLRRRRRLRRRRRRRLRLLL,2,TRUE,0.291666667,0.975,40.00%
97,15,RRRRRRLRRRRRLRRRLRRRLRRLL,2,TRUE,0.166666667,1.266666667,60.00%
98,15,RRRRRRLRRRRRLRRRRRRRLRRLL,2,TRUE,N/A,2,100.00%
99,15,RRRRRRLRRRRRLRRLRRRRLRRLL,2,TRUE,0.375,1.35,60.00%
100,15,RRRRRRLRRRRRLRRRRRRRLRRLR,2,TRUE,0.5,1.1,40.00%
101,15,RRRRRRLRRRRRLRRRRRRRLRRLL,2,TRUE,0.166666667,1.633333333,80.00%
102,15,RRRRRRLRRRRRLRRRRRRRLRRLR,2,TRUE,N/A,2,100.00%
103,15,RRRRRRLRRRRRLRRRRRRRLRRLR,2,TRUE,N/A,2,100.00%
104,15,RRRRRRLRRRRRLRRRRRRRLRRLR,2,TRUE,N/A,2,100.00%
105,15,RRRRRRLRRRRRLRRRRRRRLRRLR,2,TRUE,N/A,2,100.00%
106,15,RRRRLRLRRRRRLRRRRRRRLRRLR,2,TRUE,0.5,1.7,80.00%
107,15,RRRRLRLRRRRRLRRRRRRRLRRLR,2,TRUE,0.375,1.35,60.00%
108,15,RRRRRRLRRRRRLRRRRRRRLRRLR,2,TRUE,0.5,1.7,80.00%
109,15,RRRRRRLRRRRRLRRRRRRRLRRLL,2,TRUE,0.25,1.3,60.00%
110,15,RRRLRRLRRRRRLRRRRRRRLRRLR,2,TRUE,0.5,1.7,80.00%
111,15,RRRRRRLRRRRRLRRRLRRRLRRLL,2,TRUE,0.25,1.3,60.00%
112,15,RRRRRRLRRRRRLRRRLRRRLRRLL,2,TRUE,0.25,1.65,80.00%
113,15,RRRRRRLRRRRRLRRRRRRRLRRLR,2,TRUE,0.375,1.35,60.00%
114,15,RRRRRRLRRRRRLRRRLRRRLRRLL,2,TRUE,0.333333333,1.333333333,60.00%
115,15,RRRRRRLRRRRRLRRRLRRRLRRLL,2,TRUE,0.25,1.3,60.00%
116,15,RRRRRRLRRRRRLRRRLRRRLRRLL,2,TRUE,0.291666667,0.633333333,20.00%
117,15,RRRRRRLRRRRRLRRRLRRRLRRLL,2,TRUE,0.291666667,0.633333333,20.00%
118,15,RRRRRRLRRRRRLRRRLRRRLRRLL,2,TRUE,0.25,1.65,80.00%
119,15,RRRRRRLRRRRRLRRRLRRRLRRLL,2,TRUE,0.152777778,0.891666667,40.00%
120,15,RRRRRRLRRRRRLRRRLRRRLRRLL,2,TRUE,0.25,1.65,80.00%
121,15,RRRRRRLRRRRRLRRRLRRRLRRLL,2,TRUE,0.25,1.3,60.00%
122,15,RRRRRRLRRRRRLRRRLRRRLRRLL,2,TRUE,0.25,1.65,80.00%
123,15,RRRRRRLRRRRRLRRRLRRRLRRLL,2,TRUE,0.25,0.6,20.00%
124,15,RRRRRRLRRRRRLRRRLRRRLRRLL,2,TRUE,0.25,1.65,80.00%
125,15,RRRRLRRRRRRRLRRRLRRRLRRLL,2,TRUE,0.25,0.6,20.00%
126,15,RRRRLRRRRRRRLRRRLRRRLRRLL,2,TRUE,0.1875,1.275,60.00%
127,15,RRRRLRRRRRRRLRRRLRRRLRRLL,2,TRUE,0.208333333,1.283333333,60.00%
128,15,RRRRLRRRRRRRLRRRLRRRLRRLL,2,TRUE,0.1875,1.275,60.00%
129,15,RRRRLRRRRRRRLRRRLRRRLRRLL,2,TRUE,0.25,0.95,40.00%
130,15,RRRRLRRRRRRRLRRRLRRRLRRLL,2,TRUE,0.208333333,0.925,40.00%
131,15,RRRRLRRRRRRRLRRRLRRRLRRLL,2,TRUE,0.197916667,0.558333333,20.00%
132,15,RRRRLRRRRRRRLRRRLRRRLRRLL,2,TRUE,0.145833333,1.258333333,60.00%
133,15,RRRRLRRRRRRRLRRRLRRRLRRLL,2,TRUE,0.375,1.35,60.00%
134,15,RRRRLRRRRRRRLRRRLRRRLRRLL,2,TRUE,0.25,1.65,80.00%
135,15,RRRRLRRRRRRRLRRRLRRRLRRLL,2,TRUE,0.208333333,0.925,40.00%
136,15,RRRRLRRRRRRRLRRRLRRRLRRLL,2,TRUE,N/A,2,100.00%
137,15,RRRRLRRRRRRRLRRRLRRRLRRLL,2,TRUE,0.25,1.3,60.00%
138,15,RRRRLRRRRRRRLRRRLRRRLRRLL,2,TRUE,0.208333333,1.283333333,60.00%
139,15,RRRRLRRRRRRRLRRRLRRRLRRLL,2,TRUE,0.25,1.65,80.00%
140,15,RRRRLRRRRRRRLRRRRRRRLRLLR,2,TRUE,0.375,1.35,60.00%
141,15,RRRRLRRRRRRRLRRRLRRRLRRLL,2,TRUE,0.166666667,1.633333333,80.00%
142,15,RRRRLRRRRRRRLRRRLRRRLRRLL,2,TRUE,N/A,2,100.00%
143,15,RRRRLRRRRRRRLLRRLRRRRRRLL,2,TRUE,N/A,2,100.00%
144,15,RRRRLRRRRRRRLRRRLRRRLRRLL,2,TRUE,0.25,1.65,80.00%
145,15,RRRRLRRRRRRRRRRRRRRRLRRLL,2,TRUE,0.25,1.65,80.00%
146,15,RRRRLRRRRRRRRRRRRRRRLRRLL,2,TRUE,0.25,1.65,80.00%
147,15,RRRRLRRRRRRRRRRRRRRRLRRLR,2,TRUE,0.25,1.65,80.00%
148,15,RRRRLRLRRRRLRRRRRRRRLRRLR,2,TRUE,0.25,1.65,80.00%
149,15,RRRRRRRRLRRRRRRRRRRRLRRLR,2,TRUE,0.5,1.7,80.00%
150,15,RRRRLLRRRRRRRRRRRRRRLRRLR,2,TRUE,N/A,2,100.00%
151,15,RRRLLRRRRRRRRRRRRRRRLLRLL,2,TRUE,0.25,1.65,80.00%
152,15,RRRLLRRRRRRRRRRRRRRRLRRLR,2,TRUE,0.375,1.35,60.00%
153,15,RRRLLRRRRRRRRRRRRRLRLRRLR,2,TRUE,0.208333333,1.283333333,60.00%
154,15,RRRLLRRRRRRRRRRRRRLRLRRLR,2,TRUE,0.5,1.7,80.00%
155,15,RRRLLRLRRRRRRRLRRRRRRRRLR,2,TRUE,N/A,2,100.00%
156,15,RRRLLRRRRRRRRRRRRRRRLRRLR,2,TRUE,0.5,1.7,80.00%
157,15,RRRLLRRRRRRRRRRRRRRRLRRLR,2,TRUE,N/A,2,100.00%
158,15,RRRRRLRRRRRRRRRRRRRRLRRLR,2,TRUE,N/A,2,100.00%
159,15,RLRLLRRRRRRRRRRRRRRRLRRLR,2,TRUE,0.5,1.7,80.00%
160,15,RRRLRRRLRRRRLRRRRRRRLRRLR,2,TRUE,0.5,1.7,80.00%
161,15,RRRLLRRRRRRRLRRRRRRRLRRLR,2,TRUE,0.222222222,0.933333333,40.00%
162,15,RRRLLRRRRRRRRRRRRRRRLRRLR,2,TRUE,0.166666667,1.633333333,80.00%
163,15,RRRLLRRRRRRRLRRRRRRRLRRLL,2,TRUE,N/A,2,100.00%
164,15,RRRLRRRRRRLRRRRRRRRRLRRLR,2,TRUE,0.5,1.4,60.00%
165,15,RRRLRRRRRRLRRRRRRLRRRRRLL,2,TRUE,N/A,2,100.00%
166,15,RRRLRRRRRRRRRRRRLRRRLLRLR,2,TRUE,N/A,2,100.00%
167,15,RRRLRRRRRRRRRRRRRRLRRRRLR,2,TRUE,0.5,1.7,80.00%
168,15,RRRLRRRRRRRRLRRRRRLRRRRLR,2,TRUE,N/A,2,100.00%
169,15,RRRLRRRRRRRRRRRRRRLRRRRLR,2,TRUE,N/A,2,100.00%
170,15,RRRLLRRRRRRRRRRRRRLRRRRLR,2,TRUE,N/A,2,100.00%
171,15,RRRLLRRRRRRRRRRRRRLRRRRRR,2,TRUE,0.5,1.7,80.00%
172,15,RRRLLRRRLRRRRRRRRRLRRRRRR,2,TRUE,0.5,1.7,80.00%
173,15,RRRLRRRRRRRRRRRRRRLRRRLLR,2,TRUE,N/A,2,100.00%
174,15,RLRLLRRRRRRRRRRRRRLRRRRRR,2,TRUE,0.5,1.7,80.00%
175,15,RRRLRRRRLRRRRRRRRRLRRRRLR,2,TRUE,0.5,1.7,80.00%
176,15,RRLLRRRRLRRRRRRRRRRRRRRLR,2,TRUE,0.375,1.35,60.00%
177,15,RRRLLRRRLRRRRRRRRRLRRRRLR,2,TRUE,N/A,2,100.00%
178,15,RRRLRRRRLRRRRRRRRRLRRRRRR,2,TRUE,0.5,1.7,80.00%
179,15,RRRLRRLRLRRRRRRRRRLRRRRRR,2,TRUE,0.25,1.65,80.00%
180,15,RRRLLRRRLRRRRRRRRRLRRRRLR,2,TRUE,0.25,1.65,80.00%
181,15,RRRLLRRRLRRRRRRRRRLRRRRRR,2,TRUE,0.5,1.4,60.00%
182,15,RRRLRRRRLRRRRRRRRRLRRRLRL,2,TRUE,0.25,1.65,80.00%
183,15,RRRLLRRRRRRRRRRRLRLRRRRRR,2,TRUE,0.166666667,1.633333333,80.00%
184,15,RRRLLRRLRRRRRRRRLRLRRRRRR,2,TRUE,N/A,2,100.00%
185,15,RRRLRRRRLRRRRRRRRRLRRLLRR,2,TRUE,0.333333333,1,40.00%
186,15,RRRLRRRRLRRRRRRRRRLRRLLRR,2,TRUE,0.5,1.7,80.00%
187,15,RRRLLRRRRRRRRRRRLRLRRRRRR,2,TRUE,0.5,1.7,80.00%
188,15,RRRLRRRLRRRRRRRRLRLRRRRRR,2,TRUE,N/A,2,100.00%
189,15,RRRLLRRLRRRRRRRRLRLRRRRRR,2,TRUE,0.5,1.4,60.00%
190,15,RRRLRRRLRRRRRLRRLRLRRRRRR,2,TRUE,0.375,1.35,60.00%
191,15,RRRLRRRLRRRRRLRRLRLRRRRRR,2,TRUE,0.5,1.4,60.00%
192,15,RRRLRRRLRRRRRRRRLRLRRRRRR,2,TRUE,0.416666667,1.05,40.00%
193,15,RRRLRRRLRRRRRRRRLRLRRRRRR,2,TRUE,0.5,1.7,80.00%
194,15,RRRLRRRLRRRRRRRRLRLRRLRRR,2,TRUE,0.375,1.35,60.00%
195,15,RRRLRRRLRRRRRRRRLRLRRRRRR,2,TRUE,0.5,1.4,60.00%
196,15,RRRLRRRLRRRRRRRRLRLRRLRRR,2,TRUE,0.25,1.65,80.00%
197,15,RRRLRRRLRRRRRRRRLRLRRRRRR,2,TRUE,0.375,1.35,60.00%
198,15,RRRRRRRLRRRRRRRRLRLRRRRRR,2,TRUE,N/A,2,100.00%
199,15,RRRLRRRLRRRRRRRRLRLRRRLRR,2,TRUE,0.25,1.65,80.00%
200,15,RRRRRRRLRRRRRRRRLRLRRLRRR,2,TRUE,N/A,2,100.00%
,,,,,,,
First generation where best rat ate the cheese: 15,,,,,,,
