Population Size,Life Span,Max Generations,Maze Size,,,,
1,25,200,30,,,,
,,,,,,,
Current Generation,Best Rat's Starting Position,Best DNA,Best Fitness Score,Best Reached Goal,Average Fitness Score (No Winners),Average Fitness Score(Winner Inclusive),% Pop Reached Goal
1,15,LLRRRLLLLRRLRLRRRLRRLRRRR,0.1,FALSE,0.1,0.1,0.00%
2,15,LLRRRLLLLRRLRLRRRLRRLRRRR,0.1,FALSE,0.1,0.1,0.00%
3,15,LLRRRLLLLRRLRLRRRLRRLRRRR,0.1,FALSE,0.1,0.1,0.00%
4,15,LLRRRLLLLRRLRLRRRLRRLRRRR,0.1,FALSE,0.1,0.1,0.00%
5,15,LLRRRLLLLRRLRLRRRLRRLRRRR,0.1,FALSE,0.1,0.1,0.00%
6,15,LLRRRLLLRRRLRLRLRLRRLRRRR,0.1,FALSE,0.1,0.1,0.00%
7,15,LLRRRLLLRRRLLLRLRLRRLRRRR,0.083333333,FALSE,0.083333333,0.083333333,0.00%
8,15,LLRRRLLLRRRLLLRLRLRRLRRRR,0.083333333,FALSE,0.083333333,0.083333333,0.00%
9,15,LLRRRLLLRRRLLLRLRLRRLRRRR,0.083333333,FALSE,0.083333333,0.083333333,0.00%
10,15,LLRRRLRLRRRLLLRLRLRRLRRRR,0.1,FALSE,0.1,0.1,0.00%
11,15,LLRRRLRLRRRLLLRLLLRRLRRLR,0.071428571,FALSE,0.071428571,0.071428571,0.00%
12,15,LLRRRLRLRRRLLLRLLLRRLRRLR,0.071428571,FALSE,0.071428571,0.071428571,0.00%
13,15,LRRRRLRLRRRLLLRLLLRRLRRLR,0.083333333,FALSE,0.083333333,0.083333333,0.00%
14,15,LRRRRLRLRRRLLLRLLLRLLRRLR,0.071428571,FALSE,0.071428571,0.071428571,0.00%
15,15,LRRRRLRLRRRLLLRLLLRLLRRLR,0.071428571,FALSE,0.071428571,0.071428571,0.00%
16,15,LRRRRLRLRRRLLLRLLLRLLRRLR,0.071428571,FALSE,0.071428571,0.071428571,0.00%
17,15,LRRRRLRLRRRLLLRLLLRLLRRLR,0.071428571,FALSE,0.071428571,0.071428571,0.00%
18,15,LRRRRLRLRRRLLLRLLLRLLRRLR,0.071428571,FALSE,0.071428571,0.071428571,0.00%
19,15,LRRRRLRLRRRLLLRLLLRLLRRLR,0.071428571,FALSE,0.071428571,0.071428571,0.00%
20,15,LRRRRLRLRRRLLLRLLLRLLRRLR,0.071428571,FALSE,0.071428571,0.071428571,0.00%
21,15,LRRRRLRLRRRLLLRLLLRLLRRLR,0.071428571,FALSE,0.071428571,0.071428571,0.00%
22,15,LRRRRLRLRRRLLLRLLLRLLRRLR,0.071428571,FALSE,0.071428571,0.071428571,0.00%
23,15,LRRRRLRLRRRLLLRLLLRLLRRLR,0.071428571,FALSE,0.071428571,0.071428571,0.00%
24,15,LRRRRLRLRRRLRLRLLLRLLRRLR,0.083333333,FALSE,0.083333333,0.083333333,0.00%
25,15,LRRRRLRLRRRLRLRLLLLLLRRLR,0.071428571,FALSE,0.071428571,0.071428571,0.00%
26,15,LRRRRLRLRRLLRLRRLLLLLRRLR,0.071428571,FALSE,0.071428571,0.071428571,0.00%
27,15,LRRRRLRLRRLLRLRRLLLLLRRLR,0.071428571,FALSE,0.071428571,0.071428571,0.00%
28,15,LRRRRLRLRRLLRLRRLLLLLRRLR,0.071428571,FALSE,0.071428571,0.071428571,0.00%
29,15,LRRRRLRLRRLLRLRRLLLLLRRLR,0.071428571,FALSE,0.071428571,0.071428571,0.00%
30,15,LRRRRLRLRRLLRLRRLLLLLRRLR,0.071428571,FALSE,0.071428571,0.071428571,0.00%
31,15,LRRRRLRLRRLLRLRRLLLLLRRLR,0.071428571,FALSE,0.071428571,0.071428571,0.00%
32,15,LRRRRLRLRRLLRLRRLLLLLRRLR,0.071428571,FALSE,0.071428571,0.071428571,0.00%
33,15,LRRRRLRLRRLLRLRRLLLLLRRLR,0.071428571,FALSE,0.071428571,0.071428571,0.00%
34,15,LRRRRLRLRRLLRLRRLLLLLRRLR,0.071428571,FALSE,0.071428571,0.071428571,0.00%
35,15,LRRRRLRLRRLLRLRRLLLLLRRLR,0.071428571,FALSE,0.071428571,0.071428571,0.00%
36,15,LRRRRLRLRRLLRLRRLLLLLRRLR,0.071428571,FALSE,0.071428571,0.071428571,0.00%
37,15,LRRRRLRRRRLLRLRRLLLLLRRLR,0.083333333,FALSE,0.083333333,0.083333333,0.00%
38,15,LRRRRLRRRRLLLLRRLLLLLRRLR,0.071428571,FALSE,0.071428571,0.071428571,0.00%
39,15,LRRRRLRRRRLLLLRRLLLLLRRLR,0.071428571,FALSE,0.071428571,0.071428571,0.00%
40,15,LRRRRLRRRRLLLLRRLLLLLRRLR,0.071428571,FALSE,0.071428571,0.071428571,0.00%
41,15,LRRRRLRRRRLLLLRRLLLLLRRLR,0.071428571,FALSE,0.071428571,0.071428571,0.00%
42,15,LLRRRLRRRRLLLLRRLLLLLRRLR,0.0625,FALSE,0.0625,0.0625,0.00%
43,15,LLRRRRRRRRLLLLRRLLLLLRRLR,0.071428571,FALSE,0.071428571,0.071428571,0.00%
44,15,LLRRRRRRRRLLLLRRLLLLLRRLR,0.071428571,FALSE,0.071428571,0.071428571,0.00%
45,15,LLRRRRRRRRLLLLRRLLLLLRRLR,0.071428571,FALSE,0.071428571,0.071428571,0.00%
46,15,LLRRRLRRRRLLLLRRLLLLLRRLR,0.0625,FALSE,0.0625,0.0625,0.00%
47,15,LLRRRLRRRRLLLLRRLLLLLRRLR,0.0625,FALSE,0.0625,0.0625,0.00%
48,15,LLRLRLRRRRLLLLRRLLLLRRRLR,0.0625,FALSE,0.0625,0.0625,0.00%
49,15,RLRLRLRRRRLLLLRRLLLLRRRLR,0.071428571,FALSE,0.071428571,0.071428571,0.00%
50,15,RLRLRLRRRRLLLLRRLLLLRRRLR,0.071428571,FALSE,0.071428571,0.071428571,0.00%
51,15,RLRLRLRRRRLLLLRRLLLLRRRLR,0.071428571,FALSE,0.071428571,0.071428571,0.00%
52,15,RLRLRLRRRRLLLLRRLLLLRRRLR,0.071428571,FALSE,0.071428571,0.071428571,0.00%
53,15,RLRLRLRRRRLLLLRRLLLLRRRLR,0.071428571,FALSE,0.071428571,0.071428571,0.00%
54,15,RLRLRLRRRRLLLLRRLLLLRRRLR,0.071428571,FALSE,0.071428571,0.071428571,0.00%
55,15,RLRLRLRRRRLLLLRRLLLLRRRLR,0.071428571,FALSE,0.071428571,0.071428571,0.00%
56,15,RLRLRLRRRRLLLLRRLLLLRRRLR,0.071428571,FALSE,0.071428571,0.071428571,0.00%
57,15,RLRLRLRRRRLLLLRRLLLLRRRRR,0.083333333,FALSE,0.083333333,0.083333333,0.00%
58,15,RLRLRLRRRRLLLLRRRLLLRRRRR,0.1,FALSE,0.1,0.1,0.00%
59,15,RLRLRLRRRRLLLLRRRLLLRRRRR,0.1,FALSE,0.1,0.1,0.00%
60,15,RLRLRLRRRRLLLLRRRLLLRRRRR,0.1,FALSE,0.1,0.1,0.00%
61,15,RLRLRLRRRRLRLLRRRLLLRRRRR,0.125,FALSE,0.125,0.125,0.00%
62,15,RLRLRLRRRRLRLLRRRLLLRRRRR,0.125,FALSE,0.125,0.125,0.00%
63,15,RLRLRLRRRRLRLLRRRLLLRRRRR,0.125,FALSE,0.125,0.125,0.00%
64,15,RLRLRLRRRLLRLLRRRLLLLRRRR,0.083333333,FALSE,0.083333333,0.083333333,0.00%
65,15,RLRLRLRRRLLRLLRRRLLLLRLRR,0.071428571,FALSE,0.071428571,0.071428571,0.00%
66,15,RLRLRLRRRLLRLLRRRLLLLRLRR,0.071428571,FALSE,0.071428571,0.071428571,0.00%
67,15,RLRLRLRRRLLRLLRRRLLLLRLRR,0.071428571,FALSE,0.071428571,0.071428571,0.00%
68,15,RLRLRLRRRLLRLLRRRLLLLRLRR,0.071428571,FALSE,0.071428571,0.071428571,0.00%
69,15,RLRLRLRRRLLRLLRRRLLLLRLRR,0.071428571,FALSE,0.071428571,0.071428571,0.00%
70,15,RLRLRLRRRLLRLLRLRLLLLRLRR,0.0625,FALSE,0.0625,0.0625,0.00%
71,15,RLRLRLRRRLLRLLRLRLLLLRLRR,0.0625,FALSE,0.0625,0.0625,0.00%
72,15,RLRRRLRRRLLRLLRLRLLLLRLRR,0.071428571,FALSE,0.071428571,0.071428571,0.00%
73,15,RLRRRLRRRLLRLLRLRLLLLRLRR,0.071428571,FALSE,0.071428571,0.071428571,0.00%
74,15,RLRRRLRRRLLRLLRLRLLLLRLLR,0.0625,FALSE,0.0625,0.0625,0.00%
75,15,RLRRRLRRRLRRLLRLRLLLLRLLL,0.0625,FALSE,0.0625,0.0625,0.00%
76,15,RLRRRLRRRLRRLLRLRLLLLRLLL,0.0625,FALSE,0.0625,0.0625,0.00%
77,15,RLRRRLRRRLRRLLRLRLLLLRLLL,0.0625,FALSE,0.0625,0.0625,0.00%
78,15,RLRRRLRRRLRRLLLLRLLLLRLLL,0.055555556,FALSE,0.055555556,0.055555556,0.00%
79,15,RLRRRLRRRLRRLLRLRRLLLRLLL,0.071428571,FALSE,0.071428571,0.071428571,0.00%
80,15,RLRRRLRRRLRRLLRLRRLLLRLLL,0.071428571,FALSE,0.071428571,0.071428571,0.00%
81,15,RLRRRLRRRLRRLLRLRRLLLRLLL,0.071428571,FALSE,0.071428571,0.071428571,0.00%
82,15,RLRRRLRRRLRLLLRLRRLLLRLLL,0.0625,FALSE,0.0625,0.0625,0.00%
83,15,RLRRRLRRRLRLLLRLRLLLLRLLL,0.055555556,FALSE,0.055555556,0.055555556,0.00%
84,15,RLRRRLRRRLRLLLRLRLLLLRLLL,0.055555556,FALSE,0.055555556,0.055555556,0.00%
85,15,RLRRRLRRRLRLLLRLRLLLLRLLL,0.055555556,FALSE,0.055555556,0.055555556,0.00%
86,15,RLRRRLRRRLRLLLRLRLLLLRLLL,0.055555556,FALSE,0.055555556,0.055555556,0.00%
87,15,RLRRRLRRRLRLLLRLRLLLLRLLL,0.055555556,FALSE,0.055555556,0.055555556,0.00%
88,15,RLRRRLRRRLRRLLRLRLLLLRLLL,0.0625,FALSE,0.0625,0.0625,0.00%
89,15,LLRRRLRRRLRRLRRLRLLRLRLLL,0.071428571,FALSE,0.071428571,0.071428571,0.00%
90,15,LLRRRLRRRLRRRRRLRLLRLRLLL,0.083333333,FALSE,0.083333333,0.083333333,0.00%
91,15,LLRRRLRRRLRRRRRLRLLRLRLRL,0.1,FALSE,0.1,0.1,0.00%
92,15,LLRRRLRRRLRRRRRLRLLRLRLRL,0.1,FALSE,0.1,0.1,0.00%
93,15,LLRRRLRRRLRRRRRLRLLRLLLRL,0.083333333,FALSE,0.083333333,0.083333333,0.00%
94,15,LLRRRLRRRLRRRRRLRLLRLLLRL,0.083333333,FALSE,0.083333333,0.083333333,0.00%
95,15,LLRRRLRRRLRRRRRLRLLRLLLRL,0.083333333,FALSE,0.083333333,0.083333333,0.00%
96,15,LLRRRLRRRLRRRRRLRLLRLLLRL,0.083333333,FALSE,0.083333333,0.083333333,0.00%
97,15,LLRRRLRRRLRRRRRLRLLRLLLRL,0.083333333,FALSE,0.083333333,0.083333333,0.00%
98,15,LLRRRLRRRLRRRRRLRLLRLLLRL,0.083333333,FALSE,0.083333333,0.083333333,0.00%
99,15,LLRRRLRRRLRRRRRLRLLRLLLRL,0.083333333,FALSE,0.083333333,0.083333333,0.00%
100,15,LLRLRLRRRLRRRRRLRLLRLLLRL,0.071428571,FALSE,0.071428571,0.071428571,0.00%
101,15,LLRLLLRRRLRRRRRLRLRRLLLRL,0.071428571,FALSE,0.071428571,0.071428571,0.00%
102,15,LLRLLLRRRLRRRRRLRLRRLLLRL,0.071428571,FALSE,0.071428571,0.071428571,0.00%
103,15,RLRLLLRRRLRRRRRLRLRRLLLRL,0.083333333,FALSE,0.083333333,0.083333333,0.00%
104,15,RLRRLLRRRLRRRRRLRLRRLLLRR,0.125,FALSE,0.125,0.125,0.00%
105,15,RLRRLLRRRLRRRRRLRLRRLLLRR,0.125,FALSE,0.125,0.125,0.00%
106,15,RLRRLLRRRLRRRRRLRLRRLLLRR,0.125,FALSE,0.125,0.125,0.00%
107,15,RLRRLLRRRLRRRRRLRLRRLLLRR,0.125,FALSE,0.125,0.125,0.00%
108,15,RLRRLLRRRLRRRRRLRLRRLLLRR,0.125,FALSE,0.125,0.125,0.00%
109,15,RLRRLLRRRLRRRRRLRLRRLLLRR,0.125,FALSE,0.125,0.125,0.00%
110,15,RLRRLLRRRLRRRRRLRLRRLLLRR,0.125,FALSE,0.125,0.125,0.00%
111,15,RLRRLRRRRLRRRRRLRLRRLLLRR,0.166666667,FALSE,0.166666667,0.166666667,0.00%
112,15,RLRRLRRRRLRRRRRLRLRRLLLRL,0.125,FALSE,0.125,0.125,0.00%
113,15,RLRRLRRRRLRRRRRLRLRRLLLRL,0.125,FALSE,0.125,0.125,0.00%
114,15,RLRRLRRRRLRRRRRLRLRRLLLRL,0.125,FALSE,0.125,0.125,0.00%
115,15,RLRRLRRRRLRRRRRLRLRRRLLRL,0.166666667,FALSE,0.166666667,0.166666667,0.00%
116,15,RLRRLRRRRLRRRRLLRLRRRLLRL,0.125,FALSE,0.125,0.125,0.00%
117,15,RLRRLRRRRLRRRRLLRLRRRLLRL,0.125,FALSE,0.125,0.125,0.00%
118,15,RLRRLRRRRLRRRRLLRLRRRLLRL,0.125,FALSE,0.125,0.125,0.00%
119,15,RLRRLRRRRLRRRRLLRLRRRLLRL,0.125,FALSE,0.125,0.125,0.00%
120,15,RLRRLLRRRLRRRRLLRLRRRLLRL,0.1,FALSE,0.1,0.1,0.00%
121,15,RLRRLLRRRLRRRRLLRLRRRLLRL,0.1,FALSE,0.1,0.1,0.00%
122,15,RLLRLLRRRLRRLRLLRLRRRLLRL,0.071428571,FALSE,0.071428571,0.071428571,0.00%
123,15,RLLRLRRRRLRRLRLLRLRRRLLRL,0.083333333,FALSE,0.083333333,0.083333333,0.00%
124,15,RLLRLRRRRLRRLRLLRLRRRLLRL,0.083333333,FALSE,0.083333333,0.083333333,0.00%
125,15,RLLRLRRRRLRRLRLLRLRRRLLRL,0.083333333,FALSE,0.083333333,0.083333333,0.00%
126,15,RLLRLRRRLLRRLRLLRLRRRLLRL,0.071428571,FALSE,0.071428571,0.071428571,0.00%
127,15,RLLRLRRRRLRRLRLLRLRRRLLRL,0.083333333,FALSE,0.083333333,0.083333333,0.00%
128,15,RLLRLRRRRLRRLRLLRLRRRLLRL,0.083333333,FALSE,0.083333333,0.083333333,0.00%
129,15,RLLRLRRRRLRRLRLLRLRRRLLRL,0.083333333,FALSE,0.083333333,0.083333333,0.00%
130,15,RLLRLRRRRLRRLRLLRLRRRLLRL,0.083333333,FALSE,0.083333333,0.083333333,0.00%
131,15,RLLRLRRRRRRRLRLLRLRRRLLRL,0.1,FALSE,0.1,0.1,0.00%
132,15,RLLRLRRLRRRRLRLLRLRRRLLRL,0.083333333,FALSE,0.083333333,0.083333333,0.00%
133,15,RLLRLRRRRRRRLRLLRLRRRLLRL,0.1,FALSE,0.1,0.1,0.00%
134,15,RLLRLRRRRRRRLRLLRLRRRLLRL,0.1,FALSE,0.1,0.1,0.00%
135,15,RLLRLRRRRRLRLRLLRLRRRLLRL,0.083333333,FALSE,0.083333333,0.083333333,0.00%
136,15,RLLRLRRRRRLRLRLLRLRRRLLRL,0.083333333,FALSE,0.083333333,0.083333333,0.00%
137,15,RLLRLRRRRRLRLRLLRLRRRLLRL,0.083333333,FALSE,0.083333333,0.083333333,0.00%
138,15,RLLRLRLRRRLRLRLLRLRRRLLRL,0.071428571,FALSE,0.071428571,0.071428571,0.00%
139,15,RLLRLRLRRRLRLLLLRLRRRLLRL,0.0625,FALSE,0.0625,0.0625,0.00%
140,15,RLLRLRLRRRLRLLLLRLRRRLLRL,0.0625,FALSE,0.0625,0.0625,0.00%
141,15,RLLRLRLRRRLRLLLLRLRRRLLRL,0.0625,FALSE,0.0625,0.0625,0.00%
142,15,RLLRLRLRRRLRLLLLRLRRRLLRL,0.0625,FALSE,0.0625,0.0625,0.00%
143,15,RLLRLRLRRRLRLLLLRLRRRLLRL,0.0625,FALSE,0.0625,0.0625,0.00%
144,15,RLLRLRLRRRLRLLLRRLRRRLLRL,0.071428571,FALSE,0.071428571,0.071428571,0.00%
145,15,LLLRLRLRRRLRLLLRRLRRLLLRL,0.055555556,FALSE,0.055555556,0.055555556,0.00%
146,15,LLLRLRLRRRLRLLLRRLLRLLLRL,0.05,FALSE,0.05,0.05,0.00%
147,15,LLLRLRLRRRLRLLLRRLLRLRLRL,0.055555556,FALSE,0.055555556,0.055555556,0.00%
148,15,LLLRLRLRRRLRLLLRRRLRLRLRL,0.0625,FALSE,0.0625,0.0625,0.00%
149,15,LLRRLRLRRRLRLLLRRRRLLRLRL,0.071428571,FALSE,0.071428571,0.071428571,0.00%
150,15,LLRRLRLRRRLRLLLRRRRLLRLRL,0.071428571,FALSE,0.071428571,0.071428571,0.00%
151,15,LLRRLRLRLRLRLLLRRRRLLRLRR,0.071428571,FALSE,0.071428571,0.071428571,0.00%
152,15,LLRRLRLRLRLRLLLRRRRLLRLRR,0.071428571,FALSE,0.071428571,0.071428571,0.00%
153,15,LLRRLRLRLRLRLLLRRRRLLRLRR,0.071428571,FALSE,0.071428571,0.071428571,0.00%
154,15,LLRRLRLRLRLRLLLRRRRLLRLRR,0.071428571,FALSE,0.071428571,0.071428571,0.00%
155,15,LLRRLRLRLRLRLLLRRRRLLRLRR,0.071428571,FALSE,0.071428571,0.071428571,0.00%
156,15,LLRRLRLRLRLRLLLRRRRLLRLRR,0.071428571,FALSE,0.071428571,0.071428571,0.00%
157,15,LLRRLRLRLRLRLLLRRRRLLRLRR,0.071428571,FALSE,0.071428571,0.071428571,0.00%
158,15,LLLRLRLRLRLRLLLRRRRLLRLRR,0.0625,FALSE,0.0625,0.0625,0.00%
159,15,LLLRLRLRLRLRLLLRRRRLLRLRR,0.0625,FALSE,0.0625,0.0625,0.00%
160,15,LLLRLRLRLRLRLLLRRRRLLRLRR,0.0625,FALSE,0.0625,0.0625,0.00%
161,15,LLLRLRLRLRLRLLLRRLRLLRLRR,0.055555556,FALSE,0.055555556,0.055555556,0.00%
162,15,LLLRRRLRLRLRLLLRRLRLLRLRR,0.0625,FALSE,0.0625,0.0625,0.00%
163,15,LLLRRRRRLRLRLLLRRLRLLRLRR,0.071428571,FALSE,0.071428571,0.071428571,0.00%
164,15,LLLRRRRRLRLRLLLRRLRLLRLRR,0.071428571,FALSE,0.071428571,0.071428571,0.00%
165,15,LLLRRRRRLRLRLLLRRLRLLRRRR,0.083333333,FALSE,0.083333333,0.083333333,0.00%
166,15,LLLRRLRRLRLRLLLRRLRLLRRRR,0.071428571,FALSE,0.071428571,0.071428571,0.00%
167,15,LLLRRLRRLRLRLLLRLLRLLRRRR,0.0625,FALSE,0.0625,0.0625,0.00%
168,15,LLLRRLRRLRLRLLLRLLRLLRRRR,0.0625,FALSE,0.0625,0.0625,0.00%
169,15,LLLRRLRRLRLRLLLRLLRLLRRRR,0.0625,FALSE,0.0625,0.0625,0.00%
170,15,LLLRLLRRLRLRLLLRLLRLLRRRR,0.055555556,FALSE,0.055555556,0.055555556,0.00%
171,15,LLLRLLRRLRLRLLLRLLRLLRRRR,0.055555556,FALSE,0.055555556,0.055555556,0.00%
172,15,LLLRLLRRLRLRLLLRLLRLLRRRR,0.055555556,FALSE,0.055555556,0.055555556,0.00%
173,15,LLLRLLRRLRLRLLLRLLRLLRRRR,0.055555556,FALSE,0.055555556,0.055555556,0.00%
174,15,LLLRLLRRLRLRLLLRLLRLLRRRR,0.055555556,FALSE,0.055555556,0.055555556,0.00%
175,15,RLLRLLRRLRLRLLLRLLRLLRRRR,0.0625,FALSE,0.0625,0.0625,0.00%
176,15,RLLRLRRRLRLRLLLRLLRLLRRRR,0.071428571,FALSE,0.071428571,0.071428571,0.00%
177,15,RLLRLRRRLRLRLLLRLLRLLRRRR,0.071428571,FALSE,0.071428571,0.071428571,0.00%
178,15,RLLRLRRRLRLRLLLRLLRLLRRRR,0.071428571,FALSE,0.071428571,0.071428571,0.00%
179,15,RLLRLRRRLRLRLLLRLLRLLRRRR,0.071428571,FALSE,0.071428571,0.071428571,0.00%
180,15,RLLRLRRRLRLRLLLRLLRLLRRRR,0.071428571,FALSE,0.071428571,0.071428571,0.00%
181,15,RLLRLRRRLRLRLLLRLLRLLRRRR,0.071428571,FALSE,0.071428571,0.071428571,0.00%
182,15,RLLRLRRRLRLRLLLRLLRLLRRRR,0.071428571,FALSE,0.071428571,0.071428571,0.00%
183,15,RRLRLRRRLRLRLLLRLLRLLRRRR,0.083333333,FALSE,0.083333333,0.083333333,0.00%
184,15,RRLRLRRRLRLRLLLRLLRLLRRRR,0.083333333,FALSE,0.083333333,0.083333333,0.00%
185,15,RRLRLRRRLRLRLLLRLLRLLRRRR,0.083333333,FALSE,0.083333333,0.083333333,0.00%
186,15,RRLRLRRRLRLRLLLRLLRLLRRRR,0.083333333,FALSE,0.083333333,0.083333333,0.00%
187,15,RLLRLRRRLRLRLLLRLLRLLRRRR,0.071428571,FALSE,0.071428571,0.071428571,0.00%
188,15,RLLRLRRRLRLRLLLRLLRLLRRRR,0.071428571,FALSE,0.071428571,0.071428571,0.00%
189,15,RLLRLRRRLRLRLLLRLLRLLRRRR,0.071428571,FALSE,0.071428571,0.071428571,0.00%
190,15,RLLRLRRRLRLRLLLRLLRLLRRRR,0.071428571,FALSE,0.071428571,0.071428571,0.00%
191,15,RLLRLRRRLRLRLLLRLLRLLRRRR,0.071428571,FALSE,0.071428571,0.071428571,0.00%
192,15,RLLLLRRRLRLRLLLRLLRLLRRRR,0.0625,FALSE,0.0625,0.0625,0.00%
193,15,RLLLLRRRLRLLLRLRLLRLLRRRR,0.0625,FALSE,0.0625,0.0625,0.00%
194,15,RLLLLRRRLRLLLRLRLLRLLRRRR,0.0625,FALSE,0.0625,0.0625,0.00%
195,15,RLLLLRRRLRLLLRLRLLRLLRRRR,0.0625,FALSE,0.0625,0.0625,0.00%
196,15,RLLLLRRRLRLLLRLRLLRLLRRRR,0.0625,FALSE,0.0625,0.0625,0.00%
197,15,RLLLLRRRLRLLLRLRLLRLLRRRR,0.0625,FALSE,0.0625,0.0625,0.00%
198,15,RLLLLRRRLRLLLRLRLLRLLRRRR,0.0625,FALSE,0.0625,0.0625,0.00%
199,15,LLLLLRRRLLLLLRLRLLRLLRRRR,0.05,FALSE,0.05,0.05,0.00%
200,15,LLLLLRRRLLLLLRLRLLRLLRRRR,0.05,FALSE,0.05,0.05,0.00%
,,,,,,,
The cheese was never eaten by the best rat in any generation.,,,,,,,
