Population Size,Life Span,Max Generations,Maze Size,,,,
2,25,200,30,,,,
,,,,,,,
Current Generation,Best Rat's Starting Position,Best DNA,Best Fitness Score,Best Reached Goal,Average Fitness Score (No Winners),Average Fitness Score(Winner Inclusive),% Pop Reached Goal
1,15,LLRLRRLRRRRLLLRRLRLLLLLRL,0.055555556,FALSE,0.055555556,0.055555556,0.00%
2,15,LLRLRRLRRRRLLLRRRLLRRLLRL,0.071428571,FALSE,0.063492063,0.063492063,0.00%
3,15,LLRLRRLRRRRLLLRRRLLRRLLRL,0.071428571,FALSE,0.063492063,0.063492063,0.00%
4,15,LLRLRRLRRRRLLLRRLRLRRLLRL,0.071428571,FALSE,0.063492063,0.063492063,0.00%
5,15,LRRLRRLRRRRLLLRRLRLLLLLRL,0.0625,FALSE,0.059027778,0.059027778,0.00%
6,15,LRRLRRLRRRRLLLRRLRLLLLLRL,0.0625,FALSE,0.059027778,0.059027778,0.00%
7,15,LRRLRRLRRRRLLLRRLRLLRRLRL,0.083333333,FALSE,0.069444444,0.069444444,0.00%
8,15,LRRLRRLRRRRLLLRRLRLLRRLRL,0.083333333,FALSE,0.083333333,0.083333333,0.00%
9,15,LRRLRRRRRRRLLLRRLRLLRRLRL,0.1,FALSE,0.091666667,0.091666667,0.00%
10,15,LRRLRRRRRRRLLLRRLRLLRRLRR,0.125,FALSE,0.1125,0.1125,0.00%
11,15,LRRRRRRRRRRLLLRRLRLLRRLRR,0.166666667,FALSE,0.133333333,0.133333333,0.00%
12,15,LRRRRRRRRRRLLLRRLRLLRRLRR,0.166666667,FALSE,0.145833333,0.145833333,0.00%
13,15,LRRRRRRRRRRLLLRRRRLLRRLRL,0.166666667,FALSE,0.145833333,0.145833333,0.00%
14,15,LRRRRRRRRRRLLLRRRRLLRRLRL,0.166666667,FALSE,0.166666667,0.166666667,0.00%
15,15,LRRRRRRRRRRLLLRRLRRLRRLRL,0.166666667,FALSE,0.166666667,0.166666667,0.00%
16,15,LRRRRRRRRRRLLRRRLRRRRRLRL,0.5,FALSE,0.3,0.3,0.00%
17,15,LRRLRRRRRRRLLLRRLRLLRRLRL,0.1,FALSE,0.1,0.1,0.00%
18,15,LRRLRRRRRRRLLLRRLRLLRRLRL,0.1,FALSE,0.091666667,0.091666667,0.00%
19,15,RLRRRRRRRRRRLLRRLRLLRRLRL,0.166666667,FALSE,0.125,0.125,0.00%
20,15,RLRRRRRRRRRRLLRRLRLLLRLRL,0.125,FALSE,0.098214286,0.098214286,0.00%
21,15,RLRRRRRRRRRRLLRRLRLLRRLRL,0.166666667,FALSE,0.145833333,0.145833333,0.00%
22,15,RLRRRRRRRRRRLLRRLRLLLRLRL,0.125,FALSE,0.125,0.125,0.00%
23,15,RLRRRRRLRRRRLLRRLRLLRRLRL,0.125,FALSE,0.104166667,0.104166667,0.00%
24,15,RLRRRRRLRRLRLLRRLRLLLRLRL,0.083333333,FALSE,0.077380952,0.077380952,0.00%
25,15,RLRRRRRLRRLRLLRRLRLLLRLRL,0.083333333,FALSE,0.077380952,0.077380952,0.00%
26,15,RLRRRRRLRRRRLLRRLRLLLRLRL,0.1,FALSE,0.091666667,0.091666667,0.00%
27,15,RLRRRRRLRRRRLLRRLRLLLRLRL,0.1,FALSE,0.1,0.1,0.00%
28,15,RLRRRRRLRRRRLLRRLRLLLRLRL,0.1,FALSE,0.1,0.1,0.00%
29,15,RLRRRRRLRRRRLLRRLRLLLRLRL,0.1,FALSE,0.1,0.1,0.00%
30,15,RLRRRRRLRRRRLRRRLRRLLRLRL,0.166666667,FALSE,0.133333333,0.133333333,0.00%
31,15,RLRRRRRLRRRRLRRRLRRLLRLRL,0.166666667,FALSE,0.133333333,0.133333333,0.00%
32,15,RLRRRRRLRRRRLLRRLRRLLRLRL,0.125,FALSE,0.125,0.125,0.00%
33,15,RLRRRRRLRRRRLLRRLRRLLRLRL,0.125,FALSE,0.1125,0.1125,0.00%
34,15,RLRRRRRLRRRRLLRRLRRLLRLRL,0.125,FALSE,0.104166667,0.104166667,0.00%
35,15,RLRLRRRLRRRRLLRRLRRLLRLRL,0.1,FALSE,0.091666667,0.091666667,0.00%
36,15,LLRLRRRLLRRRLRRRLRRLLRLRR,0.1,FALSE,0.091666667,0.091666667,0.00%
37,15,LLRRRRRLLRRRRLRRLRRLLRLRL,0.1,FALSE,0.1,0.1,0.00%
38,15,LLRRRRRLLRRRRLRRLLRLLRLRR,0.1,FALSE,0.1,0.1,0.00%
39,15,LLRRRRRLLRRRRLRRLLRLLRLRR,0.1,FALSE,0.091666667,0.091666667,0.00%
40,15,LLRRRRRLLRRRRLRRLLRLLRLRR,0.1,FALSE,0.08125,0.08125,0.00%
41,15,LLRRRRRLLLLRRLRRLRLLLRLRR,0.071428571,FALSE,0.066964286,0.066964286,0.00%
42,15,LLRRRRRLLLLRRLRRLRLLLRLRR,0.071428571,FALSE,0.071428571,0.071428571,0.00%
43,15,LLRRRRRLLLLRRLRRRRLLLRLRR,0.083333333,FALSE,0.077380952,0.077380952,0.00%
44,15,LLRRRRRLLLLRRLRRRRLLLRLRR,0.083333333,FALSE,0.077380952,0.077380952,0.00%
45,15,LLRRRRRLLLLRRRRRRRLLLRLRR,0.1,FALSE,0.091666667,0.091666667,0.00%
46,15,LLRRRRRLLLLRRRRRRRLLLRLRR,0.1,FALSE,0.1,0.1,0.00%
47,15,LLRRRRRLLLLRRRRRRRLLLRLRR,0.1,FALSE,0.091666667,0.091666667,0.00%
48,15,LLRRRRRLLLLRRRRRRRLLLRLRR,0.1,FALSE,0.091666667,0.091666667,0.00%
49,15,LLRRRRRLLLLRRRRRRRLLLRLRR,0.1,FALSE,0.085714286,0.085714286,0.00%
50,15,LLRRRRRLLLLRRRRRRRLLLRLRR,0.1,FALSE,0.085714286,0.085714286,0.00%
51,15,LLRRRRRLLLLRRRRRRRLLLRLRR,0.1,FALSE,0.091666667,0.091666667,0.00%
52,15,LLRLRRRLRLLRRRRRRRLLLRLLR,0.083333333,FALSE,0.083333333,0.083333333,0.00%
53,15,LLRLRRRLRLLRRRRRRRRLLRLLR,0.1,FALSE,0.085714286,0.085714286,0.00%
54,15,LLRLRRLLRLLRRRRRRRRLLRRLR,0.1,FALSE,0.085714286,0.085714286,0.00%
55,15,LLRLRRLLRLLRRRRRRRLLLRRLR,0.083333333,FALSE,0.077380952,0.077380952,0.00%
56,15,LLRLRRRLRLLRLRRRRRLLLRRLR,0.083333333,FALSE,0.069444444,0.069444444,0.00%
57,15,LLRLRRLLRLRRLRRRRLLLLRLLR,0.0625,FALSE,0.05625,0.05625,0.00%
58,15,LLRLRRLLRLRRLRRRRLLLLRLLR,0.0625,FALSE,0.05625,0.05625,0.00%
59,15,LLRLRRLLRLRRLRRRRLLLLRLLR,0.0625,FALSE,0.059027778,0.059027778,0.00%
60,15,LLRLRRLRRLLRLLRRRLLLLRLLR,0.055555556,FALSE,0.055555556,0.055555556,0.00%
61,15,RLRLRRLRRLLRLLRRRLLLLRLLR,0.0625,FALSE,0.059027778,0.059027778,0.00%
62,15,RLRLRRLRRLLRRLRRRLLLLRLLR,0.071428571,FALSE,0.066964286,0.066964286,0.00%
63,15,RLRLRRLRRLLRRLRRRLLLLRLLR,0.071428571,FALSE,0.066964286,0.066964286,0.00%
64,15,RLRLRRLRRLLRLLRLRLLLLRLRR,0.0625,FALSE,0.0625,0.0625,0.00%
65,15,RLRLRRLRRLLRLLRRRLLLLRLRR,0.071428571,FALSE,0.066964286,0.066964286,0.00%
66,15,RLRLRRLRRLLRLLRRRLLLLRLRL,0.0625,FALSE,0.059027778,0.059027778,0.00%
67,15,RLRLRRLRRLLRLLRRRLLLLRLRL,0.0625,FALSE,0.0625,0.0625,0.00%
68,15,RLRLRRLRRLLRLLRLRLLLLRLRR,0.0625,FALSE,0.0625,0.0625,0.00%
69,15,RLRLRRLLRRLRLLRRRLLLLRLRR,0.071428571,FALSE,0.066964286,0.066964286,0.00%
70,15,RLRRRRLLRRLRLLRRRLLLLRLRL,0.071428571,FALSE,0.066964286,0.066964286,0.00%
71,15,RLRRRRLLRRLRLLRRRLLLLRLRL,0.071428571,FALSE,0.071428571,0.071428571,0.00%
72,15,RLRRRRLLRRLRLLRRRLLLLRRRL,0.083333333,FALSE,0.077380952,0.077380952,0.00%
73,15,RLRRRRLLRRRRRLRRRLLLLRRRL,0.125,FALSE,0.104166667,0.104166667,0.00%
74,15,RLRRRRLLRRLRLLRRRLRLLRLRL,0.083333333,FALSE,0.083333333,0.083333333,0.00%
75,15,RLRRRRLLRRLRLLRRRLRLLRLRL,0.083333333,FALSE,0.077380952,0.077380952,0.00%
76,15,RLRRRRLRRRLRLLRRRLRLLRLRL,0.1,FALSE,0.091666667,0.091666667,0.00%
77,15,RLRRRRLRRRLRLLRRRLRLLRLRL,0.1,FALSE,0.085714286,0.085714286,0.00%
78,15,RLRRRRLLRRLRLLRRRLLLLRLRL,0.071428571,FALSE,0.071428571,0.071428571,0.00%
79,15,RLRRRRLLRRLRLLRRRLLLLRLRL,0.071428571,FALSE,0.071428571,0.071428571,0.00%
80,15,RLRRRRLLRRLRLLRRRLLLRRLRL,0.083333333,FALSE,0.072916667,0.072916667,0.00%
81,15,RLRRRRLLRRLRLLRRRLLLRRLRL,0.083333333,FALSE,0.072916667,0.072916667,0.00%
82,15,RLRRRLLLRRLRLLRRRLLRRRLRL,0.083333333,FALSE,0.069444444,0.069444444,0.00%
83,15,RLRRRLLLRRLRLLRRRLLRRRLRL,0.083333333,FALSE,0.072916667,0.072916667,0.00%
84,15,RLRRRLLLRRLRLLRRRLLRRRLRR,0.1,FALSE,0.091666667,0.091666667,0.00%
85,15,RLRRRLLLRRLRLLRRRLLRRRLRL,0.083333333,FALSE,0.077380952,0.077380952,0.00%
86,15,RLRRRLLLRRLRLLRLRLLRRRLRL,0.071428571,FALSE,0.071428571,0.071428571,0.00%
87,15,RLRRRLLRRRLRLLRLRLLLRRLRL,0.071428571,FALSE,0.071428571,0.071428571,0.00%
88,15,RLRRRLLRRRLRLLRLRLLLRRLRL,0.071428571,FALSE,0.071428571,0.071428571,0.00%
89,15,RLRRRLLRRRLRLRLRRLLRRRLRL,0.1,FALSE,0.077777778,0.077777778,0.00%
90,15,RLRRRLLRRRLRLRLRRLLRRRLRL,0.1,FALSE,0.1,0.1,0.00%
91,15,RLRRRLLRRRLRLRLRRLLRRRLRL,0.1,FALSE,0.091666667,0.091666667,0.00%
92,15,RLRRRLLRRRLRLRLRRLLLRRLRL,0.083333333,FALSE,0.083333333,0.083333333,0.00%
93,15,RLRRRLLRRRLRLLLRRLLRRRLLR,0.083333333,FALSE,0.083333333,0.083333333,0.00%
94,15,RRRRRLLRRRLRLLLRRLLRRRLRL,0.1,FALSE,0.085714286,0.085714286,0.00%
95,15,RRRRRLLRRRLRLLLRRLLRRRLRL,0.1,FALSE,0.1,0.1,0.00%
96,15,RRRRRLLRRRLRLLLRRLLRRRLRL,0.1,FALSE,0.091666667,0.091666667,0.00%
97,15,RRRRRRLRRRLRLLLRRLLRRLLRL,0.1,FALSE,0.1,0.1,0.00%
98,15,RRRRRRLRRRLRRLLRRLLRRLLRL,0.125,FALSE,0.125,0.125,0.00%
99,15,RRRLRRRRRRLRLLLRRLLRRRLRL,0.125,FALSE,0.125,0.125,0.00%
100,15,RRRRRRLRRRLRRLLRRLLRRRLLL,0.125,FALSE,0.125,0.125,0.00%
101,15,RRRRRRLRRRLRRLLRRLLRRRLRL,0.166666667,FALSE,0.133333333,0.133333333,0.00%
102,15,RRLRRRLRRRLRRLLRRLLRRRLRL,0.125,FALSE,0.1125,0.1125,0.00%
103,15,RRRRRRLRRRLRRLLRRLLRRRLRL,0.166666667,FALSE,0.166666667,0.166666667,0.00%
104,15,RRRRRRLRRRLRRLLRRLLRRRLRR,0.25,FALSE,0.208333333,0.208333333,0.00%
105,15,RRLRRRLRRRLRRLLRRLLRRRLRR,0.166666667,FALSE,0.166666667,0.166666667,0.00%
106,15,RRLRRRLRRRLRRLLRRLLRRRLRR,0.166666667,FALSE,0.166666667,0.166666667,0.00%
107,15,RRLRRRLRRRLRRLLRRLLRRRLRR,0.166666667,FALSE,0.145833333,0.145833333,0.00%
108,15,RRLRRRLRRRLRRLLRRLLLRRLRR,0.125,FALSE,0.125,0.125,0.00%
109,15,RRLRRRLRLRLRRLLRRLLLRRLRR,0.1,FALSE,0.091666667,0.091666667,0.00%
110,15,RRLRRRLRLRLRRLLRRLLLRRLRR,0.1,FALSE,0.1,0.1,0.00%
111,15,RRLRRRLRRRLRRLLLRLLLRRLRR,0.1,FALSE,0.1,0.1,0.00%
112,15,RRLRRRRRLRLRRLLLRLLLRRLRR,0.1,FALSE,0.091666667,0.091666667,0.00%
113,15,RRLRRRRRRRLRRRLLLLLLRRLRR,0.125,FALSE,0.1125,0.1125,0.00%
114,15,RRLRRRRRRRLRRRLLLLLLRRLRR,0.125,FALSE,0.1125,0.1125,0.00%
115,15,RRLRRRRRRRLRRLLRLLLLRRLRR,0.125,FALSE,0.104166667,0.104166667,0.00%
116,15,RRLRRRRRRRLRRLLRLLLLRRLRR,0.125,FALSE,0.104166667,0.104166667,0.00%
117,15,RRLRRRRRRRLRRLLRLLLLRLLRR,0.1,FALSE,0.091666667,0.091666667,0.00%
118,15,RRLRRRRRRRLRRLLRLLLLRLLRR,0.1,FALSE,0.091666667,0.091666667,0.00%
119,15,RRLRRRRRRRLRRLLRLLLLRLLRR,0.1,FALSE,0.1,0.1,0.00%
120,15,RRLRRRRRRRLRRLLRLLLLRLLRR,0.1,FALSE,0.1,0.1,0.00%
121,15,RRLRRRRRRRLRRLLRRLLLRLLRR,0.125,FALSE,0.1125,0.1125,0.00%
122,15,RRLRRRRRRRLRRLLRLLLLRLLRR,0.1,FALSE,0.1,0.1,0.00%
123,15,RRLRRRRRRRLRRLLRLLLLRLLRR,0.1,FALSE,0.091666667,0.091666667,0.00%
124,15,RRLRRRRRRRLRRLRRLLLLRLLRR,0.125,FALSE,0.104166667,0.104166667,0.00%
125,15,RRLRRRRRRRLRRLRRLLLLRLLRR,0.125,FALSE,0.104166667,0.104166667,0.00%
126,15,RRLRRRRRRRLRRLRRLLLLRLLRR,0.125,FALSE,0.1125,0.1125,0.00%
127,15,RRLRRRRRRRLRRLRRLRLLRLLRR,0.166666667,FALSE,0.133333333,0.133333333,0.00%
128,15,RRLRRRRRRRLRRLRRLRLLLLLRR,0.125,FALSE,0.1125,0.1125,0.00%
129,15,RRLRRRRRRRLRRLRLLLLLRLLRR,0.1,FALSE,0.091666667,0.091666667,0.00%
130,15,RLLRRRRRRRRRRLRLLLLLRLLRR,0.1,FALSE,0.085714286,0.085714286,0.00%
131,15,RLLRRRRLRRRRRLRLLLLLRLLRR,0.083333333,FALSE,0.077380952,0.077380952,0.00%
132,15,RLLRRRRLRRRRRLRLLLLLRLLRR,0.083333333,FALSE,0.077380952,0.077380952,0.00%
133,15,RLLRRRRRLRLRRLRLLLLLRLLRR,0.071428571,FALSE,0.071428571,0.071428571,0.00%
134,15,RLLRRRRRLRLRRLRLLLRLRLLRR,0.083333333,FALSE,0.077380952,0.077380952,0.00%
135,15,RLLRRRRRLRLRRLRLLLLLRLLRR,0.071428571,FALSE,0.071428571,0.071428571,0.00%
136,15,RLLRRRRRLRLRRLRRLLLLRLLRR,0.083333333,FALSE,0.077380952,0.077380952,0.00%
137,15,RLLRRRRRLRLRRLRRLLLLRLLRR,0.083333333,FALSE,0.072916667,0.072916667,0.00%
138,15,RLLLRRRRLRLRRLRRLLLLRLLRR,0.071428571,FALSE,0.071428571,0.071428571,0.00%
139,15,RLLRRRRRLRLRRLRRRLLLLLLRR,0.083333333,FALSE,0.069444444,0.069444444,0.00%
140,15,RLLRRRRRLRLRRLRRRLLLLLLRR,0.083333333,FALSE,0.069444444,0.069444444,0.00%
141,15,RLLRRRRRLRLRRLRRRLLLLLLRR,0.083333333,FALSE,0.072916667,0.072916667,0.00%
142,15,RLLLRRRRLRRRRRLRLLRLLLLRR,0.083333333,FALSE,0.077380952,0.077380952,0.00%
143,15,RLLLRRRRLRRRRRLRLLRLLLLRR,0.083333333,FALSE,0.083333333,0.083333333,0.00%
144,15,RLLLRRRRLRRRRRLRLRRLLLLRR,0.1,FALSE,0.091666667,0.091666667,0.00%
145,15,RLRLRRRRLRRRRRLRLRRLLLLRR,0.125,FALSE,0.104166667,0.104166667,0.00%
146,15,RLRLRRRRLRRRRRLRLRRLLLLRR,0.125,FALSE,0.104166667,0.104166667,0.00%
147,15,RLRLRRRRLRRRRRLRLRRLLLLRR,0.125,FALSE,0.104166667,0.104166667,0.00%
148,15,RLRLRRRRLRRRRRLRLRRLLLLRR,0.125,FALSE,0.1125,0.1125,0.00%
149,15,RLRLRRRRLRRRRRLRLRRLLLLRR,0.125,FALSE,0.1125,0.1125,0.00%
150,15,RLRLRRRRLRRRRRLRLRRLLLLRR,0.125,FALSE,0.1125,0.1125,0.00%
151,15,RLRLRRRRLRLRRRLRRRRLLLLRR,0.125,FALSE,0.1125,0.1125,0.00%
152,15,RLRLRRRRLRLRRRLRRRRLLLLRR,0.125,FALSE,0.125,0.125,0.00%
153,15,RLRLRRRRLRLRRRLRRRRLLLLRR,0.125,FALSE,0.125,0.125,0.00%
154,15,RLRLRRRRLRLRRRLRRRRLLLLRR,0.125,FALSE,0.125,0.125,0.00%
155,15,RLRLRRRRLRLRRRLRRRRLLLLRR,0.125,FALSE,0.125,0.125,0.00%
156,15,RLRLRRRRLRLRRRLRRRRLLLRRR,0.166666667,FALSE,0.125,0.125,0.00%
157,15,RLRLRRRRLRLRRRLRRRRLLLRRR,0.166666667,FALSE,0.166666667,0.166666667,0.00%
158,15,RLRLRRRRLRLRRRLRRRRLLLRRR,0.166666667,FALSE,0.166666667,0.166666667,0.00%
159,15,RRRRRRRRRRLLRRLRRRRLLLRRR,0.5,FALSE,0.333333333,0.333333333,0.00%
160,15,RRRRRRRRRRLLRRLRRRRLLLRRR,0.5,FALSE,0.5,0.5,0.00%
161,15,RRRRRRRRRRLLRRLRRRRLLLRRR,0.5,FALSE,0.375,0.375,0.00%
162,15,RRRRRRRRRRRLRRLRRRRLLLRRR,2,TRUE,0.25,1.125,50.00%
163,15,RRRRRRRRRRRLRRLRRRRLLLRRR,2,TRUE,N/A,2,100.00%
164,15,RRRRRRRRRRRLRRLRRRRLLLRRR,2,TRUE,0.5,1.25,50.00%
165,15,RRRRRRRRRRLLRRLRRRRRLLRRR,2,TRUE,0.5,1.25,50.00%
166,15,RRRRRRRRRRLLRRLRRRRRLLRRR,2,TRUE,0.5,1.25,50.00%
167,15,RRRRRRRRRRLLRRLRRRRRLLRRR,2,TRUE,0.25,1.125,50.00%
168,15,RRRRRRRRRRLLRRLRRRRRLLRRR,2,TRUE,N/A,2,100.00%
169,15,RRRRRRRRRRRLRRLRRRRRLLRRR,2,TRUE,0.5,1.25,50.00%
170,15,RRRRRRRRRRRLRRLRRRRRLLRRR,2,TRUE,N/A,2,100.00%
171,15,RRRRRRRRRLRLRRLRRRRRLLRRR,2,TRUE,N/A,2,100.00%
172,15,RRRRRRRRRRRLRRLRRRRRLLRRR,2,TRUE,0.5,1.25,50.00%
173,15,RRRRRRRRRRRLRRLRRRRRLLLRR,2,TRUE,N/A,2,100.00%
174,15,RRRRRRRRRRRLRRLRRRRRLLRRR,2,TRUE,N/A,2,100.00%
175,15,RRRRRRRRRRRLRRRRRRRLLLRRR,2,TRUE,0.25,1.125,50.00%
176,15,RRRRRRRRRRRLRRRRRRRLLLRRR,2,TRUE,N/A,2,100.00%
177,15,RRRRRRRRRLRLRRRRRRRLLLRRR,2,TRUE,N/A,2,100.00%
178,15,RRRRRRRRRRRLRRRRRRRLLLLRR,2,TRUE,N/A,2,100.00%
179,15,RRRRRRRRRRRLRRRRRRRLLLLRR,2,TRUE,N/A,2,100.00%
180,15,RRRRRRRRRRRRRRRRRRRLRLLRR,2,TRUE,N/A,2,100.00%
181,15,RRRRRRRRRRRRRRRRRRRLRLLRR,2,TRUE,N/A,2,100.00%
182,15,RRRRRRRRRRRRRRRRRRLLRRLRR,2,TRUE,N/A,2,100.00%
183,15,RRRRRLRRRRRRRRRRRRLLRRLRR,2,TRUE,N/A,2,100.00%
184,15,RRRRRRRRRRRRRRRRRRLLRRLRR,2,TRUE,N/A,2,100.00%
185,15,RRRRRRRRRRRRRRRRRRLLRRLRR,2,TRUE,N/A,2,100.00%
186,15,RRRRRRRRRRRRRRRRRRLLRRLRR,2,TRUE,N/A,2,100.00%
187,15,RRRLRRRRRRRRRRRRRRLLRRLRR,2,TRUE,N/A,2,100.00%
188,15,RRRRRRRRRRRRRRRRRRLLRRLRR,2,TRUE,N/A,2,100.00%
189,15,RRRRRLRRRRRRRRRRRRLRRRLRR,2,TRUE,N/A,2,100.00%
190,15,RRRRRRRRRRRRRRRRRRLLRRLRR,2,TRUE,N/A,2,100.00%
191,15,RRLRRRRRRRRRRRRRRRLLRRLRR,2,TRUE,N/A,2,100.00%
192,15,RRRRRRRRRRRRRRRRRRLLRRLRR,2,TRUE,N/A,2,100.00%
193,15,RRRRRRRRRRRLRRRRRRLLRRLRR,2,TRUE,N/A,2,100.00%
194,15,RRLRRRRRRRRRRRRRRRLLRRRRR,2,TRUE,0.25,1.125,50.00%
195,15,RRLRRRRRRRRRRRRRRRLLRLRLR,2,TRUE,N/A,2,100.00%
196,15,RRLRRRRRRRRRRRRRRRLLRLRLR,2,TRUE,N/A,2,100.00%
197,15,RRLRRRRRRRRRRRRRRRLLRLRLR,2,TRUE,N/A,2,100.00%
198,15,RRLRRRRRRRRRRRRRRRLLRLRLR,2,TRUE,0.5,1.25,50.00%
199,15,RRLRRRRRRRRRRRRRRRLLRLRLR,2,TRUE,0.5,1.25,50.00%
200,15,RRLRRRRRRRRRRRRRRRLLRLRLR,2,TRUE,N/A,2,100.00%
,,,,,,,
First generation where best rat ate the cheese: 162,,,,,,,
