Population Size,Life Span,Max Generations,Maze Size,,,,
4,25,200,30,,,,
,,,,,,,
Current Generation,Best Rat's Starting Position,Best DNA,Best Fitness Score,Best Reached Goal,Average Fitness Score (No Winners),Average Fitness Score(Winner Inclusive),% Pop Reached Goal
1,15,LLLLRRRRLRRLRLLRRLLLRRLLR,0.0625,FALSE,0.055902778,0.055902778,0.00%
2,15,RLLRLLRRRLRLRLRRRLLLLRLLR,0.0625,FALSE,0.057638889,0.057638889,0.00%
3,15,LLLLRRRRLRRLRLLRRLLRRLLLR,0.0625,FALSE,0.057291667,0.057291667,0.00%
4,15,LLLLRRRRLRRLRLLRRLLRRLLLR,0.0625,FALSE,0.059375,0.059375,0.00%
5,15,LLLLRRRRLRRLRLLRRLLRRLLLR,0.0625,FALSE,0.059027778,0.059027778,0.00%
6,15,LLLLRRRRRRRRRLLRRLLRRLLLR,0.083333333,FALSE,0.067708333,0.067708333,0.00%
7,15,LLRLRRRRLRRLRLLRRLLRRLLLR,0.071428571,FALSE,0.061259921,0.061259921,0.00%
8,15,LLLLRRRRLRRLRLLRRLLRRLLLR,0.0625,FALSE,0.057638889,0.057638889,0.00%
9,15,LLRLRRRRLRRLRLRLRLLRRLLLR,0.071428571,FALSE,0.061259921,0.061259921,0.00%
10,15,LLRLRRRRLRRLRLRLRRLRRLLLR,0.083333333,FALSE,0.063690476,0.063690476,0.00%
11,15,LLRRRRRRLRRLRLRLRRLRRLLLR,0.1,FALSE,0.072222222,0.072222222,0.00%
12,15,LLRRRRRRRRLLRLRLRRLRRLLLR,0.1,FALSE,0.079315476,0.079315476,0.00%
13,15,LLRRRRRRRRRLRLRLRRLRRLLLR,0.125,FALSE,0.088541667,0.088541667,0.00%
14,15,LLRRRRRRRRRLRLRLRRLRRLLLR,0.125,FALSE,0.098214286,0.098214286,0.00%
15,15,LLRRRRRRRRRLRLRLRRLRRLLLR,0.125,FALSE,0.11875,0.11875,0.00%
16,15,LLRRRRRLRRRLRLRLRRRRRLLLR,0.125,FALSE,0.1125,0.1125,0.00%
17,15,LLRRRRRLRRRLRLRLRRRRRLLLR,0.125,FALSE,0.102083333,0.102083333,0.00%
18,15,LLRRRRRRLRRLRLRLRRLRRLLLR,0.1,FALSE,0.095833333,0.095833333,0.00%
19,15,LLRRRRRRRRRLRLRLRRLRRLLLR,0.125,FALSE,0.102083333,0.102083333,0.00%
20,15,LLRRRRRRRRRLRLRLRRLRRLLLR,0.125,FALSE,0.097916667,0.097916667,0.00%
21,15,LLRRRLRRLRRLRLRLRRRRRLLLR,0.1,FALSE,0.092857143,0.092857143,0.00%
22,15,LLRRRRRRRRRLLLRLRRLRRLRLR,0.125,FALSE,0.094940476,0.094940476,0.00%
23,15,LLRRRRRRRRRLLLRLRRLRRRRLR,0.166666667,FALSE,0.12202381,0.12202381,0.00%
24,15,LLRRRRRRRRRLRRRLRRLLRRRLR,0.25,FALSE,0.135416667,0.135416667,0.00%
25,15,LLRRRRRRRLRLRRRLRRLLRRRLR,0.166666667,FALSE,0.133333333,0.133333333,0.00%
26,15,LLRRRRRRRLRLRRRLRRLLRRRLR,0.166666667,FALSE,0.15,0.15,0.00%
27,15,LLRRRRRRRLRLRRRLRRLLRRRLR,0.166666667,FALSE,0.15625,0.15625,0.00%
28,15,LLRRRRRRRLRLRRRLRRLLRRRLR,0.166666667,FALSE,0.15625,0.15625,0.00%
29,15,LLRRRRRRRLRLLRRLRRLLRRRRR,0.166666667,FALSE,0.133333333,0.133333333,0.00%
30,15,LLRRRRRLRLRLRRRLRRLLRRRRR,0.166666667,FALSE,0.129166667,0.129166667,0.00%
31,15,LLRRRRRLRLRLRRRLRRLRRRRRR,0.25,FALSE,0.177083333,0.177083333,0.00%
32,15,LLRRRRRLRLRLRRRLRRLRRRRRR,0.25,FALSE,0.154166667,0.154166667,0.00%
33,15,LLRRRRRRRLRLLRRLLRRLRRRRR,0.166666667,FALSE,0.11875,0.11875,0.00%
34,15,LLRRRRRRRLRLLRRLLRRLRRRRR,0.166666667,FALSE,0.114583333,0.114583333,0.00%
35,15,LLLRRRRRRLRLLRRLLRLLRRRRR,0.1,FALSE,0.088690476,0.088690476,0.00%
36,15,LLRRRRRRRRRLLRRLLRLLRLRRL,0.1,FALSE,0.08452381,0.08452381,0.00%
37,15,LLRRRRRRRRRLLRRLLRLLRLRRL,0.1,FALSE,0.08452381,0.08452381,0.00%
38,15,LLLRRRRRRLRLLRRLLRLLRRRRR,0.1,FALSE,0.076339286,0.076339286,0.00%
39,15,LLLRRRRRRLRLLLRLLRLLRRRRR,0.083333333,FALSE,0.077380952,0.077380952,0.00%
40,15,LLRRLRRRRLRRLRRLLRLLRRLRR,0.1,FALSE,0.08452381,0.08452381,0.00%
41,15,LLLRLRRRRLRRLRRRLRRLRRLRR,0.125,FALSE,0.097916667,0.097916667,0.00%
42,15,LLRRLRRRLLRRLRRLLRLLRRLRR,0.083333333,FALSE,0.07514881,0.07514881,0.00%
43,15,LLRRLRRRLLRRLRRLLRLLRRRRR,0.1,FALSE,0.083482143,0.083482143,0.00%
44,15,LLRRLRRRLLRRLRRLLRLLRRRRR,0.1,FALSE,0.083482143,0.083482143,0.00%
45,15,LLRRLRRRLLRRLRRLLRLLRRRRR,0.1,FALSE,0.095833333,0.095833333,0.00%
46,15,LLRRLRRRLLRRLRRLLRLLRRRRR,0.1,FALSE,0.1,0.1,0.00%
47,15,LLRRLRRRLLRRLRRLLRLLRRRRR,0.1,FALSE,0.1,0.1,0.00%
48,15,LLRRLRRRLLRRLRRLLRLLRRRRR,0.1,FALSE,0.091666667,0.091666667,0.00%
49,15,LLRRLRRRLLRRLRRLLRLLRRRRR,0.1,FALSE,0.0875,0.0875,0.00%
50,15,LLRRLRRRLLRLLRRLLRLLRRRRR,0.083333333,FALSE,0.083333333,0.083333333,0.00%
51,15,LLRRLRRRLLRLLRRLLRLLRRRRR,0.083333333,FALSE,0.077380952,0.077380952,0.00%
52,15,LLRRLRRRLLRLLRRLLRLLRRRRR,0.083333333,FALSE,0.07514881,0.07514881,0.00%
53,15,LLRRLRRRLLRLLRRLLRLLRRRRR,0.083333333,FALSE,0.068204365,0.068204365,0.00%
54,15,LLRRLRRRLLRRLRRLLRLLRRRRR,0.1,FALSE,0.08452381,0.08452381,0.00%
55,15,LLRRRRRRLLRRLRRLLRLLLRRRR,0.1,FALSE,0.08452381,0.08452381,0.00%
56,15,LLRRRRRRLLRRLRRLLRLLRRRRR,0.125,FALSE,0.099107143,0.099107143,0.00%
57,15,LLRRRRRRLLRRLRRLLRLRRRRRR,0.166666667,FALSE,0.122916667,0.122916667,0.00%
58,15,LLRRLRRRLLRRLRRLRRLRRRRRR,0.166666667,FALSE,0.15,0.15,0.00%
59,15,LLRRRRRRLLRRLRRLLRLRRRRRR,0.166666667,FALSE,0.15625,0.15625,0.00%
60,15,LLRRRRRRLRRRLRRLRLLRRRRRR,0.25,FALSE,0.160416667,0.160416667,0.00%
61,15,LLRRRRRRLLRRLRRLLRLRRRRRR,0.166666667,FALSE,0.135416667,0.135416667,0.00%
62,15,LLRRRRRRLLRRRRRLLRLRRRRRR,0.25,FALSE,0.14375,0.14375,0.00%
63,15,LLRRRRRRLLRRRRRRLRLRRRRRL,0.25,FALSE,0.166666667,0.166666667,0.00%
64,15,LLRRRRRRLLRRRRRRLRLRRRRRL,0.25,FALSE,0.197916667,0.197916667,0.00%
65,15,LLRRRRRRLLRRLRRLLRRRRRRRR,0.25,FALSE,0.15,0.15,0.00%
66,15,LLRRRRRRLLRRLRRLLRRRRRRRR,0.25,FALSE,0.177083333,0.177083333,0.00%
67,15,LLRRRRRRLLRRLRRLLRRRRRRRL,0.166666667,FALSE,0.15625,0.15625,0.00%
68,15,LLRRRRRRLLRRLRRLLRRLRRRRR,0.166666667,FALSE,0.145833333,0.145833333,0.00%
69,15,LLRRRRRRLLRRLRRLRRRLRRRLR,0.166666667,FALSE,0.145833333,0.145833333,0.00%
70,15,LLRRRRRRLLRRLRRLLRRLRRRLR,0.125,FALSE,0.11875,0.11875,0.00%
71,15,LLRRRRRRLLRRLRRLLRRLRRRLR,0.125,FALSE,0.108333333,0.108333333,0.00%
72,15,LLRRRRRRLLRRLRRLLRRLRRRLR,0.125,FALSE,0.097916667,0.097916667,0.00%
73,15,LLRRRRRRLLRRLRRLLRRLRRRLR,0.125,FALSE,0.102083333,0.102083333,0.00%
74,15,LLRRRRRRLLRRRRRLLRRLRRRLL,0.125,FALSE,0.102083333,0.102083333,0.00%
75,15,LLRRRRRLLLRRRRRLLRRLRRRLR,0.125,FALSE,0.1125,0.1125,0.00%
76,15,LLRRRRRRLLRRRRRLLRRLRRRLR,0.166666667,FALSE,0.15625,0.15625,0.00%
77,15,LLRRRRRRLRRRLRRLLRRLRRRLR,0.166666667,FALSE,0.145833333,0.145833333,0.00%
78,15,LLRRRRRRLRRRLRRLLRRLRRRLR,0.166666667,FALSE,0.122916667,0.122916667,0.00%
79,15,LLRRRRRRLRRRLRRLLRRLRRRLL,0.125,FALSE,0.11875,0.11875,0.00%
80,15,LLRRRRRRLRRRLRRLLLRLRRRLR,0.125,FALSE,0.1125,0.1125,0.00%
81,15,LLLRRRRRLRRRLRRLLLRLRRRLR,0.1,FALSE,0.1,0.1,0.00%
82,15,LLLRRRRRLRRRLRRLLLRLRRRLR,0.1,FALSE,0.095833333,0.095833333,0.00%
83,15,LLLRRRRRLRRRLRRLLLRLRRRLR,0.1,FALSE,0.091666667,0.091666667,0.00%
84,15,LLLRRRRRLRRRLRRLLLRLRRRLR,0.1,FALSE,0.088690476,0.088690476,0.00%
85,15,LLLRRRRRLRRRLRRLLLRLRRRLR,0.1,FALSE,0.082291667,0.082291667,0.00%
86,15,LRLRRRRRLRRRLRRLLLRLRRRLR,0.125,FALSE,0.094940476,0.094940476,0.00%
87,15,LRLRRRRRRRRRLRRLLRLLRRRLR,0.166666667,FALSE,0.122916667,0.122916667,0.00%
88,15,LRLRRRLRRRRRLRRLLRLLRRRLR,0.125,FALSE,0.102083333,0.102083333,0.00%
89,15,LLLRRRRRRRRRRRRLLRLLRRRLL,0.125,FALSE,0.108333333,0.108333333,0.00%
90,15,LRLRRRRRRRRRRRRLLRLLRRRLL,0.166666667,FALSE,0.135416667,0.135416667,0.00%
91,15,LRLRRRRRRRRRRRRLLRLLRRRLL,0.166666667,FALSE,0.135416667,0.135416667,0.00%
92,15,LRLRRRRRRRRRLRRLRRLLRRRLL,0.166666667,FALSE,0.122916667,0.122916667,0.00%
93,15,LRLRRRRRRRLRRRRLRRLLRRRLL,0.166666667,FALSE,0.122916667,0.122916667,0.00%
94,15,LRLRRRRRRRLRRRRLRRLLRRRLL,0.166666667,FALSE,0.129166667,0.129166667,0.00%
95,15,LRRRRRRRRRLRRRRLRRLLRRRLL,0.25,FALSE,0.154166667,0.154166667,0.00%
96,15,LRLRRRRRRRRRRRRLRRLLRRRLL,0.25,FALSE,0.1875,0.1875,0.00%
97,15,LRRRRRRRRRLRRRRLRRLLRRRLL,0.25,FALSE,0.208333333,0.208333333,0.00%
98,15,RRLRRRRRRRLRRRRLRRLLRRRLL,0.25,FALSE,0.208333333,0.208333333,0.00%
99,15,LRRRRRRRRRLRRRRLRRLLRRRLL,0.25,FALSE,0.1875,0.1875,0.00%
100,15,LRRRRRRRRRLRRRRLRRLLRRRLL,0.25,FALSE,0.208333333,0.208333333,0.00%
101,15,LRRRRRRRRRLRRRRLRRLLRRRLL,0.25,FALSE,0.229166667,0.229166667,0.00%
102,15,LRRRRRRRRRLRRRRLRRLLRRRLL,0.25,FALSE,0.197916667,0.197916667,0.00%
103,15,LRRRRRRRRRLRRRRLRRLLRRRLL,0.25,FALSE,0.2125,0.2125,0.00%
104,15,LRRRRRRRRRLRRRRLRRLLRRRLL,0.25,FALSE,0.25,0.25,0.00%
105,15,LRRRRLRRRRLRRRRLRRLRRRRLL,0.25,FALSE,0.229166667,0.229166667,0.00%
106,15,LRRRRRRRRRLRLRRLRRLRRRRLL,0.25,FALSE,0.208333333,0.208333333,0.00%
107,15,LRRRRRRRRRLRLRRLRRLRRRRLL,0.25,FALSE,0.208333333,0.208333333,0.00%
108,15,LRRRRRRRRRLRRRRLRRLLRRRRL,0.5,FALSE,0.260416667,0.260416667,0.00%
109,15,LRRRRRRRRRLRRRRLRRLLRRRRL,0.5,FALSE,0.254166667,0.254166667,0.00%
110,15,LRRRRRRRRRLRRRRLRRLLRRRRL,0.5,FALSE,0.34375,0.34375,0.00%
111,15,LLRRRRRRRRRRRRRLRRRLRRRRL,2,TRUE,0.5,0.875,25.00%
112,15,LRRRRRRRRRRRRRRLRRRLRRRRL,2,TRUE,N/A,2,100.00%
113,15,LRRRRRRRRRRRRRRLLRRLRRRRL,2,TRUE,0.5,1.25,50.00%
114,15,LRRRRRRRRRRRRRRLRRRLLRRRL,2,TRUE,0.25,1.125,50.00%
115,15,LRRRRRRRRRRRRRRLRRRLLRRRL,2,TRUE,0.166666667,1.541666667,75.00%
116,15,LRRRRRRRRRRRRRRLRRRLLRRRL,2,TRUE,N/A,2,100.00%
117,15,LRRRRRRRRRRRRRRLRRRLRRRRL,2,TRUE,N/A,2,100.00%
118,15,LRRRRRRRRRRRRRRLRRRLRRRRL,2,TRUE,0.5,1.25,50.00%
119,15,LRRRRRRRRRRLRRRLRRRLRRRRL,2,TRUE,0.375,1.1875,50.00%
120,15,LRRRRRRRRRRLRRRLRRRLRRRRL,2,TRUE,0.5,1.625,75.00%
121,15,LRRRRRRRRRRLRRRLRRRLRRRRL,2,TRUE,0.5,1.625,75.00%
122,15,LRRRRRRRRRRLRRRLRRRLRRRRL,2,TRUE,0.5,1.625,75.00%
123,15,LRRRRRRRRRRLRRRLRRRLRRRRL,2,TRUE,0.5,1.625,75.00%
124,15,LRRRRLRRRRRLRRRRRRRLRRRRL,2,TRUE,0.5,1.625,75.00%
125,15,LRRRRLRRRRRLRRRRRRRLRRRRL,2,TRUE,N/A,2,100.00%
126,15,LRRRRLRRRRRLRRRRRRRLRRRRL,2,TRUE,N/A,2,100.00%
127,15,LRRRRLRRRRRLRRRRRRRLRRRRL,2,TRUE,N/A,2,100.00%
128,15,LRRRRLRRRRRLRRRRRRRLRRRRL,2,TRUE,0.5,1.25,50.00%
129,15,LRRRRLRRRRRLRRRRRRRLRRRRL,2,TRUE,0.388888889,0.791666667,25.00%
130,15,LRRRRLRRRRRLRRRRRRRLRRRRL,2,TRUE,N/A,2,100.00%
131,15,LRRRRLRRRRRLRRRRRRRLRRRRL,2,TRUE,0.5,1.625,75.00%
132,15,LRRRRLRRRRRLRRRRRRRLRRRRL,2,TRUE,N/A,2,100.00%
133,15,LRRRRRRRRRRRRRRRRRRLRRRRL,2,TRUE,0.5,1.625,75.00%
134,15,LRRRRRRRRRRRRRRRLRRLRRRRL,2,TRUE,0.5,1.625,75.00%
135,15,LRRRRRRRRRRRRRRRLRRLRRRRL,2,TRUE,N/A,2,100.00%
136,15,LRRRRRRRRRRRRRRRRRRLRRRRL,2,TRUE,N/A,2,100.00%
137,15,LRRRRRRRRRRRRRRRLRRLRRRRL,2,TRUE,0.5,1.625,75.00%
138,15,LRRRRRLRRRRRRRRRLRRLRRRRL,2,TRUE,N/A,2,100.00%
139,15,LRRRRRLRRRRRRRRRLRRLRRRRL,2,TRUE,0.375,1.1875,50.00%
140,15,LRRRRRLRRRRRRRRRLRRLRRRRL,2,TRUE,0.5,1.25,50.00%
141,15,RRRRRRLRRRRRRRRRLRRLRLRRL,2,TRUE,N/A,2,100.00%
142,15,LRRRRRLRRRRRRRRRLRRLRRRRR,2,TRUE,0.5,1.25,50.00%
143,15,LRRRRRLRRRRRRRRRLRRLRRRRR,2,TRUE,N/A,2,100.00%
144,15,LRRRLRLRRRRRRRRRLRRLRRRRR,2,TRUE,0.25,1.5625,75.00%
145,15,LRRRRRLLRRRRRRRRLRRLRRRRR,2,TRUE,0.5,1.25,50.00%
146,15,LRRRRRLRRRRRRLRRLRRLRRRRR,2,TRUE,0.375,1.1875,50.00%
147,15,LRRRRRLRRRRRRRRRLRRLRRRRR,2,TRUE,0.166666667,1.541666667,75.00%
148,15,LRRRRRLRRRRRRRRRLRRLRRRRR,2,TRUE,N/A,2,100.00%
149,15,LRRRRRLRRRRRRRRRLLRLRRRRR,2,TRUE,0.375,1.1875,50.00%
150,15,LRRRRRLRRRRRRRRRLLRLRRRRR,2,TRUE,0.5,1.625,75.00%
151,15,LRRRRRLRRRRRRRRRLLRLRRRRR,2,TRUE,0.5,1.25,50.00%
152,15,LRRRRRLRRRRRRRRRLLRLRRRRR,2,TRUE,0.5,1.25,50.00%
153,15,LRRRRRLRRRRRRRRRLLRLRRRRR,2,TRUE,0.25,1.5625,75.00%
154,15,LRRRRRLRRRRRRRRRLLRRRLRRR,2,TRUE,0.5,1.625,75.00%
155,15,LRRRRRRRRRRRRRRRLLRRRLRRR,2,TRUE,0.25,1.125,50.00%
156,15,LRRRRRRRRRRRRRRRLLRRRLRRR,2,TRUE,N/A,2,100.00%
157,15,LRRRRRRRRRRRRRRRLLRRRLRRR,2,TRUE,0.5,1.625,75.00%
158,15,LRRRRLRRRRRRRRRRLRRRRLRRR,2,TRUE,N/A,2,100.00%
159,15,LRRRRRLRRRRRRRRRLLRRRLRRR,2,TRUE,N/A,2,100.00%
160,15,LRRRRLRRRRRRRRRRLRRLRLRRR,2,TRUE,0.5,1.25,50.00%
161,15,LRRRRLRRRLRRRRRRLRRRRLRRR,2,TRUE,0.375,1.1875,50.00%
162,15,LRRRRLRRRLRRRRRRLRRRRLRRR,2,TRUE,0.375,1.1875,50.00%
163,15,LRRRRLRRRLRRRRRRLRRRRLRRR,2,TRUE,0.375,1.1875,50.00%
164,15,LRRRRLRRRLRRRRRRLRRRRLRRR,2,TRUE,0.5,1.25,50.00%
165,15,LRRLRLRRRRRRRRRRLRRRRLRRR,2,TRUE,N/A,2,100.00%
166,15,LRRRRLRRRRRRRRRRLRRRRLLRR,2,TRUE,0.25,1.5625,75.00%
167,15,LRRRRLRRRRRRRRRRLRRRRLLRR,2,TRUE,0.5,1.25,50.00%
168,15,LRRRRLRRRRRRRRRRLRRRRLRRR,2,TRUE,0.166666667,1.541666667,75.00%
169,15,LRRRRLRRRRRRRRRRLRRRRLLRR,2,TRUE,N/A,2,100.00%
170,15,LRRRRLRRRRRRRRRRLRRRRLLRR,2,TRUE,0.5,1.25,50.00%
171,15,LRRRRRRRRRRRRRRRLRRRRLLRR,2,TRUE,N/A,2,100.00%
172,15,LRRRRLRRRRRRRRLRRRRRRLLRR,2,TRUE,N/A,2,100.00%
173,15,LRRRRRRRRRRRRRLRRLRRRLLRR,2,TRUE,N/A,2,100.00%
174,15,LRRRRRRRRRRRRRLRRRRRRLLRR,2,TRUE,0.5,1.25,50.00%
175,15,LRRRRRRRRRRRRRLRRRRRRLLRR,2,TRUE,N/A,2,100.00%
176,15,LRRRRRRRRRRRRRLRRRRRRLLLR,2,TRUE,N/A,2,100.00%
177,15,LRRRRLRRRRRRRRRRRRRRRRLRR,2,TRUE,N/A,2,100.00%
178,15,RRRRRRRRRRRRRRLRRRRRRLRRR,2,TRUE,N/A,2,100.00%
179,15,RRRRRRRRRRRRRRLRRRRLRLRRR,2,TRUE,N/A,2,100.00%
180,15,LRRRRRRRRRRRRRLLRRRRRLLRR,2,TRUE,N/A,2,100.00%
181,15,RRRRRLRRRRRRRRRRLRRRRLLRR,2,TRUE,0.375,1.1875,50.00%
182,15,RRRRRLRRRRRRLRRRLRRRRLLRR,2,TRUE,0.5,1.625,75.00%
183,15,RRRRRLRRRRRRLRRRLRRRRLLLR,2,TRUE,0.25,1.5625,75.00%
184,15,RRRRRLRRRRRRLRRRLRRRRLLRR,2,TRUE,0.25,1.5625,75.00%
185,15,RRRRRLRRRRRRLRRRLRRRRLLRL,2,TRUE,0.25,1.5625,75.00%
186,15,RRRRRLRRRRRRLRRRLRRRRLLRL,2,TRUE,0.25,1.125,50.00%
187,15,RRRRRLRRRRRRRRLRRRLRRLLRL,2,TRUE,0.208333333,1.104166667,50.00%
188,15,RRRRRLRRRRRRRRLRRRLRRLLRL,2,TRUE,0.175,1.0875,50.00%
189,15,RRRRRLRRRRRRRRRRLRRRRLLRL,2,TRUE,N/A,2,100.00%
190,15,RRRRRRRLRRRRRRRRLRRRRLLRL,2,TRUE,0.25,1.5625,75.00%
191,15,RRRRRRRLRRRRRRRRLRLRRLLRL,2,TRUE,N/A,2,100.00%
192,15,RRRRRLRRRRRRRRRLRRRRLLLRL,2,TRUE,N/A,2,100.00%
193,15,RRRRLRRRRRRRRRRRLRRLRLRRL,2,TRUE,0.375,1.1875,50.00%
194,15,RRRRLRRRRRRRRRRRLRRLRLRRL,2,TRUE,0.5,1.625,75.00%
195,15,RRRRLRRRRRRRRRRRRRRLRLRRL,2,TRUE,0.5,1.625,75.00%
196,15,RRRRLRRRRRRRRRRRRRRLRLRRL,2,TRUE,N/A,2,100.00%
197,15,RRRRLRRRRRRRRLRRRRRLRLRRL,2,TRUE,N/A,2,100.00%
198,15,RRRRLRRRRRRRRRLRRRRLRLRRL,2,TRUE,N/A,2,100.00%
199,15,RRRRLRRRRRRRRRLRRRRLRLRRL,2,TRUE,0.5,1.625,75.00%
200,15,RRRRLRRRRRRRRRLRRRRLRLRRL,2,TRUE,0.5,1.25,50.00%
,,,,,,,
First generation where best rat ate the cheese: 111,,,,,,,
