Population Size,Life Span,Max Generations,Maze Size,,,,
50,25,200,25,,,,
,,,,,,,
Current Generation,Best Rat's Starting Position,Best DNA,Best Fitness Score,Best Reached Goal,Average Fitness Score (No Winners),Average Fitness Score(Winner Inclusive),% Pop Reached Goal
1,12,LLRRRRRRRRLRLLRRRRLRRRLLR,0.25,FALSE,0.084214646,0.084214646,0.00%
2,12,RLRRLLRRRLRRRRRRRRLRRRLLR,0.5,FALSE,0.099638889,0.099638889,0.00%
3,12,RLRRLLRRRLRRRRRRRRLRRLLRR,0.5,FALSE,0.133369048,0.133369048,0.00%
4,12,RRLRRRRRRRRRLRRRRRLRLRLLR,2,TRUE,0.152202786,0.18915873,2.00%
5,12,RRLRRRRRRRRRRRRRRRLLRRLLR,2,TRUE,0.225247163,0.6866829,26.00%
6,12,RRLRRRRRRRRRLRRRRRLRLRLLR,2,TRUE,0.339583333,1.468666667,68.00%
7,12,RRLRRRRRRLRRRRRLRRLRLRRRR,2,TRUE,0.426470588,1.465,66.00%
8,12,RRLRRRRRRRRRLRRRRRLRRRLRR,2,TRUE,0.45,1.535,70.00%
9,12,RRRRRRRRRRRRLRRRRRLRLRLRR,2,TRUE,0.37962963,1.416666667,64.00%
10,12,RRLRRRRRRRRRLRRRRRLLLRRRR,2,TRUE,0.328431373,1.431666667,66.00%
11,12,RRRRRRRRLRRRLRLLRRLRRLRRR,2,TRUE,0.304166667,1.660833333,80.00%
12,12,RRRRRLLRRRRRLRRRRRLRLRRRR,2,TRUE,0.45,1.69,80.00%
13,12,RRLRRRRRRRLRRRRLRRRRRRRRR,2,TRUE,0.4,1.68,80.00%
14,12,LRLRRRRRRRRRLRRRRRRRLRLLR,2,TRUE,0.458333333,1.815,88.00%
15,12,LRRRRRRRRRRRRRLRRLLLLRRRL,2,TRUE,0.428571429,1.78,86.00%
16,12,RRLRRRRRRRRRLRRRRLLRRRLRR,2,TRUE,0.34375,1.735,84.00%
17,12,RRRRRRRRRRLRLRRRRRRRLRLLR,2,TRUE,0.305555556,1.898333333,94.00%
18,12,RRRRLRRRRRRRLRRRRLLRRLLRR,2,TRUE,0.395833333,1.743333333,84.00%
19,12,RRLRRRRRRRRRRRRRRRLRRRLRR,2,TRUE,0.375,1.74,84.00%
20,12,RRLRRRRRLRLLRRRRRRRRLRRRR,2,TRUE,0.395833333,1.743333333,84.00%
21,12,RRRLRRRRRRRRRRRRRRLRRLRRR,2,TRUE,0.462962963,1.723333333,82.00%
22,12,RRLRRRRRRRRRRRRRRRRRRRRRR,2,TRUE,0.354166667,1.868333333,92.00%
23,12,RRRRRLRRRRRLLRLLRRRRRRRRL,2,TRUE,0.388888889,1.903333333,94.00%
24,12,RRLRRRRRLRLLRLRRRRRRLRRRR,2,TRUE,0.442307692,1.595,74.00%
25,12,LRRRRRLRLRRLRRLRRRRRRRRRR,2,TRUE,0.363636364,1.64,78.00%
26,12,RRRRRRRRRRRRRRRRRRRRRLRRL,2,TRUE,0.35,1.835,90.00%
27,12,RLLRRRLRLRRRLRRRRRLRRRRRR,2,TRUE,0.354166667,1.868333333,92.00%
28,12,RLLRRRLRLRRRLRRRRRLRRRRRR,2,TRUE,0.28125,1.8625,92.00%
29,12,RRRRRLRRRRRRRRLRRRRRRRRRR,2,TRUE,0.333333333,1.833333333,90.00%
30,12,RRLRRRLRRRRRRRRRRRRLRRRRR,2,TRUE,0.25,1.965,98.00%
31,12,RRLLRRRRRRRRLRRRRRRRRRRRR,2,TRUE,0.305555556,1.898333333,94.00%
32,12,RRLRRRRLRRLRRRLRRRLRLRRRR,2,TRUE,0.409090909,1.65,78.00%
33,12,RRRRRRRRLRRRRRRRRRRRRLRRR,2,TRUE,0.441666667,1.688333333,80.00%
34,12,RRRRRLRRRRRRLRRRRRRRRLRRL,2,TRUE,0.305555556,1.796666667,88.00%
35,12,RRLLRRRRRLRRRLRRRLLRRRRRR,2,TRUE,0.322916667,1.731666667,84.00%
36,12,RRRLRLLRRRLRRRRRLLRRRRRRR,2,TRUE,0.5,1.88,92.00%
37,12,RRLLRRRRLRRRLRRRRRRLRLRRR,2,TRUE,0.416666667,1.905,94.00%
38,12,RRLRRLRRRRRRRRLRRRRRRLRRR,2,TRUE,0.395833333,1.743333333,84.00%
39,12,RRLRRRRRRRRRRRRLRRLLRRRRR,2,TRUE,0.28030303,1.621666667,78.00%
40,12,RRRRRRRRLRRRRRRRRLRRRLRLL,2,TRUE,0.354166667,1.670833333,80.00%
41,12,LRRLRRRRLRRRRRRLLRRRRRRRL,2,TRUE,0.375,1.415,64.00%
42,12,RRRRRRRRRLRRLRLRLLRRRRRRR,2,TRUE,0.355555556,1.506666667,70.00%
43,12,RRRRLRRRLRRRRRRRRRRRRRRRL,2,TRUE,0.402777778,1.808333333,88.00%
44,12,RRRRLLRRRLRRRRRRRRRRRRRRR,2,TRUE,0.345238095,1.768333333,86.00%
45,12,RRRRLRRRRRRRRRRRLLRRRLLRR,2,TRUE,0.5,1.88,92.00%
46,12,RLRRRRRRLRRRLRRRRRLRRRLRR,2,TRUE,0.380952381,1.773333333,86.00%
47,12,LRRLRLRRRRRRRLRRRRRRRRLLL,2,TRUE,0.333333333,1.8,88.00%
48,12,LRRRRRRLLRRLRLRRRLRRRRRRR,2,TRUE,0.345238095,1.768333333,86.00%
49,12,RRLRRRRRLRRRRRRRRRRRRRRRR,2,TRUE,0.385416667,1.6125,76.00%
50,12,RRRRRRRRRRLLRRRRLLRRRRLRR,2,TRUE,0.446428571,1.7825,86.00%
51,12,RRRRRLRRRLRRRRRRRRRRLRLRR,2,TRUE,0.392857143,1.775,86.00%
52,12,RRLLRRRRLLRRRRRRRRLRRRRRR,2,TRUE,0.472222222,1.725,82.00%
53,12,RRLRRRLRRLLRRRRRRRLRRRRRL,2,TRUE,0.425,1.685,80.00%
54,12,RRLLRRRRLLRRRRRRRRLRLRRRR,2,TRUE,0.363095238,1.541666667,72.00%
55,12,RRLLRRRRLLRRRRRRRRRLLRRRR,2,TRUE,0.403846154,1.585,74.00%
56,12,RRRRRLRRLRRRRLRRRRLLRRRLR,2,TRUE,0.294444444,1.488333333,70.00%
57,12,RRRRRRRRRLRRRRRRRRLRRRLRR,2,TRUE,0.427083333,1.6225,76.00%
58,12,RRLRLRRLLRRRRRRLRRRRRRRRL,2,TRUE,0.344444444,1.503333333,70.00%
59,12,RRLRRRRRLLRRRRRRLRLRRRRRR,2,TRUE,0.328205128,1.565333333,74.00%
60,12,RRRLRRLRRRRRRRRRRRLRRRLRR,2,TRUE,0.375,1.675,80.00%
61,12,RRRRRRRRRLRRRRRRRRLRRRLRR,2,TRUE,0.316666667,1.495,70.00%
62,12,RRRLRRRLRLRRRRRRRLLLRRRRR,2,TRUE,0.337962963,1.700833333,82.00%
63,12,RLRRRRRRRLRRRRRRRRLLRLRLL,2,TRUE,0.333333333,1.733333333,84.00%
64,12,RRRRRRRRRLRRRRRRLLLRRLLRR,2,TRUE,0.402777778,1.808333333,88.00%
65,12,RLRLRRRRRLRRRRRRRRRRRRRRR,2,TRUE,0.416666667,1.873333333,92.00%
66,12,LRLRRRRRRLRRRRRRRRLRRLLRR,2,TRUE,0.402777778,1.808333333,88.00%
67,12,RRLRRRRRRLRRRRLRRRRRRRRRR,2,TRUE,0.378787879,1.643333333,78.00%
68,12,RRRRRRRRRLRLRRRRRRRRRRRRR,2,TRUE,0.388888889,1.903333333,94.00%
69,12,RRLRRRRRRLRRLRRRRRRRRRLRR,2,TRUE,0.4,1.84,90.00%
70,12,RRRRRRRRRLRLLRRRRRLRRRRLR,2,TRUE,0.375,1.87,92.00%
71,12,LLRRRRRRRLRRRRRRRRLLRRRRR,2,TRUE,0.5,1.85,90.00%
72,12,RLRRRRRRLLRRRRRRRRLRRRRRR,2,TRUE,0.416666667,1.873333333,92.00%
73,12,RRLRRRRLRLRLRRRLRRRRRLRRR,2,TRUE,0.392857143,1.775,86.00%
74,12,RRRRRRRRRLRLRLRRRRRRRRRLR,2,TRUE,0.458333333,1.815,88.00%
75,12,RRRRRRLLRRRRLRRRRRLRRRRRR,2,TRUE,0.4375,1.875,92.00%
76,12,RRRRRRRRRLRRRLRRRRRRRRLRR,2,TRUE,0.444444444,1.72,82.00%
77,12,RRRRRRRLLLLRRRRRRRRRRRRRR,2,TRUE,0.407407407,1.713333333,82.00%
78,12,RRRRRRRLRLRRRRLLLRRRRRLRR,2,TRUE,0.472222222,1.725,82.00%
79,12,LRRRRRRRRLRRRRRRRRRRRRRRR,2,TRUE,0.409722222,1.618333333,76.00%
80,12,RRRRRRRRLLLRRRRLRRRRLRRRR,2,TRUE,0.392857143,1.775,86.00%
81,12,LRRRRRRRRLLRRRRRRRRRRRLRR,2,TRUE,0.4375,1.875,92.00%
82,12,RRRRRRRRLRRRRRRRRRRRRRLRR,2,TRUE,0.5,1.88,92.00%
83,12,LRRRRRRLRLRRRRLRRRRRRRRRR,2,TRUE,0.45,1.845,90.00%
84,12,RRRRRRRRRLRRRRLRRLRRLRRRR,2,TRUE,0.4375,1.875,92.00%
85,12,RRLLRRRRLRRRRRRRRRRRRRLRR,2,TRUE,0.4375,1.875,92.00%
86,12,RRRRRRRRRRRRLRLRRRLLRRRRR,2,TRUE,0.375,1.935,96.00%
87,12,RRRRRRRRRRRLRRRRRRRRRRRRR,2,TRUE,0.5,1.88,92.00%
88,12,RRLRRRRLRLRRRRRRRRRRRLRRR,2,TRUE,0.5,1.85,90.00%
89,12,RRRRRRRLRRRRRRRRRRRRRRRRR,2,TRUE,0.4375,1.875,92.00%
90,12,LRLRRRRLRRRRRRRRRRRRRRRRR,2,TRUE,0.395833333,1.743333333,84.00%
91,12,RRRRRRRRRRRLRRLRRRLRRRLRR,2,TRUE,0.4375,1.875,92.00%
92,12,RRLLRRRRRRRRRRRRRRRRRRRRR,2,TRUE,0.458333333,1.815,88.00%
93,12,RRLRRRRLRRRRLRLRRLRRRRRRR,2,TRUE,0.25,1.965,98.00%
94,12,RRRRRRRRRLRRRLLRRLRRRRRLR,2,TRUE,0.375,1.87,92.00%
95,12,RRRRRRRRRLRRLRRRRRLLRRLRR,2,TRUE,0.375,1.74,84.00%
96,12,RRLRRRRRLRRRRLLRRLRRRRRRR,2,TRUE,0.368055556,1.608333333,76.00%
97,12,RRLRRRRRRRRRLRRRRLRRRRRRR,2,TRUE,0.444444444,1.72,82.00%
98,12,RRRRRRRRRLRRLRRRRLRLRRRRR,2,TRUE,0.5,1.91,94.00%
99,12,LRRRRRRRRRRRLRLRLLRRRRRRL,2,TRUE,0.427083333,1.748333333,84.00%
100,12,RRLRRRRRLLRRRRRRRRRLRLRRR,2,TRUE,0.4,1.84,90.00%
101,12,RLRRRRRRRRLRRRRRRLRLRLRRR,2,TRUE,0.5,1.91,94.00%
102,12,RRLRRRRRRRRLLRLRRRRLRRRRR,2,TRUE,0.458333333,1.815,88.00%
103,12,RRRRRRLRRRRLRRRRRRRLRLRRR,2,TRUE,0.5,1.94,96.00%
104,12,RRRRRRRRLLRRRRRRRRLRLLRRR,2,TRUE,0.5,1.82,88.00%
105,12,RRRRRRRRLRRRRLLRRRRRRRRLR,2,TRUE,0.416666667,1.81,88.00%
106,12,RRRRRRRRRRRLRRRLRRLRLLRRR,2,TRUE,0.4,1.84,90.00%
107,12,RRRRRRRRRRRRRRRRRLRRRLRLL,2,TRUE,0.5,1.91,94.00%
108,12,RRRRRRRRLRRLRLRLRRRLRRRRR,2,TRUE,0.46875,1.755,84.00%
109,12,LRLRRRRRRRRRRRRRRLRLRRRRR,2,TRUE,0.258333333,1.825833333,90.00%
110,12,RRRRLRRRRLLRLRRRRRRLRRRRL,2,TRUE,0.37962963,1.708333333,82.00%
111,12,RRLRRRRRRRRRRRRRRRRLRRRRR,2,TRUE,0.410714286,1.7775,86.00%
112,12,RRRRLRRRLLRRRRRRRLRRRRRRL,2,TRUE,0.5,1.85,90.00%
113,12,RRLRRRRRRRRRRLRLRRLRRRLLR,2,TRUE,0.37037037,1.706666667,82.00%
114,12,RRLRLRRRRRRRRRRLLRRRRLRRR,2,TRUE,0.410606061,1.650333333,78.00%
115,12,RRRRRRRRRRRRRRLLRRRRRLLRR,2,TRUE,0.5,1.76,84.00%
116,12,RRRRRRRRRRRLRLRRLRRRRRRRR,2,TRUE,0.383333333,1.676666667,80.00%
117,12,RRLRRLRRRRRRRLRRRRRRLLRLL,2,TRUE,0.375,1.87,92.00%
118,12,RRLRRLRRRRRRRLRRRRRRLLRLR,2,TRUE,0.403846154,1.585,74.00%
119,12,RRRRLRRRRRRRRLRRLRRRRRLRR,2,TRUE,0.340277778,1.601666667,76.00%
120,12,RRRLLRRRRRRRRLLRRLRLRRRRR,2,TRUE,0.40625,1.745,84.00%
121,12,RRLRRRRRRRRRRRRRRLRRLLRRR,2,TRUE,0.454545455,1.66,78.00%
122,12,RRRLLRRRRRRRRRRRLLRRLRRRR,2,TRUE,0.361111111,1.606666667,76.00%
123,12,RLLRRRRRRRRRRRLRRRRRLRRLR,2,TRUE,0.392857143,1.775,86.00%
124,12,LRRRLRRRRRLRRRRRRRRRRRLRR,2,TRUE,0.296875,1.7275,84.00%
125,12,RRRRRRRRRRRRRRRRRRRLLRRRR,2,TRUE,0.266666667,1.826666667,90.00%
126,12,RRRRRRRRRRRRRRRLRRRLLRRRR,2,TRUE,0.260416667,1.860833333,92.00%
127,12,RRLRRRRRRRRRRRRRRRRLRRLRR,2,TRUE,0.416666667,1.905,94.00%
128,12,RRRRRRRRRRRRRRLLRRRLLRRRR,2,TRUE,0.4375,1.875,92.00%
129,12,RRLRLLRRRRRLRRRRRRRRRRRLL,2,TRUE,0.444444444,1.813333333,88.00%
130,12,RRRRRRRRRRRRRRLRRRRRLRRRL,2,TRUE,0.340277778,1.800833333,88.00%
131,12,LRRRRLRLRRRRRRRRRLRRRRLRR,2,TRUE,0.259259259,1.686666667,82.00%
132,12,RRRRLRLRRRLRRRRRRLRRLRLRR,2,TRUE,0.375,1.935,96.00%
133,12,RRRRLLRRLRRRRLRRRRRRLRLRR,2,TRUE,0.464285714,1.785,86.00%
134,12,RRRRRRRRLLRRRRRRRRRLRRRRR,2,TRUE,0.4,1.84,90.00%
135,12,RRLRRRLRRRRRRLRRRRRRLRLRR,2,TRUE,0.4375,1.875,92.00%
136,12,RRRRRLRRRRRRRLRRRRRRRRLLR,2,TRUE,0.4375,1.75,84.00%
137,12,RRRRRLRLRRRRRRRLRRRRLRRRR,2,TRUE,0.5,1.94,96.00%
138,12,RLRLRRRRRLRRRRRRRRRRLRLRR,2,TRUE,0.416666667,1.905,94.00%
139,12,RRRRRLRRRRLLRLRRRRRRRRLRR,2,TRUE,0.297619048,1.761666667,86.00%
140,12,RRRLLRRRRRRRRRRRRRRRLRLLR,2,TRUE,0.388888889,1.71,82.00%
141,12,LRRRRLRRLRRLRRRRRRRRLRLRR,2,TRUE,0.424242424,1.653333333,78.00%
142,12,RRLLRRRRRLRRRRRRLRLRRRRRL,2,TRUE,0.5,1.88,92.00%
143,12,LLRRRRRRRRRRLRRRRRRRRRLLL,2,TRUE,0.416666667,1.778333333,86.00%
144,12,RRRLLRRRLRRRRLRRRRRRRRLRR,2,TRUE,0.354166667,1.605,76.00%
145,12,RRRLLRRRRRLRRRRRRRRLLRRRL,2,TRUE,0.333333333,1.766666667,86.00%
146,12,RRRRRLRRRRRRRRRRRRLRRLRRL,2,TRUE,0.380952381,1.773333333,86.00%
147,12,RRRRRLRRRRRRRRRRRRLRRRLRR,2,TRUE,0.347222222,1.801666667,88.00%
148,12,RRRRRLRRRRRRLRRRRRRRRRLRR,2,TRUE,0.333333333,1.766666667,86.00%
149,12,RRRRRLRRRRRRRRLRRRLLLRRLL,2,TRUE,0.441666667,1.688333333,80.00%
150,12,LLRRRRLLRRRRRRRRRRLRLRRRR,2,TRUE,0.333333333,1.666666667,80.00%
151,12,RLRRLRLLRRRRRRRRRRRRLRRLL,2,TRUE,0.326388889,1.598333333,76.00%
152,12,RRRRRRLRRRRRRLRRRRRRLRRLL,2,TRUE,0.291666667,1.658333333,80.00%
153,12,RLRRRRRRRRRRRRRRRRRRRRRRR,2,TRUE,0.345238095,1.768333333,86.00%
154,12,RLRRLRRRLRRRRRRRRRRRRRRRR,2,TRUE,0.416666667,1.905,94.00%
155,12,RLRRRRRRRRLRRRRRRRRRRRRRR,2,TRUE,0.5,1.94,96.00%
156,12,RRRLRRRRRRRRRRRLRRRRLRRRR,2,TRUE,0.35,1.835,90.00%
157,12,RLRRRRRLRRRRRRRRRRRRLRLRR,2,TRUE,0.5,1.94,96.00%
158,12,RRRRRRRRLRRRRRRRRRLRLRRRR,2,TRUE,0.4375,1.875,92.00%
159,12,RRRRRRRRRLLRRRRRRRRRRRRRR,2,TRUE,0.416666667,1.905,94.00%
160,12,RRRRLRRRRRLLRRRRRRLRLRRRR,2,TRUE,0.375,1.935,96.00%
161,12,RRRRRRLRRRRRRLLRRLRRRRLRR,2,TRUE,0.416666667,1.905,94.00%
162,12,RRRRRRRRRRRRRLLRRLRRRRRRL,2,TRUE,0.5,1.94,96.00%
163,12,LRRRLRRRRRRRRLRRRLRRRRLRR,2,TRUE,0.416666667,1.905,94.00%
164,12,LRRRRRLRRRRRRRRRLRRRRRRRR,2,TRUE,0.416666667,1.81,88.00%
165,12,RLRRRLRRRRLRRRRRRLRRRRRRR,2,TRUE,0.4375,1.6875,80.00%
166,12,RRRRRRRRRRRRLLRRLLRRLRRRR,2,TRUE,0.416666667,1.81,88.00%
167,12,RLRRRLRRLRRRLRRRRLRRRRLRR,2,TRUE,0.444444444,1.813333333,88.00%
168,12,RRRRRRRRRRRRRRRRRLRRRRRRR,2,TRUE,0.397727273,1.6475,78.00%
169,12,RLRRRRRRRRRRRLRRLRLRRRRRL,2,TRUE,0.3,1.66,80.00%
170,12,RRRRRRRRRRRRRRRRRRRRLRLRR,2,TRUE,0.339285714,1.7675,86.00%
171,12,RRRRRRRRRLRRRLLRLRLRRRRRL,2,TRUE,0.358333333,1.671666667,80.00%
172,12,RRRRRRRLRLRRRRRRRRRRLRRRR,2,TRUE,0.458333333,1.815,88.00%
173,12,RLLRRRRRRRRRRLRRRRLLLRRRR,2,TRUE,0.402777778,1.808333333,88.00%
174,12,RLLRRRRRRLRRRLRRRRRRRRLRL,2,TRUE,0.388888889,1.806666667,88.00%
175,12,RLRRRRRRRRRRRLRRRRRRRLLRR,2,TRUE,0.341666667,1.668333333,80.00%
176,12,RRLRLRRLRLRRLRRRRRRRRLRRR,2,TRUE,0.45,1.845,90.00%
177,12,RRRRRRLRRRLLRLRRRRRRRLLRR,2,TRUE,0.299242424,1.625833333,78.00%
178,12,RRRRRRRRRRRLRLRLRLRRLRRRR,2,TRUE,0.416666667,1.81,88.00%
179,12,RRLRLLRRRRRRRRRRRRRRRRRRR,2,TRUE,0.375,1.74,84.00%
180,12,RRLRRRRRRRRLRLRRLRRRRRRLR,2,TRUE,0.428571429,1.78,86.00%
181,12,RRRRRRRRRLRRRLRRLRLRRRRRL,2,TRUE,0.354166667,1.868333333,92.00%
182,12,RRRRRLRRRRRRRLRRRRRLRRRLR,2,TRUE,0.369047619,1.771666667,86.00%
183,12,RRRRRLRRRRRRRLRRRRRLLRLRR,2,TRUE,0.416666667,1.81,88.00%
184,12,RRRLRRRLRRRRRLLRRRRRRRRLR,2,TRUE,0.416666667,1.715,82.00%
185,12,LRRLRLRRRLRRRRRRRRRRRRLRR,2,TRUE,0.333333333,1.7,82.00%
186,12,RRRRRLRRRLRRRRRRRRRRRRRRR,2,TRUE,0.5,1.91,94.00%
187,12,LLRRRRRRRRLRRLRRRRRRRRRRR,2,TRUE,0.4375,1.875,92.00%
188,12,RRRRRRRRRRRRRRRRRRRRRRLRR,2,TRUE,0.5,1.88,92.00%
189,12,RRRLRRRLRRRRRRRRRRRRRRLRR,2,TRUE,0.5,1.91,94.00%
190,12,RRRRRRRLLRRRRRRRRLRRRRLRL,2,TRUE,0.375,1.935,96.00%
191,12,RLRRRLRRRRRLRRLRRRRRRRLRL,2,TRUE,0.428571429,1.78,86.00%
192,12,RRRRLRRRRLRRRRRRRRRRRRRRR,2,TRUE,0.333333333,1.933333333,96.00%
193,12,RRRRRLLRRRRRRRRLRRRRLRLRR,2,TRUE,0.5,1.94,96.00%
194,12,RRLRRLLRRRRRRRRRLRRRRRLRL,2,TRUE,N/A,2,100.00%
195,12,RRRRRLRRRRRRRRRLLRRRRRRRL,2,TRUE,0.5,1.94,96.00%
196,12,RRRRRLRRRLRRRLRRRLRRRRRRR,2,TRUE,0.375,1.805,88.00%
197,12,RRRLRLRRRRRRRRRRRRLRRRRRR,2,TRUE,0.305555556,1.898333333,94.00%
198,12,RRRRRLRRRRRLRRRRRRRRRRLRL,2,TRUE,0.5,1.91,94.00%
199,12,RRRRRRLRRRRLRRLRLRRRRRRRR,2,TRUE,0.5,1.97,98.00%
200,12,RRRRRRRRRRRLRRRRRRRRRLRRR,2,TRUE,0.5,1.82,88.00%
,,,,,,,
First generation where best rat ate the cheese: 4,,,,,,,
