Population Size,Life Span,Max Generations,Maze Size,,,,
50,25,200,30,,,,
,,,,,,,
Current Generation,Best Rat's Starting Position,Best DNA,Best Fitness Score,Best Reached Goal,Average Fitness Score (No Winners),Average Fitness Score(Winner Inclusive),% Pop Reached Goal
1,15,RLRRRRLRRLLRRRRLRRRRLRRRR,0.5,FALSE,0.090618798,0.090618798,0.00%
2,15,RRRRLLLRRRLRRRRLRRRRLRRRR,0.5,FALSE,0.109695887,0.109695887,0.00%
3,15,RRRRRRLRRLLRRRRLRRRRLRRRR,2,TRUE,0.141861697,0.216187229,4.00%
4,15,RRRLRRRRRLRRRRRLRRRRLRRRR,2,TRUE,0.259349593,0.572666667,18.00%
5,15,RRRRRRLRRLLRRRRLRRRRRRLRR,2,TRUE,0.323924731,0.960833333,38.00%
6,15,RRRRRLLRRLRRRRRLRRRRLRRRR,2,TRUE,0.458333333,1.568333333,72.00%
7,15,RRRRRRLRRRLRRRRLRRRRLRRRR,2,TRUE,0.419642857,1.5575,72.00%
8,15,LRRLRRRRRLRRRRRLRRRRLRRRR,2,TRUE,0.386574074,1.419166667,64.00%
9,15,RRRLRRRRRLRRRRLLRRRRLRRRR,2,TRUE,0.417708333,1.493666667,68.00%
10,15,RRRLRLRRRLLRRRRLRRRRRRRRR,2,TRUE,0.446428571,1.565,72.00%
11,15,RRRRRRRRLLRRRRLRRRRRLRRRR,2,TRUE,0.397916667,1.359166667,60.00%
12,15,RRRLRRRRRRRRRRRLRRRLRRRRR,2,TRUE,0.37254902,1.446666667,66.00%
13,15,LRRRRRRLRRRRRRRRLRRRLRRRR,2,TRUE,0.435185185,1.718333333,82.00%
14,15,RRRRRRRRRRLRRLLRRRRRLRRRR,2,TRUE,0.40625,1.745,84.00%
15,15,RRRRLRRRRLRRRRRLRRLLRRRRR,2,TRUE,0.428571429,1.78,86.00%
16,15,RRRRRRLRRLLRRRRLRRRRLRRRR,2,TRUE,0.454545455,1.66,78.00%
17,15,RRLRRRLRRLLRRRRRRRRRLRRRR,2,TRUE,0.435185185,1.718333333,82.00%
18,15,RRRRRRRRRLRRRRRRRRRRRRRLR,2,TRUE,0.5,1.91,94.00%
19,15,RRRRRRRRRLRRRRRLRLRRLRRRR,2,TRUE,0.388888889,1.613333333,76.00%
20,15,RRRRRLLRRLRRRRRRRRRRRRRRR,2,TRUE,0.458333333,1.815,88.00%
21,15,RRRRRRRRRRLRRRLLRRRRLRRLR,2,TRUE,0.395833333,1.743333333,84.00%
22,15,LRRRRRRLRRRRRRRRRLRLLRRRR,2,TRUE,0.345238095,1.768333333,86.00%
23,15,LRRRRRRRRRRRLRRLRRRRLRRRL,2,TRUE,0.444444444,1.813333333,88.00%
24,15,RRRRRRRRRRRRRRRRRRRRLRRRR,2,TRUE,0.428571429,1.78,86.00%
25,15,RRRRRRRLRRRRRRRRRRRRLRLRR,2,TRUE,0.416666667,1.62,76.00%
26,15,RRRRRRLLRRRRRRRRLRRLLRRRR,2,TRUE,0.375,1.545,72.00%
27,15,LRRRRRRRRRRRLRRRRRRRRRRRR,2,TRUE,0.5,1.82,88.00%
28,15,RRLRRRRRRLRRRRRLRRRRRRRRR,2,TRUE,0.4375,1.875,92.00%
29,15,RRRRRLRRRLRRRRRLRRRRRRRRR,2,TRUE,0.5,1.88,92.00%
30,15,RRLRLRLRRLRRRRRLRRRRRRRRR,2,TRUE,0.3125,1.865,92.00%
31,15,LRRRRRRRRLRRRRRLRRLRRRRRR,2,TRUE,0.464285714,1.785,86.00%
32,15,RLRRLRRLRRRRRRRRRRRRRRRRR,2,TRUE,0.333333333,1.833333333,90.00%
33,15,RRLRRRRRRRRRLRRRRRRRLRRRR,2,TRUE,0.416666667,1.715,82.00%
34,15,RRRRRRRRRLRRRRRLLRRLRRRRR,2,TRUE,0.328125,1.7325,84.00%
35,15,RLLRRRRRRRRRRRRRRRRRRRRRR,2,TRUE,0.356060606,1.638333333,78.00%
36,15,RRRRRRRRRRRRRRRRLRRLRRRRR,2,TRUE,0.395833333,1.743333333,84.00%
37,15,RRRRRRRRRLRRRRRLRLRLRRRRR,2,TRUE,0.5,1.91,94.00%
38,15,RRRRRLRLRLRRLRRRRLRRRRRRR,2,TRUE,0.45,1.845,90.00%
39,15,RRRRRRRRRRRRRRRRLLRLRRRRR,2,TRUE,0.46875,1.755,84.00%
40,15,RRRRRLRRRRRRLRRRRRRRRRLRR,2,TRUE,0.40625,1.745,84.00%
41,15,RRRRRRRRRRRLRRRRRRLRRRRRR,2,TRUE,0.45,1.845,90.00%
42,15,RRRLRRRRRRRRRRRLLRRLRRRLR,2,TRUE,0.475,1.695,80.00%
43,15,RRRRRRRRRLRLRRRRRRLLRRRRR,2,TRUE,0.4,1.68,80.00%
44,15,LRRRRRRRRRRRRRRRLRRRLRRRR,2,TRUE,0.366666667,1.673333333,80.00%
45,15,LRRRRRRRRLRLRRRRLRLRRRRRR,2,TRUE,0.5,1.88,92.00%
46,15,RRRLRRRLRRRRRRRRRRRRRRRRR,2,TRUE,0.416666667,1.905,94.00%
47,15,LRRRRLLRRRRRRLRRRRRRRLRRR,2,TRUE,0.458333333,1.815,88.00%
48,15,LRRLRLRRRRRRRRRRRRRRRRRRL,2,TRUE,0.444444444,1.533333333,70.00%
49,15,RRRRRLRRRRRRLRRRLRRRRRRRR,2,TRUE,0.428571429,1.78,86.00%
50,15,RRLRLRRRRRRRRRRRLRRRRRLRR,2,TRUE,0.324074074,1.698333333,82.00%
51,15,RRRRRRRLRRRLRLRRRRRRRLRRR,2,TRUE,0.388888889,1.71,82.00%
52,15,RRRRRLRLRRLRRLRRRRRRRRRRR,2,TRUE,0.375,1.61,76.00%
53,15,LRLRLRRRRRRRRLRRRLRRRRRRR,2,TRUE,0.381944444,1.611666667,76.00%
54,15,LRRRRRRRRLRLRRRRRRRRRRRRR,2,TRUE,0.304487179,1.559166667,74.00%
55,15,RRRRRLRRRRRRRLRRLRRRLRRRR,2,TRUE,0.392857143,1.55,72.00%
56,15,RRRRLRRRLRRLRRRRLRRRRRRRR,2,TRUE,0.444444444,1.72,82.00%
57,15,RRRRLRRRLRRLRLRLRRRRRRRRR,2,TRUE,0.407407407,1.713333333,82.00%
58,15,LRLRLRRRRRRRRRRRRRRRRRRRR,2,TRUE,0.333333333,1.733333333,84.00%
59,15,RRLLRRRLRRLRRLRRRRRRRRRRR,2,TRUE,0.436111111,1.530833333,70.00%
60,15,RRRRRRRLRRRRRRRRLRRRRRRRR,2,TRUE,0.407407407,1.713333333,82.00%
61,15,RRRRRRLRLRRRLLRLRRRRRRRRR,2,TRUE,0.375,1.7075,82.00%
62,15,RRRRRRRRLRRLRRRRLRRRLRRRL,2,TRUE,0.35,1.802,88.00%
63,15,RRRRRLRRRRRRLLRLRRRRRRRRR,2,TRUE,0.446969697,1.658333333,78.00%
64,15,RRRRRRRRRRRRLLRRRRRLRRRRR,2,TRUE,0.390625,1.7425,84.00%
65,15,RRRRRLRRRRRRRRRRRRLRRRRRR,2,TRUE,0.452380952,1.783333333,86.00%
66,15,RRRRRLLRRLRRRRRRRRLRRRRRR,2,TRUE,0.345238095,1.768333333,86.00%
67,15,RRRRRLRRRRRRRRRRRRLRRRRRR,2,TRUE,0.5,1.88,92.00%
68,15,RRRRRRRRRLRLRRRRRRLRRRRRR,2,TRUE,0.291666667,1.863333333,92.00%
69,15,RRRRRRRRRRRRRRRLRRRRRRRRR,2,TRUE,0.428571429,1.78,86.00%
70,15,RRRRRRRLRLRRRRRRRRLRRRRRR,2,TRUE,0.390625,1.7425,84.00%
71,15,RRRLRLRRRRRRRRRRRRLRRLRRR,2,TRUE,0.345238095,1.768333333,86.00%
72,15,RRRLRRRRRLRRRLRRRLLRRRRRR,2,TRUE,0.424242424,1.653333333,78.00%
73,15,RRRRRRLRRRRRRLLRRRRRRLRRR,2,TRUE,0.338541667,1.734166667,84.00%
74,15,RRRRRRRRRLRRRRRRRRRRRRRRR,2,TRUE,0.407407407,1.713333333,82.00%
75,15,RRRRRRRRRRRLRRRLLRRRRRLLR,2,TRUE,0.4375,1.8125,88.00%
76,15,RRRRRRRRRLRLRRRLRRRRRLRRL,2,TRUE,0.426666667,1.685333333,80.00%
77,15,RRRRRRRLRLRLRRRRLRRRRRRRR,2,TRUE,0.4,1.84,90.00%
78,15,RRRRRRRRRRLLRRRRRLRRRRRRR,2,TRUE,0.361111111,1.803333333,88.00%
79,15,RRRRRRRRLLRRRRRLRLRRRRRRR,2,TRUE,0.380952381,1.773333333,86.00%
80,15,RRRRRRRRRRRLLRRRRLRRRLRRR,2,TRUE,0.441666667,1.688333333,80.00%
81,15,RRRRRRLRRRRRRRLLRRRRRRRRR,2,TRUE,0.348484848,1.636666667,78.00%
82,15,RRRRRLRRRRRLRRRRRRRRRRRRR,2,TRUE,0.425,1.685,80.00%
83,15,RRRRRRLRLRRLRRRLRRRRRRRRR,2,TRUE,0.391666667,1.678333333,80.00%
84,15,RRRRRRRRRRRLRLRLLRLRRRRRR,2,TRUE,0.352564103,1.571666667,74.00%
85,15,RRRRRRRRRRLRRRRLLRRRRRRRR,2,TRUE,0.466666667,1.54,70.00%
86,15,RRRRRRLRRRRRRRLLRRRRRRLRR,2,TRUE,0.444444444,1.72,82.00%
87,15,RRRRRRLRRLRRRRRLRRRRRRRRR,2,TRUE,0.392857143,1.775,86.00%
88,15,RRRRRRLRRRLLRLRLRRRRRRRRR,2,TRUE,0.45,1.845,90.00%
89,15,RRRRLRRRRRRRRRLLRRRRRRRRR,2,TRUE,0.45,1.845,90.00%
90,15,RRRRLRRRLRRRRRRLRRRRRRRRR,2,TRUE,0.427083333,1.748333333,84.00%
91,15,RRRRLRLRRRRRRRRLRRLRRLRRR,2,TRUE,0.416666667,1.778333333,86.00%
92,15,RRRRLRRRRRRRRRRLRRRRLRRRR,2,TRUE,0.416666667,1.81,88.00%
93,15,RRRRRRLRRRRRLRRLRLRRRLRRR,2,TRUE,0.410714286,1.7775,86.00%
94,15,RRRRRRRLRRRRRLLRRRRRLRRRR,2,TRUE,0.5,1.64,76.00%
95,15,RRRRRRRLRRRRRLRLLRRRRRRLR,2,TRUE,0.421875,1.7475,84.00%
96,15,RRRRLRRRRRRRRRRLLRRRRRRRR,2,TRUE,0.424242424,1.653333333,78.00%
97,15,LRRRRRRRRRLRRRRRRRRRRLRRR,2,TRUE,0.446969697,1.658333333,78.00%
98,15,RRRRLRRRRLRRRRLLRRRRLRRRR,2,TRUE,0.361111111,1.803333333,88.00%
99,15,RRLRLRRRLRRRLRRRRRLRRRRRR,2,TRUE,0.424242424,1.653333333,78.00%
100,15,RRRRLRLRRLLLRRRRRRRRRRRRR,2,TRUE,0.416666667,1.588333333,74.00%
101,15,RRRRRRRRRRRLRRRLRLRRRRRRL,2,TRUE,0.316666667,1.663333333,80.00%
102,15,LRRRRRRRLRRRRRRRRRLRLRRRR,2,TRUE,0.357142857,1.77,86.00%
103,15,RRRRRRRRLRRRRRRLRRLRRRRLR,2,TRUE,0.441666667,1.688333333,80.00%
104,15,RRLRRRRRLRLRRRRLRRRRRLRRR,2,TRUE,0.416666667,1.683333333,80.00%
105,15,LRRRRRRRRRLRRRRLRRRRRRRRR,2,TRUE,0.4,1.52,70.00%
106,15,LRLRRRRRRRLRLLRRRRRRRRRRR,2,TRUE,0.446969697,1.658333333,78.00%
107,15,RRRRLRRRRRLRRRRLRRRRRLRRR,2,TRUE,0.375,1.8375,90.00%
108,15,RRRRRRRRRLRRRRRLRRLRRRRLR,2,TRUE,0.333333333,1.9,94.00%
109,15,RLRRRRRRRRRRRRLLLRRRRRRRR,2,TRUE,0.5,1.88,92.00%
110,15,LRRRRRRRRRLRRRRLRRRRRRRRR,2,TRUE,0.4375,1.875,92.00%
111,15,RRRRRRRRRLRRRRRLRRRRRRLRR,2,TRUE,0.380952381,1.773333333,86.00%
112,15,RRRLRRRRRLRRRRRRRLLRRRRRR,2,TRUE,0.4125,1.6825,80.00%
113,15,RRLRRRRRRLLRRRRLRRRRRRLRR,2,TRUE,0.388888889,1.71,82.00%
114,15,LRRRRRRRRLRRRRRLRRLRRRRRR,2,TRUE,0.435185185,1.718333333,82.00%
115,15,RRRRRRRRRRLRRRRRRLRRRRRRR,2,TRUE,0.314393939,1.629166667,78.00%
116,15,RRRRRLRRRLRRRRRRRRRRRRRRR,2,TRUE,0.366666667,1.673333333,80.00%
117,15,RRLRRLRRRLRRRRRLRRRRRRRRR,2,TRUE,0.388888889,1.71,82.00%
118,15,RRLRRLRRRRRRRRRLRRRRRRRRR,2,TRUE,0.4375,1.75,84.00%
119,15,RRLRRLRRRLRRRRRLRRLRRRRRR,2,TRUE,0.45,1.69,80.00%
120,15,RRRRRRRRRLRRRRRLRRRLRRRRR,2,TRUE,0.428571429,1.56,72.00%
121,15,RRRRRRRRRLRRRRRLRRRRRRRRR,2,TRUE,0.462962963,1.723333333,82.00%
122,15,RRRRRRRRRRLRRRRLRRRLRRRRR,2,TRUE,0.5,1.76,84.00%
123,15,RLRRRRRRRRRRRRLLRRRRRRLRR,2,TRUE,0.45,1.845,90.00%
124,15,LRRRRRRRRLRRRRLRRRLLRRRRR,2,TRUE,0.401515152,1.648333333,78.00%
125,15,RRLRRRRRRLRRRRRRRRRRLLRRR,2,TRUE,0.403846154,1.585,74.00%
126,15,RRLRRRRRRLRRRRRRRRLRRRRRL,2,TRUE,0.416666667,1.715,82.00%
127,15,LRRRRRRRRLLRRRRRRRLRRRRRL,2,TRUE,0.45,1.845,90.00%
128,15,RRRRRLRLRRLRRRRRRRRRRRRRR,2,TRUE,0.416666667,1.778333333,86.00%
129,15,RRRRRRRRRLRRRRRLRRRRRRRRR,2,TRUE,0.322916667,1.731666667,84.00%
130,15,RRLRLRRRRLRRRRRLRRRRRRRRL,2,TRUE,0.464285714,1.785,86.00%
131,15,RRRRRRRLRRRRRRRLRRRRRRRRR,2,TRUE,0.388888889,1.71,82.00%
132,15,RRRRRRRRRLRRRRRLRRRRLRLRR,2,TRUE,0.45,1.845,90.00%
133,15,RRRLRRRRRRLRRRLLRRRRRRRRR,2,TRUE,0.378787879,1.643333333,78.00%
134,15,RRRLRRRRRRRRRRRRRRRRRRRRR,2,TRUE,0.319444444,1.798333333,88.00%
135,15,LRRRRRRRRRLRRRRLRRRRRRRRR,2,TRUE,0.375,1.5775,74.00%
136,15,RRRRLRRRRLRRRRRLRRLRRRRRR,2,TRUE,0.297619048,1.761666667,86.00%
137,15,RRRRRRRLRRRRRRRRRLRRRRRRR,2,TRUE,0.427083333,1.748333333,84.00%
138,15,RRRRRRRLRLRRRRRLRRRRLRRRR,2,TRUE,0.454545455,1.66,78.00%
139,15,RRRRRRLLRRLRRRRLRRRRRRRRL,2,TRUE,0.381944444,1.611666667,76.00%
140,15,RRRRRRRRRRRRRRRRRRLRRRRRR,2,TRUE,0.357638889,1.605833333,76.00%
141,15,RRRRRRLLRRLRRRRLRRRRRRRRR,2,TRUE,0.402777778,1.808333333,88.00%
142,15,RRRRRRRRRRRRRRLLRRRRRRLRR,2,TRUE,0.392857143,1.775,86.00%
143,15,LRRRRRRRRLRRLRRLLRRRRRRRR,2,TRUE,0.375,1.675,80.00%
144,15,LRRRRRLLRRLRRRRRRRRRRRRLR,2,TRUE,0.342424242,1.635333333,78.00%
145,15,RRRRRRRRRRRRRLRLLRRRRRRRL,2,TRUE,0.444444444,1.72,82.00%
146,15,RRRRRRRRRRRRRRRLRRRRRRRRR,2,TRUE,0.416666667,1.683333333,80.00%
147,15,RRRRRRLRRLRRRRRLRRRRRRLRR,2,TRUE,0.424242424,1.653333333,78.00%
148,15,RRRRRLLRRLRRRRRLRRRRRRRRR,2,TRUE,0.5,1.79,86.00%
149,15,RRRRRRLRRRRRRRRLRRRRRRRRR,2,TRUE,0.348484848,1.636666667,78.00%
150,15,RRRRRRRLRRRRRRRLRRRRRRRRR,2,TRUE,0.354166667,1.868333333,92.00%
151,15,LRRRLLLRRLRRRRRRRRRRRRRRR,2,TRUE,0.416666667,1.81,88.00%
152,15,RRRRRRLRRRRRRRRLRRRRRRRRR,2,TRUE,0.416666667,1.81,88.00%
153,15,RLRRRRRRRRLRRRLRRRRRRRRRR,2,TRUE,0.375,1.74,84.00%
154,15,RRRRRRRRRRLRRRLRRRRRRRRRR,2,TRUE,0.391025641,1.581666667,74.00%
155,15,LRRRRRLRRRRRRRRLRLRRRLRRR,2,TRUE,0.442307692,1.595,74.00%
156,15,RRRRRRRRRRLRRRRLRRRLRRRLR,2,TRUE,0.431818182,1.655,78.00%
157,15,RRRRRRLLRRRRRRRLLRRRRRRRR,2,TRUE,0.458333333,1.753333333,84.00%
158,15,RRRRRRRRRRLLRRRRRRRRLLRLL,2,TRUE,0.45,1.845,90.00%
159,15,RRRRRRRRRRRRRRRLRRRRRRRLR,2,TRUE,0.333333333,1.833333333,90.00%
160,15,RRRRRRRLRRRRRRRRRRRRRRRLR,2,TRUE,0.392857143,1.775,86.00%
161,15,RRRRRRLRRRRRRRRLRRRRRLRRR,2,TRUE,0.416666667,1.778333333,86.00%
162,15,RRRRRRLLRRRRRRRLRRLRRRRRL,2,TRUE,0.393939394,1.646666667,78.00%
163,15,RRRRRRRRRRRRRRLLRRRLRRRRR,2,TRUE,0.368055556,1.608333333,76.00%
164,15,RRRRRLRLRRRRRRRLRRRRRRRLR,2,TRUE,0.375,1.805,88.00%
165,15,RRRRRRRRRRRRRRRLLLRRLRRLR,2,TRUE,0.46875,1.755,84.00%
166,15,RRRRRRRRRRRRLLLRRRRRRRRRR,2,TRUE,0.5,1.73,82.00%
167,15,RRRRRRLRRRRRRRRLRRRRRRLRR,2,TRUE,0.416666667,1.778333333,86.00%
168,15,RLRRRRRRRRRRRRRLRRRRRRLRR,2,TRUE,0.4375,1.75,84.00%
169,15,RRRRRLRRRRRRRRRLRRRRRRRLL,2,TRUE,0.36,1.672,80.00%
170,15,LRRRRRLRRRRRRRRLRRRLRRRLR,2,TRUE,0.375,1.87,92.00%
171,15,RRRRRRRRRRRRLRLLRRRLRRRRR,2,TRUE,0.40625,1.745,84.00%
172,15,RLRRRRLLRRRRRRRRRRRLRRLRR,2,TRUE,0.347222222,1.801666667,88.00%
173,15,RRRRRRLRRRRRRRRRRRRRLRRLL,2,TRUE,0.464285714,1.785,86.00%
174,15,RRRRRLRRRRRRRRRRLRRRLRLRR,2,TRUE,0.3125,1.7975,88.00%
175,15,RLLRRLRRRRLRRRRRRRRRRRLRR,2,TRUE,0.421875,1.7475,84.00%
176,15,RRRRRRRRRRLRRLRLRRRRRLLRR,2,TRUE,0.305555556,1.898333333,94.00%
177,15,RRRRRRRRRRLRLRLLRLRRRRRRR,2,TRUE,0.348484848,1.636666667,78.00%
178,15,RLLRRRLRRLRRRRRRRRRRLRRRR,2,TRUE,0.268333333,1.653666667,80.00%
179,15,RRRRRRRRRRLRLRRLRRRLRRLRR,2,TRUE,0.371212121,1.641666667,78.00%
180,15,RRRRRRRRRRRRRRRLRLRRLRRRR,2,TRUE,0.388888889,1.71,82.00%
181,15,RLRRRRRRRLRRRRRLRRRRRRRRR,2,TRUE,0.45,1.845,90.00%
182,15,RRRRRRRRRRRRLRLLRRRRRRLRR,2,TRUE,0.319444444,1.798333333,88.00%
183,15,RRRRRRRRRRRRRRRLRRRRRRLRL,2,TRUE,0.345238095,1.768333333,86.00%
184,15,RRRRRRLRRRLRRRRLRRRRRLRRR,2,TRUE,0.333333333,1.833333333,90.00%
185,15,RRRRRRLRRRLRRLRRRRRRRLRRR,2,TRUE,0.383333333,1.676666667,80.00%
186,15,RRRRRRRRRRLRRRRLRRRRRRLRL,2,TRUE,0.375,1.545,72.00%
187,15,RRRRRRRRRRRRLRRLRRRRRRLRL,2,TRUE,0.402777778,1.616666667,76.00%
188,15,RLRRRRRRRLRRRRRRRRLRRLRLR,2,TRUE,0.388888889,1.613333333,76.00%
189,15,RRRRRRRRRRLRRRRLRRRRLRLRR,2,TRUE,0.402777778,1.616666667,76.00%
190,15,RRLRRRRRRLRRLRRLRRRRRRLRR,2,TRUE,0.404166667,1.680833333,80.00%
191,15,RRLRRRRRRRRRRRRLRLRRRRLLR,2,TRUE,0.395833333,1.743333333,84.00%
192,15,RRRRRLRRRRRRLRRLRRRRRRRRR,2,TRUE,0.433333333,1.686666667,80.00%
193,15,RRRLRRRRRRRRRRRLRLRRRRRRR,2,TRUE,0.4375,1.875,92.00%
194,15,RRLRRRRRRLRRRRRLRRRRLRLRR,2,TRUE,0.4375,1.75,84.00%
195,15,RRLRRRRRRLLRRRRLRRRRRRRRR,2,TRUE,0.422619048,1.558333333,72.00%
196,15,RRLRRRRRRRRRRRRLRRLRRRLRR,2,TRUE,0.404411765,1.4575,66.00%
197,15,RRRLRRRRRLLRRRRLRRLRRRRRR,2,TRUE,0.421875,1.7475,84.00%
198,15,RRRRRRRRRRLRRRRLRRRRRRRRR,2,TRUE,0.4,1.68,80.00%
199,15,RRRRRLRRRRLRRRRLRRRRLRLRR,2,TRUE,0.333333333,1.733333333,84.00%
200,15,RRRRRRRRLRRRRRRLRRRRRLRRR,2,TRUE,0.5,1.73,82.00%
,,,,,,,
First generation where best rat ate the cheese: 3,,,,,,,
