Population Size,Life Span,Max Generations,Maze Size,,,,
50,25,200,40,,,,
,,,,,,,
Current Generation,Best Rat's Starting Position,Best DNA,Best Fitness Score,Best Reached Goal,Average Fitness Score (No Winners),Average Fitness Score(Winner Inclusive),% Pop Reached Goal
1,20,RLRRRLRRRLLRRRLRRRRRLRRRR,0.142857143,FALSE,0.053110734,0.053110734,0.00%
2,20,RRRLRRRRRLLRRRLRRRRRRRRRR,0.333333333,FALSE,0.066682723,0.066682723,0.00%
3,20,RRRLRRRRRLLRRRLRRRRRRRRRR,0.333333333,FALSE,0.07613641,0.07613641,0.00%
4,20,RRRLRRRRRLLRRRLRRRRLRRRRR,0.2,FALSE,0.092005364,0.092005364,0.00%
5,20,RLRLRRRRRRRRRRRRRRRRLRRRR,1,FALSE,0.121483049,0.121483049,0.00%
6,20,RRRLRRRLLRRRRRRRRRRRRRRRR,1,FALSE,0.21603411,0.21603411,0.00%
7,20,RLRLRRRRRRRRRRRRRRRRRRRRR,2,TRUE,0.425045486,0.551041847,8.00%
8,20,RLRLRRRRRRRRRRRRRRRRRRRRR,2,TRUE,0.570681606,0.970890756,28.00%
9,20,RLRLRRRRRRRRRRRRRRRRRRRRR,2,TRUE,0.666666667,1.146666667,36.00%
10,20,RRRLRRRLRRRRRRRRRRRRRRRRR,2,TRUE,0.856,1.428,50.00%
11,20,RLLRRRRRRRRRRRRRRRRRRRRRR,2,TRUE,0.6,1.468,62.00%
12,20,RRRRRLRRRRRRRRRRRRRRLRRRR,2,TRUE,0.6,1.468,62.00%
13,20,RRRRRRRRRRRRRRRRRRRRLRRRR,2,TRUE,0.77037037,1.557333333,64.00%
14,20,RLRRRRRRRRRRRRRRRRRRRRRRR,2,TRUE,0.768115942,1.433333333,54.00%
15,20,RLRRRRRRRRRRRRRRRRRRRRRRR,2,TRUE,0.781818182,1.464,56.00%
16,20,RLRRRRRRRRRRRRRLRRRRRRRRR,2,TRUE,0.908333333,1.650666667,68.00%
17,20,RRRRRRRRRRRRRRRRRRRRRRRRR,2,TRUE,0.834920635,1.510666667,58.00%
18,20,RLRRRRRRRRRRRRRRRRRRRRRRL,2,TRUE,0.63982684,1.40152381,56.00%
19,20,LLRRRRRRRRRRRRRRRRRRRRRRL,2,TRUE,0.72,1.488,60.00%
20,20,RLRRRRRRRRRRRRRRRRRRRRLRR,2,TRUE,0.564285714,1.310857143,52.00%
21,20,RRRRRRRRRRRRRRRRRRRRRRRLR,2,TRUE,0.646666667,1.458666667,60.00%
22,20,RRRRRRRRRRRRRRRRRRRRLRRRR,2,TRUE,0.701960784,1.558666667,66.00%
23,20,RRRRRRRRRRLRRRRRRRRRRRRRR,2,TRUE,0.606926407,1.387047619,56.00%
24,20,RLRRRRRRRRRRRRRRRRRRRRRLR,2,TRUE,0.61025641,1.638666667,74.00%
25,20,RRRRRRRRRRRRRRLRRRRRRRRRR,2,TRUE,0.704761905,1.637333333,72.00%
26,20,RRRRRRRRRRRRLRRLRRRRRRRRR,2,TRUE,0.572789116,1.800190476,86.00%
27,20,RRRRRRRRRRRRRRRRRRRRRRRRR,2,TRUE,0.6,1.692,78.00%
28,20,RRRRRRRRRRRRRRRRRRRRRRRRR,2,TRUE,0.709803922,1.561333333,66.00%
29,20,RRRRRLRRRRRRRRRRRRRRRRRRL,2,TRUE,0.611111111,1.666666667,76.00%
30,20,RRRRRRRRRRRRRRLRRRRRRRRRR,2,TRUE,0.575757576,1.686666667,78.00%
31,20,RRRRLRRRRRRRRRRRRRRRRRRLR,2,TRUE,0.857142857,1.68,72.00%
32,20,RRRRRRRRRRRRRRRRRRRRRRRRR,2,TRUE,0.733333333,1.670666667,74.00%
33,20,RRRRRRRRRRRRRRLRRRRRRRLRR,2,TRUE,0.663157895,1.492,62.00%
34,20,RRRLRRRRRRRLRRRRRRRRRRRRR,2,TRUE,0.663157895,1.492,62.00%
35,20,RRRRRRRRRRRRRRLRRRLRRRRRR,2,TRUE,0.691666667,1.581333333,68.00%
36,20,RRRRRRRRRRRRLRRRRRRRRRRLR,2,TRUE,0.624242424,1.697333333,78.00%
37,20,RRRRRRRRRRRRRRRRRRRRRRRRR,2,TRUE,0.695238095,1.686857143,76.00%
38,20,RRRRRRRRRRLRRRRRRRRRRRRLR,2,TRUE,0.704347826,1.404,54.00%
39,20,RRRRRRRRRRRRLRRRRRRRRRRRR,2,TRUE,0.888888889,1.733333333,76.00%
40,20,RRRRRRRRRRLRRRRRRRRRRRRRR,2,TRUE,0.853333333,1.770666667,80.00%
41,20,RRRRRRRRRRRRRRRRRRRRRLRRR,2,TRUE,0.741666667,1.597333333,68.00%
42,20,RRRRRRRLRRRRRRLRRRRRRRRRR,2,TRUE,0.675070028,1.54952381,66.00%
43,20,RRRRRRRRRRRRRRRRRRRRRRLRR,2,TRUE,0.591666667,1.549333333,68.00%
44,20,RRRRRRRRRRRRRLRRRRRRLRRRR,2,TRUE,0.725490196,1.566666667,66.00%
45,20,RRRRRRRRRRRRRRRRRRRRRRRRR,2,TRUE,0.587878788,1.378666667,56.00%
46,20,RRRRRRRRRRRRRRRRRRLRRRRRL,2,TRUE,0.741666667,1.597333333,68.00%
47,20,RLRRRRRLRRRRRRRRRRRRRRRRR,2,TRUE,0.897435897,1.713333333,74.00%
48,20,RRRRRRRRRRRRRRRRRRRRRRRLL,2,TRUE,0.742857143,1.648,72.00%
49,20,RLRRRRRRRRRRRRRRRRRRRRRLR,2,TRUE,0.764705882,1.58,66.00%
50,20,RRRLRRRRRRRRRRRRRRRRRRRRR,2,TRUE,0.66984127,1.441333333,58.00%
51,20,RRRRRRRLRRRRLRRRRRRRRRRRR,2,TRUE,0.60802005,1.471047619,62.00%
52,20,RRRRRRRRRRRRRRRRRRLRRRRRR,2,TRUE,0.614035088,1.473333333,62.00%
53,20,RRRRRRRRRLRRRRRRRRRRRRRRR,2,TRUE,0.654603175,1.596380952,70.00%
54,20,RRRRRRRRRRRRRRRRRRLRLRRRR,2,TRUE,0.516190476,1.554857143,70.00%
55,20,RLRRRRRRRRRRRRRRRRRRRRRRR,2,TRUE,0.658333333,1.570666667,68.00%
56,20,RRRRLRRRRRRRRRRRRRRRLRRRL,2,TRUE,0.695238095,1.452,58.00%
57,20,RRRRRRRRRLRRRRRRRRRRRRRRL,2,TRUE,0.63982684,1.40152381,56.00%
58,20,RRRRRRRRLRRRRRRRRRRLRRRRR,2,TRUE,0.592063492,1.324190476,52.00%
59,20,RRRRRRRRRRRRRRRRRRRLRRRRR,2,TRUE,0.477777778,1.512888889,68.00%
60,20,RRRRRRRRRLRRRRRRRRRRRRRRR,2,TRUE,0.659259259,1.517333333,64.00%
61,20,RRRRRRRRRRRRLRRRRRRRRRRRR,2,TRUE,0.702255639,1.506857143,62.00%
62,20,RRRRRRRRLRRRRRRRRRRRRRRRR,2,TRUE,0.695238095,1.504190476,62.00%
63,20,RRRRRRRRRLRRRRRRLRRRRRRRR,2,TRUE,0.556825397,1.567047619,70.00%
64,20,RRRRLRRRRRRRRRRRRRRRRRRRL,2,TRUE,0.728937729,1.66952381,74.00%
65,20,RRRRRRRLRRRRRRRRRRRRRRRRR,2,TRUE,0.741666667,1.597333333,68.00%
66,20,RRRRRRRRRRRRRLRRRRRRRRRRR,2,TRUE,0.846153846,1.7,74.00%
67,20,RRRRRRRRRRRRRRRRRRRRRRLRR,2,TRUE,0.555555556,1.393333333,58.00%
68,20,RRRRRRRRRRRRRRRRRRRLRLRRR,2,TRUE,0.678210678,1.418412698,56.00%
69,20,RRRRRRRRRRRRRRRRRRRLRLRRR,2,TRUE,0.666666667,1.573333333,68.00%
70,20,LRRRRRRRRRRRRRRRRRRLRRRRL,2,TRUE,0.558974359,1.625333333,74.00%
71,20,RRRRRRRRRRLRRRRRRRRRLRRRR,2,TRUE,0.437229437,1.656190476,78.00%
72,20,RRRRRRRRRRLRRRRRRRRRLRRRR,2,TRUE,0.833333333,1.72,76.00%
73,20,RRRRRRRRRRRLRRRRRRRRRRRRR,2,TRUE,0.733333333,1.62,70.00%
74,20,RRRRRRRRRRRRRRLRRRRRRRRRR,2,TRUE,0.626666667,1.588,70.00%
75,20,RRRRRRRRRRRRRRLRRRRLRRRRR,2,TRUE,0.846153846,1.7,74.00%
76,20,RRRRRRRRRRRRRRRRRRRRRRLRL,2,TRUE,0.733333333,1.721333333,78.00%
77,20,RRRRRRRRRRRRRRRRRRLLRRRRL,2,TRUE,0.742857143,1.648,72.00%
78,20,RRRRRRRLRRRRRRLRRRRRRRRRL,2,TRUE,0.595918367,1.606857143,72.00%
79,20,RRRRRRRRRRRRRRRRRRRRLRRRR,2,TRUE,0.662222222,1.598666667,70.00%
80,20,RRRRRRRRRRRRRRLRRRRRRRRRL,2,TRUE,0.616666667,1.557333333,68.00%
81,20,RRRRRRRLRLRRRRRRRRRRRRRRR,2,TRUE,0.534391534,1.736190476,82.00%
82,20,RRRRRRRRRRRRRRRRRRLRRRRRL,2,TRUE,0.628571429,1.670857143,76.00%
83,20,RRRRRRLRRRRRRRRRRRRRRRRRR,2,TRUE,0.66716792,1.49352381,62.00%
84,20,LRRRRRRRRRRLRRRRRRRRRRRRL,2,TRUE,0.576470588,1.516,66.00%
85,20,RRRRRRRRRRRRLRRRRRRRRRRRR,2,TRUE,0.733333333,1.544,64.00%
86,20,RRRRRRRRRRRRLRRRRRRRRLRRR,2,TRUE,0.7,1.584,68.00%
87,20,RRRRRRRRRRRRLRRRRRRRRRRRL,2,TRUE,0.733333333,1.544,64.00%
88,20,RRRRLRRRRRRRRRRRRRRRRLRRR,2,TRUE,0.548148148,1.477333333,64.00%
89,20,RRRRRRRRRRRRRRRRRRLRRRRRR,2,TRUE,0.576296296,1.572888889,70.00%
90,20,LRRRRRRRRRRRRRRRRRRRRRRRR,2,TRUE,0.6,1.356,54.00%
91,20,RRRRRRRRRRRRRRRRRRRRLRRRL,2,TRUE,0.603734827,1.525269841,66.00%
92,20,RRRRRRRRRRRLRRRRRRRRRRRRL,2,TRUE,0.7,1.584,68.00%
93,20,RRRRRRRRRRRLRRRRLRRRRRRRR,2,TRUE,0.513333333,1.405333333,60.00%
94,20,RRRRRRRRRRRLRRRRRRRRRRRRR,2,TRUE,0.534693878,1.589714286,72.00%
95,20,RRRRRRRRRRRRRRRRRRRRRRRRL,2,TRUE,0.577777778,1.488,64.00%
96,20,LRRRRRRRRRRRRRLRRRRRRRRRR,2,TRUE,0.552941176,1.508,66.00%
97,20,LRRRRRRRRRRRRRRRRRLRRRRRR,2,TRUE,0.466666667,1.601333333,74.00%
98,20,RRRRRRRRRRRRRRLRRRRLRRRRR,2,TRUE,0.57047619,1.428190476,60.00%
99,20,LRRRRRRRRRRLRRRRRRRRRRRRL,2,TRUE,0.626666667,1.588,70.00%
100,20,LRRRRRRRRRRRRRRRRRRRLRRRL,2,TRUE,0.560784314,1.510666667,66.00%
101,20,RRRRLRRRRRRRRRRRRRRRRRRRR,2,TRUE,0.622222222,1.504,64.00%
102,20,RRRRRRRRRRRRRRRRRRRRRRRRL,2,TRUE,0.586243386,1.491047619,64.00%
103,20,RRRRRRRRRRRLRRRRRRRRRRRRL,2,TRUE,0.473333333,1.389333333,60.00%
104,20,RRRRLRRRRRRRRRRRRRRRRRRRR,2,TRUE,0.633333333,1.672,76.00%
105,20,RRRRRRRRLRRRRRRRRRRRRRRRL,2,TRUE,0.633333333,1.672,76.00%
106,20,LRRRRRRRRLRRRRRRRRRRRRRRL,2,TRUE,0.666666667,1.786666667,84.00%
107,20,RRRRRRRRRLRRLRRRRRRRRRRRR,2,TRUE,0.551515152,1.681333333,78.00%
108,20,RRLRRRRRRRRRRRRRRRRRRRRRL,2,TRUE,0.733333333,1.797333333,84.00%
109,20,RRRRRRRRRLRRRRRRRRRRLRRRR,2,TRUE,0.775438596,1.534666667,62.00%
110,20,RRLRRRRRRRRRRRRRLRRRRRRRR,2,TRUE,0.670175439,1.494666667,62.00%
111,20,RRRRRRRRRRRRRRRRRRLRRRRRR,2,TRUE,0.724444444,1.617333333,70.00%
112,20,RRRRLRRRRRRRRRRRRRLRRRRRR,2,TRUE,0.835294118,1.604,66.00%
113,20,RRRRLRRRRRRRRRRRRRRRLRRRR,2,TRUE,0.797979798,1.495151515,58.00%
114,20,RRRRRRRRRRRRRRRRRRRRRRRRR,2,TRUE,0.878787879,1.753333333,78.00%
115,20,RRRRRRRRRRRRRRRRRRRRRRRRR,2,TRUE,0.837037037,1.790666667,82.00%
116,20,RRRLRRRRRRRRLRRRRRRRRRRRR,2,TRUE,0.80952381,1.666666667,72.00%
117,20,RRRRLRRRRLRRRRRRRRRRRRRRL,2,TRUE,0.703703704,1.766666667,82.00%
118,20,RRRRRRLRRRRRRRRRRRRRRRLRR,2,TRUE,0.630769231,1.644,74.00%
119,20,RRRRRRRLRRRRRRRRRRRRRRRRR,2,TRUE,0.8,1.76,80.00%
120,20,RRRRRRRRLRRLRRRRRRRRRRRRR,2,TRUE,0.822222222,1.646666667,70.00%
121,20,RRRRRRRRRRRRRRRRRRRRRRRRR,2,TRUE,0.684848485,1.710666667,78.00%
122,20,RRRRRRRRLRRRRRRLRRRRRRRRL,2,TRUE,0.580952381,1.602666667,72.00%
123,20,RRRRRRRRRRRLRRRRRRRRRRRRR,2,TRUE,0.866666667,1.637333333,68.00%
124,20,RRRRRRRLRRRRRRRRRRRRRRRRR,2,TRUE,0.793333333,1.517333333,60.00%
125,20,RRRLRRRRLRRRRRRRRRRRRRRRR,2,TRUE,0.733333333,1.392,52.00%
126,20,RRRRRRRRRRRRRRRRRRRRRRRLR,2,TRUE,0.662222222,1.598666667,70.00%
127,20,RRRRRLLRRRRRRRRRRRRRRRRRR,2,TRUE,0.775438596,1.534666667,62.00%
128,20,RRRRRRRRRRRRRRRRRRRRRRRRR,2,TRUE,0.853594771,1.610222222,66.00%
129,20,RRRRRRRRRLRRRLRRRRRRRRRRR,2,TRUE,0.833333333,1.72,76.00%
130,20,RRRRRRRRRLRRRRRRRRRRRRRRR,2,TRUE,0.657142857,1.624,72.00%
131,20,RRRRRRRLRRRRRRRRRRRRRRRRR,2,TRUE,0.579487179,1.261333333,48.00%
132,20,RRRRRRRRRLRRRRRRRRRRRRRRR,2,TRUE,0.764705882,1.58,66.00%
133,20,RRRRRRRLRRRRLRRRRRRRRRRRR,2,TRUE,0.549206349,1.390666667,58.00%
134,20,LRRRRRRRRRRRRRRRLRRRRRRRR,2,TRUE,0.644444444,1.512,64.00%
135,20,LRRRRRRRRRRRRRRRRRLRRRRRR,2,TRUE,0.599294533,1.495746032,64.00%
136,20,RRRRRRRRRRRRRRRRRRRRRRRRR,2,TRUE,0.704347826,1.404,54.00%
137,20,LRRRRRRRRRLRRRRRRRRRRRRRL,2,TRUE,0.590929705,1.408190476,58.00%
138,20,RRRRRRRRRLRRRRRRRLRRRRRRR,2,TRUE,0.639215686,1.537333333,66.00%
139,20,RRRRRRRRRLRLRRRRRRRRRRRRL,2,TRUE,0.777777778,1.633333333,70.00%
140,20,RLRRRRRRRRRLRRRRRRRRRRRRL,2,TRUE,0.747368421,1.524,62.00%
141,20,RLRRRRRRRLRRRRRRRRRRRRRRR,2,TRUE,0.764705882,1.58,66.00%
142,20,LRRRRRRRRRRRRRRRRRRRRRRRL,2,TRUE,0.561904762,1.396,58.00%
143,20,RRRRRRRRRLRRRRRRRRRRRRRRL,2,TRUE,0.533893557,1.50152381,66.00%
144,20,RLRRRRRRRRRRRRLRRRRRRRRRR,2,TRUE,0.438509317,1.281714286,54.00%
145,20,RRRRRRRRRLRRRRRRRRRRRRRRR,2,TRUE,0.377777778,1.610666667,76.00%
146,20,RRRRRLRRRRRRRRLRRRRRRRRRR,2,TRUE,0.540740741,1.737333333,82.00%
147,20,RRRRRRRRRRRRRRRRRRRRRRRRR,2,TRUE,0.877777778,1.730666667,76.00%
148,20,RRRRRRRRRRRRRRRRRRRRRRRRR,2,TRUE,0.740350877,1.521333333,62.00%
149,20,RRRRRRRRRLRRRRRRRRRRRRRRR,2,TRUE,0.747368421,1.524,62.00%
150,20,RRRRRRRRRRRRRRRRRRRLRRRRL,2,TRUE,0.759834369,1.42952381,54.00%
151,20,RRRRRRRRRLRRRRRRRRRRRRRRR,2,TRUE,0.712554113,1.43352381,56.00%
152,20,RRRRRRRRRRRRRRLRRRRRRLRRR,2,TRUE,0.592592593,1.493333333,64.00%
153,20,RRRRRRRRRLRRRRRRRRRRRRRRR,2,TRUE,0.786243386,1.563047619,64.00%
154,20,RRRRRRRRRLRRRRRRRRRRRRRRR,2,TRUE,0.68,1.604,70.00%
155,20,RRRRRRRLRRRRRRRLRRRRRRRRR,2,TRUE,0.712280702,1.510666667,62.00%
156,20,RRRRRRRRRRLRRRRLRRRRRRRRR,2,TRUE,0.692753623,1.398666667,54.00%
157,20,RRRLRRRRRRRRRRRLRRRRRRRRR,2,TRUE,0.670588235,1.548,66.00%
158,20,RRRRRRRRRRRRRRRRRRRRRRRRL,2,TRUE,0.819444444,1.622222222,68.00%
159,20,RRLRRRRRRRRRRRRRRRRRRRRRR,2,TRUE,0.733333333,1.544,64.00%
160,20,RRRRRRRRRRRRRLRRRRRRRRRRR,2,TRUE,0.775438596,1.534666667,62.00%
161,20,RRRLRRRRRRRRRRLRRRRRRRRRR,2,TRUE,0.808695652,1.452,54.00%
162,20,RRRRLRRRRRRRRRRRRRRRRRRRR,2,TRUE,0.761904762,1.653333333,72.00%
163,20,RRRRRRRLLRRRRRRRRRRRRRRRR,2,TRUE,0.602469136,1.496888889,64.00%
164,20,RRRRLRRRRRRRRRRRRRRRRRRRR,2,TRUE,0.619047619,1.42,58.00%
165,20,RRRRLRRRRRRRRRRRRRRRRRRRR,2,TRUE,0.690269151,1.39752381,54.00%
166,20,RRRRRRRLRRRRRRRRRRRRRRRRR,2,TRUE,0.758730159,1.404190476,52.00%
167,20,RRRRRRRRRRRRRRRRRRRRRLLRR,2,TRUE,0.684848485,1.421333333,56.00%
168,20,RRRRRRLRRRRRRRRRRRRRRRRRR,2,TRUE,0.645238095,1.349714286,52.00%
169,20,RRRRRRRRRRRRRRRLRRLRRRRRR,2,TRUE,0.639097744,1.482857143,62.00%
170,20,RRRLRRRRRRRRRRRRRRRRRRRRR,2,TRUE,0.677714286,1.338857143,50.00%
171,20,RRRRRRRRRRRRRRRRRRRRRRRRR,2,TRUE,0.638095238,1.509714286,64.00%
172,20,RRLRRRRLRRRRRRRRRRRRRRRRR,2,TRUE,0.755555556,1.552,64.00%
173,20,RRRRRRRRRRRRRRRLLRRRRRRRL,2,TRUE,0.732825397,1.366412698,50.00%
174,20,RRLLRRRRRRRRRRRRRRRRRRRRL,2,TRUE,0.693333333,1.477333333,60.00%
175,20,RRLRRRRRRRRRRRRRRRRRRRRRR,2,TRUE,0.634782609,1.372,54.00%
176,20,RRLRRLRRRRRRRRRRRRRRRRRRL,2,TRUE,0.724444444,1.617333333,70.00%
177,20,RRRLRRRRRRRRRRRLRRRRRRRRR,2,TRUE,0.680808081,1.419555556,56.00%
178,20,RRLRRLRRRRRRRRRRRRRRRRRRR,2,TRUE,0.758730159,1.478666667,58.00%
179,20,RRRRRRRRRRLRRRRRRRRRRRRRR,2,TRUE,0.791304348,1.444,54.00%
180,20,RRRRRRRRRRLRRRRRLRRRRRRRR,2,TRUE,0.72,1.488,60.00%
181,20,RRRRRRRRRRRRRRLLRRRRRRRRR,2,TRUE,0.749019608,1.574666667,66.00%
182,20,RRRRRRRRRLRRLRRRRRRRRRRRR,2,TRUE,0.711111111,1.690666667,76.00%
183,20,RRRRRRRRRRRRRRRLRRRLRRRRR,2,TRUE,0.761904762,1.702857143,76.00%
184,20,RRRRRRRRRLLRRRRRRRRRRRRRR,2,TRUE,0.657142857,1.650857143,74.00%
185,20,RRRRRRRRRRRRRRLRRRRRRRRRR,2,TRUE,0.595321637,1.466222222,62.00%
186,20,RRRRRRRRRRRRRRRRRRRRRRRRR,2,TRUE,0.625062657,1.47752381,62.00%
187,20,RRRRRRRRRRRRRRRRRRRRRRRRR,2,TRUE,0.533834586,1.442857143,62.00%
188,20,RRRRRRRRRRLRRRRRRRRRRLRRR,2,TRUE,0.68,1.604,70.00%
189,20,RRRRRRRRRRRRRRRRRRRLRRRLR,2,TRUE,0.620168067,1.530857143,66.00%
190,20,RRRRRRRRRRRRRRRRLRRRRRRLL,2,TRUE,0.557823129,1.596190476,72.00%
191,20,RRRRRRRRRRRRRLRRRRRRRRRRR,2,TRUE,0.658333333,1.570666667,68.00%
192,20,RRLRRRRRRRRRRRLRRRRRRRRRR,2,TRUE,0.476923077,1.604,74.00%
193,20,RRRRRRRRRRRRRRRRRRRLRRRRR,2,TRUE,0.725252525,1.719555556,78.00%
194,20,RRLRRRRRRRLRRRRRRRRRRRRRR,2,TRUE,0.619047619,1.613333333,72.00%
195,20,RRRLRRRRRRRRRRRRRLRRRRRRR,2,TRUE,0.687619048,1.73752381,80.00%
196,20,RRRRRRRRRRLRRRRRRRRRRRRRR,2,TRUE,0.6,1.608,72.00%
197,20,RRRRRRRRRRRRRRRRRRRLRRRLR,2,TRUE,0.688888889,1.685333333,76.00%
198,20,RRRRRRRRRRRRRRRRRLRRRLRRR,2,TRUE,0.667301587,1.600190476,70.00%
199,20,RRRRRRRRRRRRRRRRRRRRRRRRR,2,TRUE,0.762962963,1.777333333,82.00%
200,20,RRRRRRRRRRRRRRRRRRRRRRRRR,2,TRUE,0.948717949,1.726666667,74.00%
,,,,,,,
First generation where best rat ate the cheese: 7,,,,,,,
