Population Size,Life Span,Max Generations,Maze Size,,,,
50,25,200,45,,,,
,,,,,,,
Current Generation,Best Rat's Starting Position,Best DNA,Best Fitness Score,Best Reached Goal,Average Fitness Score (No Winners),Average Fitness Score(Winner Inclusive),% Pop Reached Goal
1,22,RLRRRRLRRLRRRRLRLRRRRRRLR,0.1,FALSE,0.048464774,0.048464774,0.00%
2,22,RRLRRRLRRLRRRRRRLRRRRRRRR,0.166666667,FALSE,0.056559459,0.056559459,0.00%
3,22,LRLRRRLRRLRRRRRRLRRRRRRRR,0.125,FALSE,0.062199717,0.062199717,0.00%
4,22,RRRRRLRLRRLRRRRRLRRRRRRRR,0.166666667,FALSE,0.071787518,0.071787518,0.00%
5,22,RRLRRRLRRLRRRRRRRRRRRRRRR,0.25,FALSE,0.086733516,0.086733516,0.00%
6,22,RRLRRRLRRLRRRRRRRRRRRRRRR,0.25,FALSE,0.107606532,0.107606532,0.00%
7,22,RRLRRRLRRLRRRRRRRRRRRRRRR,0.25,FALSE,0.102325758,0.102325758,0.00%
8,22,RRRRRRLRRRRLRRRRLRRRRRRRR,0.25,FALSE,0.116242785,0.116242785,0.00%
9,22,RRRRLRRLRRRRRRRRRRRRRRRRR,0.5,FALSE,0.132019841,0.132019841,0.00%
10,22,RRRRRRLRRRRRRRRLRRRRRRRRR,0.5,FALSE,0.183583333,0.183583333,0.00%
11,22,RRRRRRRLRRRRRRRRRRRRRRRRR,2,TRUE,0.213208617,0.248944444,2.00%
12,22,RRRRRRRLRRRRRRRRRRRRRRRRR,2,TRUE,0.229347826,0.371,8.00%
13,22,RRRRRRRLRRRRRRRRRRRRRRRRR,2,TRUE,0.316085271,0.551833333,14.00%
14,22,RRRRRRRLRRRRRRRRRRRRRRRRR,2,TRUE,0.405701754,0.788333333,24.00%
15,22,RRRRRRRRRLRRRRRRRRRRRRRRR,2,TRUE,0.384408602,0.998333333,38.00%
16,22,RRRRRRRLRRRRRRRRRRRRRRRRR,2,TRUE,0.431034483,1.09,42.00%
17,22,RRRRRRRRRLRRRRRRRRRRRRRRR,2,TRUE,0.4125,1.365,60.00%
18,22,RRRRRRRLRRRRRRRRRRRRRRRRR,2,TRUE,0.444444444,1.253333333,52.00%
19,22,RRRRRRRRRRRRRRRRRRRRRRRRR,2,TRUE,0.423611111,1.243333333,52.00%
20,22,RRRRRRRRRRRRLRRRRRRRRRRRR,2,TRUE,0.466666667,1.54,70.00%
21,22,RRRRRRRLRRRRRRRRRRRRRRRRR,2,TRUE,0.47826087,1.3,54.00%
22,22,RRRRRRRRRRRRRRRRRRRRLRRRR,2,TRUE,0.455357143,1.135,44.00%
23,22,RRRRRRRRRLRRRRRRRRRRRRRRR,2,TRUE,0.428921569,1.465833333,66.00%
24,22,RRRRRRRRRRRLRRRRRRRRRRRRR,2,TRUE,0.4375,1.375,60.00%
25,22,RRRLRRRRRRRRRRRRRRRRRRRRR,2,TRUE,0.386363636,1.29,56.00%
26,22,RRRRRRRRRRRRRLRRRRRRRRRRR,2,TRUE,0.407894737,1.395,62.00%
27,22,RRRRRRRRRRRRRRRRRRRRRRRLR,2,TRUE,0.385416667,1.354166667,60.00%
28,22,RRRRRRRRRRRRRRRRRRRRRRRRL,2,TRUE,0.375,1.35,60.00%
29,22,RRRRRRRRRRLRRRRRRRRRRRRRR,2,TRUE,0.325925926,1.397333333,64.00%
30,22,RRRRRRRRRRRRRRRRRRRRRRRRR,2,TRUE,0.456140351,1.413333333,62.00%
31,22,RRRRRRRRRRRRRRRRRRRRRRRLR,2,TRUE,0.427777778,1.528333333,70.00%
32,22,RRRRRRRRRRRRRRRLRRRRRRRRR,2,TRUE,0.442708333,1.2525,52.00%
33,22,RRRRRRRRRLRRRRRRRRRRRRRRR,2,TRUE,0.392156863,1.453333333,66.00%
34,22,RRRRRRRRRRRRRRRRRRRRRRRRR,2,TRUE,0.400793651,1.328333333,58.00%
35,22,RLRRRRRRRRRRRRRRRRRRRRRRR,2,TRUE,0.403846154,1.17,48.00%
36,22,RRRRRRRRRLRRRRRRRRRRRRRRR,2,TRUE,0.432098765,1.153333333,46.00%
37,22,RRRRRLRRRRRRRRRRRRRRRRRRR,2,TRUE,0.395833333,1.358333333,60.00%
38,22,RRRRRRLRRRRRRRRRRRRRRRRRR,2,TRUE,0.427083333,1.245,52.00%
39,22,RRRRRRRRRRRRRRRRRRRRRRRRR,2,TRUE,0.425925926,1.433333333,64.00%
40,22,RRRRRLRRRRRRRRRRRRRRRRRRR,2,TRUE,0.417391304,1.272,54.00%
41,22,RRRRRRRRRRRRRRRRRRRRRRRRR,2,TRUE,0.37345679,1.121666667,46.00%
42,22,RRRRRLRRRRRRRRRRRRRRRRRRR,2,TRUE,0.409090909,1.3,56.00%
43,22,RRRRRRRRRRRRRRRRRRRRRRRRR,2,TRUE,0.432539683,1.341666667,58.00%
44,22,RRRRRRRRLRRRRRRRRRRRRRRRR,2,TRUE,0.333333333,1.6,76.00%
45,22,RRRRRRRRRRRRRRRRRRRRRRRRR,2,TRUE,0.445833333,1.378333333,60.00%
46,22,RRRRRRRRRRRRRRRLRRRRRRRRR,2,TRUE,0.388888889,1.613333333,76.00%
47,22,RRRRRRRRRRRRRRRRRRRRRRRRR,2,TRUE,0.4375,1.5,68.00%
48,22,RRRRRRRRRRRRRRRRRRRRRRRLR,2,TRUE,0.416666667,1.493333333,68.00%
49,22,RRRRRRRRRRRRRRRRRRRRRRRRR,2,TRUE,0.397435897,1.583333333,74.00%
50,22,RRRRRRRRRRLRRRRRRRRRRRRRR,2,TRUE,0.458333333,1.568333333,72.00%
51,22,RRRRRRRRRRRRRRRRRRRRRRRRR,2,TRUE,0.455128205,1.598333333,74.00%
52,22,RRRRRRRRRRRRLRRRRRRRRRRRR,2,TRUE,0.4375,1.375,60.00%
53,22,RRRRRRRRRRRRRRRRRRRRRRRRR,2,TRUE,0.421568627,1.463333333,66.00%
54,22,RRRRRRRRRRRRRRRRRRRRRRRLR,2,TRUE,0.441666667,1.376666667,60.00%
55,22,RRRRRRRRRRRRRRRLRRRRRRRRR,2,TRUE,0.4375,1.25,52.00%
56,22,RRRRRRRRRRRRRRRRRRRRRRRLR,2,TRUE,0.432291667,1.498333333,68.00%
57,22,RRRRRRRRRRRRRRRRRRRRRRRRR,2,TRUE,0.447368421,1.41,62.00%
58,22,RRRRRRRRRRRRRRRRRRRRLRRRR,2,TRUE,0.396666667,1.198333333,50.00%
59,22,RRRRRRRRRRRRRRRRRRRRRRRRR,2,TRUE,0.400793651,1.328333333,58.00%
60,22,RRRRRRRRLRRRRRRRRRRRRRRRR,2,TRUE,0.411458333,1.491666667,68.00%
61,22,RRRRRRRRRRRRRRRRRRRRRRRRR,2,TRUE,0.424603175,1.338333333,58.00%
62,22,RRRRRLRRRRRRRRRRRRRRRRRRR,2,TRUE,0.427083333,1.245,52.00%
63,22,RRRRRRRRRRRRRRRRRRRRRRRRR,2,TRUE,0.395833333,1.358333333,60.00%
64,22,RRRRRRRRRRRRRRRRRRRRRRRRR,2,TRUE,0.422348485,1.305833333,56.00%
65,22,RRRRRRRRRRRRRRRRRRRRRRRRR,2,TRUE,0.450980392,1.473333333,66.00%
66,22,RRRRRRRRRRRRRRRRRRRRRRRRR,2,TRUE,0.383333333,1.353333333,60.00%
67,22,RRRRRRRRRRRRRRRRRRRRRRRRL,2,TRUE,0.397058824,1.455,66.00%
68,22,RRRRRRRRRRRRRRRLRRRRRRRRR,2,TRUE,0.421296296,1.431666667,64.00%
69,22,RRRRRRRRRRRRRRRRRRRLRRRRR,2,TRUE,0.383333333,1.515,70.00%
70,22,RRRRRRRRRRRRRRRRRRRRRRRRR,2,TRUE,0.401041667,1.488333333,68.00%
71,22,RRRRRLRRRRRRRRRRRRRRRRRRR,2,TRUE,0.367647059,1.445,66.00%
72,22,RRRRRRRRRRRRLRRRRRRRRRRRR,2,TRUE,0.435606061,1.311666667,56.00%
73,22,RRRRRRRRRRRRRRRRRRRRRRRRR,2,TRUE,0.395833333,1.358333333,60.00%
74,22,RRRRRRRRRRRLRRRRRRRRRRRRR,2,TRUE,0.405797101,1.266666667,54.00%
75,22,RRRRRRRRRRRRRRLRRRRRRRRRR,2,TRUE,0.432291667,1.498333333,68.00%
76,22,RRRRRRRRRRRRRRLRRRRRRRRRR,2,TRUE,0.425438596,1.401666667,62.00%
77,22,RRRRRRRRRRRRRRRRRRRRLRRRR,2,TRUE,0.456521739,1.29,54.00%
78,22,RRRRRRRRRRRRLRRRRRRRRRRRR,2,TRUE,0.383333333,1.191666667,50.00%
79,22,RRRRRRRRRRRRRRRRRRRRRRRRR,2,TRUE,0.400362319,1.264166667,54.00%
80,22,RRRRRRRRRRRRRRRRRRRRRRRRR,2,TRUE,0.399621212,1.295833333,56.00%
81,22,RRRRRRRRRRRRRRRRRRRRRRRRR,2,TRUE,0.432539683,1.341666667,58.00%
82,22,RRRRRRRRRRRRRRRRRRRRRRRRL,2,TRUE,0.413793103,1.08,42.00%
83,22,RRRRRRRRRRRRRRRRRRRRRRRRL,2,TRUE,0.362654321,1.115833333,46.00%
84,22,RRRRRRRRRRRRRRRRRRRRRRRRR,2,TRUE,0.385869565,1.2575,54.00%
85,22,RRRRRRRRRRRRRRRRRRRRRRRRR,2,TRUE,0.4,1.52,70.00%
86,22,RRRRRRRRRRRRRRRRRRRRRRRLR,2,TRUE,0.424603175,1.338333333,58.00%
87,22,RRRRRRRRRRRRRRRRLRRRRRRRR,2,TRUE,0.421296296,1.431666667,64.00%
88,22,RRRRRRRRRRRRRRRRRRRRRRRRR,2,TRUE,0.411764706,1.46,66.00%
89,22,RRRRRRRRRRRRRRRRRRRRRRRRR,2,TRUE,0.413043478,1.27,54.00%
90,22,RRRRRRRRRRRRRRRRLRRRRRRRR,2,TRUE,0.458333333,1.383333333,60.00%
91,22,RRRRRRRRRRRRRRRRRRRRRRRRR,2,TRUE,0.397727273,1.295,56.00%
92,22,RRRRRRRRRRRRRRRRRRRRRRRRR,2,TRUE,0.456140351,1.413333333,62.00%
93,22,RRRRRRRRRRRRRRRRLRRRRRRRR,2,TRUE,0.416666667,1.24,52.00%
94,22,LRRRRRRRRRRRRRRRRRRRRRRRR,2,TRUE,0.403409091,1.2975,56.00%
95,22,RRRRRRRRRRRRRRRRRRRRRRRRR,2,TRUE,0.369047619,1.315,58.00%
96,22,RRRRRRRRRRRRRRRRRRLRRRRRR,2,TRUE,0.438405797,1.281666667,54.00%
97,22,RRRRRRRRRRRRRRRRRRRRRRRRR,2,TRUE,0.421568627,1.463333333,66.00%
98,22,RRRRRRRRRRRRRRRRRRRRRRRRR,2,TRUE,0.42,1.21,50.00%
99,22,RRRRRRRRLRRRRRRRRRRRRRRRR,2,TRUE,0.428571429,1.34,58.00%
100,22,RRRRRRRRRRRRRRRRRRLRRRRRR,2,TRUE,0.441176471,1.47,66.00%
101,22,RRRRRRRRRRRRRRRRLRRRRRRRR,2,TRUE,0.458333333,1.26,52.00%
102,22,RRRRRRRRRRRRRRRRRRLRRRRRR,2,TRUE,0.431944444,1.059166667,40.00%
103,22,RRRRRRRRRRRRLRRRRRRRRRRRR,2,TRUE,0.416666667,1.398333333,62.00%
104,22,RRRRRRRRRRRRRRRRRRLRRRRRR,2,TRUE,0.443055556,1.065833333,40.00%
105,22,RRRRLRRRRRRRRRRRRRRRRRRRR,2,TRUE,0.433333333,1.216666667,50.00%
106,22,RRRRRRRRRRRRRRRRRRRRRRRRR,2,TRUE,0.363636364,1.28,56.00%
107,22,RRRRRRRRRRRRRRRRRRRRRRRRR,2,TRUE,0.415064103,1.175833333,48.00%
108,22,RRRRRRRRRRRRRRRRLRRRRRRRR,2,TRUE,0.4375,1.375,60.00%
109,22,RRRRRRRRRRRRRRRRRRRRRRRRR,2,TRUE,0.407608696,1.2675,54.00%
110,22,RRRRRRRRRRRRRRRRRLRRRRRRR,2,TRUE,0.410087719,1.395833333,62.00%
111,22,RLRRRRRRRRRRRRRRRRRRRRRRR,2,TRUE,0.428030303,1.308333333,56.00%
112,22,RRRRRRRRRRRRRRRRRRRRRRRRR,2,TRUE,0.458333333,1.445,64.00%
113,22,RRRRRRRRRRRRRRRRRRRRRRRRR,2,TRUE,0.361111111,1.41,64.00%
114,22,RRRRRRRRRRRRRRRRRRRRRRRRR,2,TRUE,0.428571429,1.56,72.00%
115,22,RRRRRRRRRRRRRRLRRRRRRRRRR,2,TRUE,0.363636364,1.64,78.00%
116,22,RRRRRRRRRRRRRRRRRRRRRRRRR,2,TRUE,0.416666667,1.588333333,74.00%
117,22,RRRRRRRRRRRRRRRRRRRRRRRRR,2,TRUE,0.399122807,1.391666667,62.00%
118,22,RRRRRRRRRRRRRRRRRRRRLRRRR,2,TRUE,0.452380952,1.35,58.00%
119,22,RRRRLRRRRRRRRRRRRRRRRRRRR,2,TRUE,0.354166667,1.473333333,68.00%
120,22,RRRRRRRRRRRRRRRRRRRRLRRRR,2,TRUE,0.375,1.5775,74.00%
121,22,RRRRRRRRRRRRRLRRRRRRRRRRR,2,TRUE,0.333333333,1.633333333,78.00%
122,22,RRRRRRLRRRRRRRRRRRRRRRRRR,2,TRUE,0.395833333,1.23,52.00%
123,22,RRRRRRRRRRRRRLRRRRRRRRRRR,2,TRUE,0.399509804,1.455833333,66.00%
124,22,RRRRRRRRRRRRRRRRRRRRRRRRR,2,TRUE,0.427631579,1.4025,62.00%
125,22,RRRRRRRRRLRRRRRRRRRRRRRRR,2,TRUE,0.427083333,1.496666667,68.00%
126,22,RRRRRRRRRRRRRRRRRRRRRRRRR,2,TRUE,0.397435897,1.583333333,74.00%
127,22,RRRRRRRRRRRRRRRRRRRRRRRRR,2,TRUE,0.428571429,1.56,72.00%
128,22,LRRRRRRRRRRRRRRRRRRRRRRRR,2,TRUE,0.416666667,1.43,64.00%
129,22,RRRRRRRRRRRRRRRRRRRRRRRRR,2,TRUE,0.43,1.215,50.00%
130,22,RRRRRRRRRRRRRRRRRLRRRRRRR,2,TRUE,0.418981481,1.430833333,64.00%
131,22,RRRRRRRRRRRRRRRRRRRRRRRRR,2,TRUE,0.410714286,1.3325,58.00%
132,22,RRRRRRRRRRRRRRRLRRRRRRRRR,2,TRUE,0.432692308,1.185,48.00%
133,22,RRRRRRRRRRRRRRRRLRRRRRRRR,2,TRUE,0.418859649,1.399166667,62.00%
134,22,RRRRRRRRRRRRRRRRRRRRRRRRR,2,TRUE,0.416666667,1.208333333,50.00%
135,22,RRRRRRRRRRRRRRRRRRRRRRRRR,2,TRUE,0.375,1.22,52.00%
136,22,RRRRRRRRRRLRRRRRRRRRRRRRR,2,TRUE,0.397727273,1.295,56.00%
137,22,RRRRRRRRRRRRRRRRRRRRRRRRR,2,TRUE,0.428030303,1.308333333,56.00%
138,22,RRRRRRLRRRRRRRRRRRRRRRRRR,2,TRUE,0.425925926,1.433333333,64.00%
139,22,RRRRRRRRRRRRRRRRRRRRRRRRR,2,TRUE,0.378431373,1.448666667,66.00%
140,22,RRRRRRRRLRRRRRRRRRRRRRRRR,2,TRUE,0.416666667,1.493333333,68.00%
141,22,RRRRRRRRRRRRRRRRRRRRRRRRR,2,TRUE,0.416666667,1.43,64.00%
142,22,RRRRRRRRRRRRRRRRRRRRRRRRR,2,TRUE,0.392857143,1.325,58.00%
143,22,RRRRRRRRRRRRRRRRRRRRRRRRR,2,TRUE,0.444444444,1.346666667,58.00%
144,22,RRRRRRRRRLRRRRRRRRRRRRRRR,2,TRUE,0.426470588,1.465,66.00%
145,22,RRRRRRRRRRRRRRRLRRRRRRRRR,2,TRUE,0.421568627,1.463333333,66.00%
146,22,RRRRRRRRRRRRRRRRRRRRRRRRL,2,TRUE,0.372222222,1.511666667,70.00%
147,22,RRRRRRRRRRRRRRRRRRRRRRRRR,2,TRUE,0.431818182,1.31,56.00%
148,22,RRRRRRRRRRRRLRRRRRRRRRRRR,2,TRUE,0.446759259,1.440833333,64.00%
149,22,RRRRRRRRRRRRRRRRRLRRRRRRR,2,TRUE,0.422619048,1.558333333,72.00%
150,22,RRRRRRRRRRRRRRRRRRRRRRRRR,2,TRUE,0.430555556,1.623333333,76.00%
151,22,RLRRRRRRRRRRRRRRRRRRRRRRR,2,TRUE,0.480769231,1.605,74.00%
152,22,RRRRRRRRRRRRRRRRRRRRRRRLR,2,TRUE,0.456521739,1.29,54.00%
153,22,RRRRRRRRRRRRRRRRRRRRRRRRR,2,TRUE,0.482142857,1.575,72.00%
154,22,RRRRRRRRRLRRRRRRRRRRRRRRR,2,TRUE,0.395833333,1.4225,64.00%
155,22,RRRRRRRRRRRRRRRLRRRRRRRRR,2,TRUE,0.401515152,1.648333333,78.00%
156,22,RRRRRRRRRRRRRRRRRRRRRRRRR,2,TRUE,0.450980392,1.473333333,66.00%
157,22,RRRRRRRRRRRRRRRRRRRRRRRRR,2,TRUE,0.429487179,1.183333333,48.00%
158,22,RRRRRRRRRRRRRRRRRRRRRRRRR,2,TRUE,0.3,1.49,70.00%
159,22,RRRRRRRRRRRRRRRRRRRRRRRRR,2,TRUE,0.439583333,1.375833333,60.00%
160,22,RRRRRRRRRRRRRRRRRRRRRRRRR,2,TRUE,0.416666667,1.398333333,62.00%
161,22,RRRRRRRRLRRRRRRRRRRRRRRRR,2,TRUE,0.464285714,1.57,72.00%
162,22,RRRRRRLRRRRRRRRRRRRRRRRRR,2,TRUE,0.466666667,1.54,70.00%
163,22,RRRRRRRRRRRRRRRRRRRRRRRRR,2,TRUE,0.425,1.37,60.00%
164,22,RRRRRRRRRRRRRRRLRRRRRRRRR,2,TRUE,0.431818182,1.655,78.00%
165,22,RRRRRRRRRRRRRRRRRRRRRRRRR,2,TRUE,0.416666667,1.461666667,66.00%
166,22,RRRRRRRRRRRRRRRLRRRRRRRRR,2,TRUE,0.371666667,1.185833333,50.00%
167,22,RRRRRRRRRRRRRRRRRRRRRRRRR,2,TRUE,0.410493827,1.141666667,46.00%
168,22,RRRRRRRRRRRRRRRRRRRRRRRRR,2,TRUE,0.384259259,1.418333333,64.00%
169,22,RRRRRRRRRRRRRRRRRRRRLRRRR,2,TRUE,0.443181818,1.315,56.00%
170,22,RRRRRRRRRRRRRRRRRRRRRRRRL,2,TRUE,0.399509804,1.455833333,66.00%
171,22,RRRRRRRRRRRRRRRRRRRRLRRRR,2,TRUE,0.401041667,1.488333333,68.00%
172,22,RRRRRRRRRRRRRRRRRRRRRRRRR,2,TRUE,0.428571429,1.56,72.00%
173,22,RRRRRRRRRRRRRRRRRRRRRRRRR,2,TRUE,0.401515152,1.648333333,78.00%
174,22,RRRRRRRRRRRRRRRRRRRRRRRRL,2,TRUE,0.41875,1.3675,60.00%
175,22,RRRRRRRRRRRRRRRRRRRRRRRRR,2,TRUE,0.450757576,1.318333333,56.00%
176,22,RRRRRRRRRRRRRRRRRRRRRRRRR,2,TRUE,0.407986111,1.235833333,52.00%
177,22,RRRRRRRRRRRRRLRRRRRRRRRRR,2,TRUE,0.403333333,1.201666667,50.00%
178,22,RRRRRRRRRRRRRRRRRRRRRRRRR,2,TRUE,0.388888889,1.323333333,58.00%
179,22,RRRRRRRRRRRLRRRRRRRRRRRRR,2,TRUE,0.429824561,1.403333333,62.00%
180,22,RRRRRRRRRRRRRRRRRRRRRRRRR,2,TRUE,0.407051282,1.585833333,74.00%
181,22,RRRRRRRRRRRRRRRRRRRRRRRRR,2,TRUE,0.427777778,1.528333333,70.00%
182,22,RRRRRRRRRRRRRRRRRRRRRRRRR,2,TRUE,0.479166667,1.513333333,68.00%
183,22,RRRRRRRRRRRRRRRRLRRRRRRRR,2,TRUE,0.446428571,1.565,72.00%
184,22,RRRRRRRRRRRRRRRRRRRRRRRRL,2,TRUE,0.473684211,1.42,62.00%
185,22,RRRRRRRLRRRRRRRRRRRRRRRRR,2,TRUE,0.434027778,1.248333333,52.00%
186,22,RRRRRRRRRRRRRRRRLRRRRRRRR,2,TRUE,0.397435897,1.166666667,48.00%
187,22,RRRRRRRRRRRRRRRRLRRRRRRRR,2,TRUE,0.376811594,1.253333333,54.00%
188,22,RRRRRRRRRRRRRRRRLRRRRRRRR,2,TRUE,0.424479167,1.495833333,68.00%
189,22,RRRRRRRRRRRRRRRRRRRRRRRRR,2,TRUE,0.416666667,1.43,64.00%
190,22,RRRRRRRRRRRRRLRRRRRRRRRRR,2,TRUE,0.426470588,1.465,66.00%
191,22,RRRRLRRRRRRRRRRRRRRRRRRRR,2,TRUE,0.397916667,1.359166667,60.00%
192,22,RRRRRRRLRRRRRRRRRRRRRRRRR,2,TRUE,0.442982456,1.408333333,62.00%
193,22,RRRRRRRRRRRRRRRRRRRRRRRRR,2,TRUE,0.389880952,1.549166667,72.00%
194,22,RRRRRRRRRRRRRRRRRRRRRRRRR,2,TRUE,0.359126984,1.310833333,58.00%
195,22,RRRRRRRRRRRRRRRRRRRRRLRRR,2,TRUE,0.350490196,1.439166667,66.00%
196,22,RRRRRRRRRRRRRRRRRRRRRRRRR,2,TRUE,0.409722222,1.236666667,52.00%
197,22,RRRRRRRRRRRRRRRRRRRRRRRRR,2,TRUE,0.41025641,1.586666667,74.00%
198,22,RRRRRRRRRRRRRRRRRRRRRRRLR,2,TRUE,0.421052632,1.4,62.00%
199,22,RLRRRRRRRRRRRRRRRRRRRRRRR,2,TRUE,0.463541667,1.508333333,68.00%
200,22,RRRRRRRRRRRRRRRRRRRLRRRRR,2,TRUE,0.435897436,1.593333333,74.00%
,,,,,,,
First generation where best rat ate the cheese: 11,,,,,,,
