Population Size,Life Span,Max Generations,Maze Size,,,,
50,25,200,50,,,,
,,,,,,,
Current Generation,Best Rat's Starting Position,Best DNA,Best Fitness Score,Best Reached Goal,Average Fitness Score (No Winners),Average Fitness Score(Winner Inclusive),% Pop Reached Goal
1,25,LRRLRRLLLRLRRRRRLRRRRRRRR,0.071428571,FALSE,0.042607534,0.042607534,0.00%
2,25,RLRRRRRRLRRRLLRRRRRRRRRRR,0.125,FALSE,0.045659558,0.045659558,0.00%
3,25,RRLRRRRRLRRRLLRRRRRRRRRRR,0.125,FALSE,0.052196141,0.052196141,0.00%
4,25,RRRRRRRRLRRRLLRRRRRRRRRRR,0.166666667,FALSE,0.060597976,0.060597976,0.00%
5,25,RRRRRRRRLRRRLLRRRRRRRRRRR,0.166666667,FALSE,0.062859349,0.062859349,0.00%
6,25,RRRRRRRRLRRRLLRRRRRRRRRRR,0.166666667,FALSE,0.07695585,0.07695585,0.00%
7,25,RRRRRRRRLRRRLLRRRRRRRRRRR,0.166666667,FALSE,0.080479298,0.080479298,0.00%
8,25,RRRRRLRRLRRRRLLRRRRRRRRRR,0.125,FALSE,0.081809885,0.081809885,0.00%
9,25,RRRRRRRRLRRRLLRRRRRRRRRRR,0.166666667,FALSE,0.085218615,0.085218615,0.00%
10,25,RRRRRRRRLRRRLLRRRRRRRRRRR,0.166666667,FALSE,0.088281746,0.088281746,0.00%
11,25,RRRRRRRRLRRRLLRRRRRRRRRRR,0.166666667,FALSE,0.097587662,0.097587662,0.00%
12,25,RRLRRRRRRRRRLLRRRRRRRRRRR,0.166666667,FALSE,0.096888889,0.096888889,0.00%
13,25,RRRRRRRRLRRRLRRRRRRRRRRRR,0.25,FALSE,0.107218615,0.107218615,0.00%
14,25,RRRRRRRRRRRRLRRRRRRRRRRRR,0.5,FALSE,0.120329365,0.120329365,0.00%
15,25,RRRRRRRRRRRRLRRRRRRRRRRRR,0.5,FALSE,0.143261905,0.143261905,0.00%
16,25,RRRRRRRRRRRRLRRRRRRRRRRRR,0.5,FALSE,0.188035714,0.188035714,0.00%
17,25,RRRRRRRRRRRRLRRRRRRRRRRRR,0.5,FALSE,0.20502381,0.20502381,0.00%
18,25,RRRRRRRRRRRRLRRRRRRRRRRRR,0.5,FALSE,0.237428571,0.237428571,0.00%
19,25,RRRRRRRRRRRRRRRRRRRRRRRRR,2,TRUE,0.291156463,0.325333333,2.00%
20,25,RRRRRRRRRRRRRRRRRRRRRRRRR,2,TRUE,0.318055556,0.385333333,4.00%
21,25,RRRRRRRRRRRRRRRRRRRRRRRRR,2,TRUE,0.315719697,0.517833333,12.00%
22,25,RRRRRRRRRRRRRRRRRRRRRRRRR,2,TRUE,0.344736842,0.742,24.00%
23,25,RRRRRRRRRRRRRRRRRRRRRRRRR,2,TRUE,0.35959596,0.917333333,34.00%
24,25,RRRRRRRRRRRRRRRRRRRRRRRRR,2,TRUE,0.427083333,1.119166667,44.00%
25,25,RRRRRRRRRRRRRRRRRRRRRRRRR,2,TRUE,0.427536232,1.276666667,54.00%
26,25,RRRRRRRRRRRRRRRRRRRRRRRRR,2,TRUE,0.452380952,1.35,58.00%
27,25,RRRRRRRRRRRRRRRRRRRRRRRRR,2,TRUE,0.448717949,1.193333333,48.00%
28,25,RRRRRRRRRRRRRRRRRRRRRRRRR,2,TRUE,0.378623188,1.254166667,54.00%
29,25,RRRRRRRRRRRRRRRRRRRRRRRRR,2,TRUE,0.407738095,1.108333333,44.00%
30,25,RRRRRRRRRRRRRRRRRRRRRRRRR,2,TRUE,0.389880952,1.098333333,44.00%
31,25,RRRRRRRRRRRRRRRRRRRRRRRRR,2,TRUE,0.459770115,1.106666667,42.00%
32,25,RRRRRRRRRRRRRRRRRRRRRRRRR,2,TRUE,0.46,1.23,50.00%
33,25,RRRRRRRRRRRRRRRRRRRRRRRRR,2,TRUE,0.400537634,1.008333333,38.00%
34,25,RRRRRRRRRRRRRRRRRRRRRRRRR,2,TRUE,0.373188406,1.251666667,54.00%
35,25,RRRRRRRRRRRRRRRRRRRRRRRRR,2,TRUE,0.416666667,1.62,76.00%
36,25,RRRRRRRRRRRRRRRRRRRRRRRRR,2,TRUE,0.458333333,1.445,64.00%
37,25,RRRRRRRRRRRRRRRRRRRRRRRRR,2,TRUE,0.369791667,1.478333333,68.00%
38,25,RRRRRRRRRRRRRRRRRRRRRRRRR,2,TRUE,0.392156863,1.453333333,66.00%
39,25,RRRRRRRRRRRRRRRRRRRRRRRRR,2,TRUE,0.407051282,1.171666667,48.00%
40,25,RRRRRRRRRRRRRRRRRRRRRRRRR,2,TRUE,0.433908046,1.091666667,42.00%
41,25,RRRRRRRRRRRRRRRRRRRRRRRRR,2,TRUE,0.376488095,1.090833333,44.00%
42,25,RRRRRRRRRRRRRRRRRRRRRRRRR,2,TRUE,0.371969697,1.283666667,56.00%
43,25,RRRRRRRRRRRRRRRRRRRRRRRRR,2,TRUE,0.429824561,1.403333333,62.00%
44,25,RRRRRRRRRRRRRRRRRRRRRRRRR,2,TRUE,0.41,1.205,50.00%
45,25,RRRRRRRRRRRRRRRRRRRRRRRRR,2,TRUE,0.408333333,1.204166667,50.00%
46,25,RRRRRRRRRRRRRRRRRRRRRRRRR,2,TRUE,0.427884615,1.1825,48.00%
47,25,RRRRRRRRRRRRRRRRRRRRRRRRR,2,TRUE,0.43359375,0.9975,36.00%
48,25,RRRRRRRRRRRRRRRRRRRRRRRRR,2,TRUE,0.416666667,1.208333333,50.00%
49,25,RRRRRRRRRRRRRRRRRRRRRRRRR,2,TRUE,0.460526316,1.415,62.00%
50,25,RRRRRRRRRRRRRRRRRRRRRRRRR,2,TRUE,0.375,1.3175,58.00%
51,25,RRRRRRRRRRRRRRRRRRRRRRRRR,2,TRUE,0.401785714,1.105,44.00%
52,25,RRRRRRRRRRRRRRRRRRRRRRRRR,2,TRUE,0.408653846,1.1725,48.00%
53,25,RRRRRRRRRRRRRRRRRRRRRRRRR,2,TRUE,0.435763889,1.249166667,52.00%
54,25,RRRRRRRRRRRRRRRRRRRRRRRRR,2,TRUE,0.384408602,0.998333333,38.00%
55,25,RRRRRRRRRRRRRRRRRRRRRRRRR,2,TRUE,0.405172414,1.075,42.00%
56,25,RRRRRRRRRRRRRRRRRRRRRRRRR,2,TRUE,0.363095238,1.3125,58.00%
57,25,RRRRRRRRRRRRRRRRRRRRRRRRR,2,TRUE,0.422348485,1.305833333,56.00%
58,25,RRRRRRRRRRRRRRRRRRRRRRRRR,2,TRUE,0.423611111,1.243333333,52.00%
59,25,RRRRRRRRRRRRRRRRRRRRRRRRR,2,TRUE,0.409722222,1.236666667,52.00%
60,25,RRRRRRRRRRRRRRRRRRRRRRRRR,2,TRUE,0.435897436,1.186666667,48.00%
61,25,RRRRRRRRRRRRRRRRRRRRRRRRR,2,TRUE,0.429487179,1.183333333,48.00%
62,25,RRRRRRRRRRRRRRRRRRRRRRRRR,2,TRUE,0.392361111,1.228333333,52.00%
63,25,RRRRRRRRRRRRRRRRRRRRRRRRR,2,TRUE,0.434027778,1.248333333,52.00%
64,25,RRRRRRRRRRRRRRRRRRRRRRRRR,2,TRUE,0.386363636,1.29,56.00%
65,25,RRRRRRRRRRRRRRRRRRRRRRRRR,2,TRUE,0.447530864,1.161666667,46.00%
66,25,RRRRRRRRRRRRRRRRRRRRRRRRR,2,TRUE,0.383012821,1.159166667,48.00%
67,25,RRRRRRRRRRRRRRRRRRRRRRRRR,2,TRUE,0.406666667,1.203333333,50.00%
68,25,RRRRRRRRRRRRRRRRRRRRRRRRR,2,TRUE,0.357142857,1.31,58.00%
69,25,RRRRRRRRRRRRRRRRRRRRRRRRR,2,TRUE,0.409722222,1.236666667,52.00%
70,25,RRRRRRRRRRRRRRRRRRRRRRRRR,2,TRUE,0.421052632,1.4,62.00%
71,25,RRRRRRRRRRRRRRRRRRRRRRRRR,2,TRUE,0.454545455,1.32,56.00%
72,25,RRRRRRRRRRRRRRRRRRRRRRRRR,2,TRUE,0.409848485,1.300333333,56.00%
73,25,RRRRRRRRRRRRRRRRRRRRRRRRR,2,TRUE,0.416666667,1.081666667,42.00%
74,25,RRRRRRRRRRRRRRRRRRRRRRRRR,2,TRUE,0.444444444,1.253333333,52.00%
75,25,RRRRRRRRRRRRRRRRRRRRRRRRR,2,TRUE,0.446969697,0.975,34.00%
76,25,RRRRRRRRRRRRRRRRRRRRRRRRR,2,TRUE,0.391025641,1.163333333,48.00%
77,25,RRRRRRRRRRRRRRRRRRRRRRRRR,2,TRUE,0.405555556,1.043333333,40.00%
78,25,RRRRRRRRRRRRRRRRRRRRRRRRR,2,TRUE,0.398809524,1.103333333,44.00%
79,25,RRRRRRRRRRRRRRRRRRRRRRRRR,2,TRUE,0.401234568,1.136666667,46.00%
80,25,RRRRRRRRRRRRRRRRRRRRRRRRR,2,TRUE,0.40327381,1.105833333,44.00%
81,25,RRRRRRRRRRRRRRRRRRRRRRRRR,2,TRUE,0.398809524,1.103333333,44.00%
82,25,RRRRRRRRRRRRRRRRRRRRRRRRR,2,TRUE,0.410714286,1.11,44.00%
83,25,RRRRRRRRRRRRRRRRRRRRRRRRR,2,TRUE,0.480769231,1.21,48.00%
84,25,RRRRRRRRRRRRRRRRRRRRRRRRR,2,TRUE,0.397222222,1.038333333,40.00%
85,25,RRRRRRRRRRRRRRRRRRRRRRRRR,2,TRUE,0.383333333,1.191666667,50.00%
86,25,RRRRRRRRRRRRRRRRRRRRRRRRR,2,TRUE,0.416666667,1.208333333,50.00%
87,25,RRRRRRRRRRRRRRRRRRRRRRRRR,2,TRUE,0.416666667,1.145,46.00%
88,25,RRRRRRRRRRRRRRRRRRRRRRRRR,2,TRUE,0.434782609,1.28,54.00%
89,25,RRRRRRRRRRRRRRRRRRRRRRRRR,2,TRUE,0.407828283,0.949166667,34.00%
90,25,RRRRRRRRRRRRRRRRRRRRRRRRR,2,TRUE,0.367142857,0.857,30.00%
91,25,RRRRRRRRRRRRRRRRRRRRRRRRR,2,TRUE,0.371794872,1.153333333,48.00%
92,25,RRRRRRRRRRRRRRRRRRRRRRRRR,2,TRUE,0.455555556,1.073333333,40.00%
93,25,RRRRRRRRRRRRRRRRRRRRRRRRR,2,TRUE,0.428819444,1.245833333,52.00%
94,25,RRRRRRRRRRRRRRRRRRRRRRRRR,2,TRUE,0.450757576,1.318333333,56.00%
95,25,RRRRRRRRRRRRRRRRRRRRRRRRR,2,TRUE,0.416666667,1.208333333,50.00%
96,25,RRRRRRRRRRRRRRRRRRRRRRRRR,2,TRUE,0.422222222,1.053333333,40.00%
97,25,RRRRRRRRRRRRRRRRRRRRRRRRR,2,TRUE,0.403409091,1.2975,56.00%
98,25,RRRRRRRRRRRRRRRRRRRRRRRRR,2,TRUE,0.429347826,1.2775,54.00%
99,25,RRRRRRRRRRRRRRRRRRRRRRRRR,2,TRUE,0.43452381,1.123333333,44.00%
100,25,RRRRRRRRRRRRRRRRRRRRRRRRR,2,TRUE,0.427083333,0.993333333,36.00%
101,25,RRRRRRRRRRRRRRRRRRRRRRRRR,2,TRUE,0.363782051,1.149166667,48.00%
102,25,RRRRRRRRRRRRRRRRRRRRRRRRR,2,TRUE,0.441666667,1.065,40.00%
103,25,RRRRRRRRRRRRRRRRRRRRRRRRR,2,TRUE,0.413461538,1.175,48.00%
104,25,RRRRRRRRRRRRRRRRRRRRRRRRR,2,TRUE,0.454861111,1.258333333,52.00%
105,25,RRRRRRRRRRRRRRRRRRRRRRRRR,2,TRUE,0.40625,1.235,52.00%
106,25,RRRRRRRRRRRRRRRRRRRRRRRRR,2,TRUE,0.413333333,1.206666667,50.00%
107,25,RRRRRRRRRRRRRRRRRRRRRRRRR,2,TRUE,0.430952381,0.901666667,30.00%
108,25,RRRRRRRRRRRRRRRRRRRRRRRRR,2,TRUE,0.37202381,1.088333333,44.00%
109,25,RRRRRRRRRRRRRRRRRRRRRRRRR,2,TRUE,0.423076923,1.18,48.00%
110,25,RRRRRRRRRRRRRRRRRRRRRRRRR,2,TRUE,0.428571429,1.12,44.00%
111,25,RRRRRRRRRRRRRRRRRRRRRRRRR,2,TRUE,0.423611111,1.243333333,52.00%
112,25,RRRRRRRRRRRRRRRRRRRRRRRRR,2,TRUE,0.419642857,1.115,44.00%
113,25,RRRRRRRRRRRRRRRRRRRRRRRRR,2,TRUE,0.422619048,1.3375,58.00%
114,25,RRRRRRRRRRRRRRRRRRRRRRRRR,2,TRUE,0.413888889,1.048333333,40.00%
115,25,RRRRRRRRRRRRRRRRRRRRRRRRR,2,TRUE,0.436111111,1.061666667,40.00%
116,25,RRRRRRRRRRRRRRRRRRRRRRRRR,2,TRUE,0.365530303,1.280833333,56.00%
117,25,RRRRRRRRRRRRRRRRRRRRRRRRR,2,TRUE,0.416666667,1.366666667,60.00%
118,25,RRRRRRRRRRRRRRRRRRRRRRRRR,2,TRUE,0.400793651,1.328333333,58.00%
119,25,RRRRRRRRRRRRRRRRRRRRRRRRR,2,TRUE,0.416666667,0.986666667,36.00%
120,25,RRRRRRRRRRRRRRRRRRRRRRRRR,2,TRUE,0.41025641,1.173333333,48.00%
121,25,RRRRRRRRRRRRRRRRRRRRRRRRR,2,TRUE,0.403846154,1.17,48.00%
122,25,RRRRRRRRRRRRRRRRRRRRRRRRR,2,TRUE,0.423333333,1.211666667,50.00%
123,25,RRRRRRRRRRRRRRRRRRRRRRRRR,2,TRUE,0.450617284,1.163333333,46.00%
124,25,RRRRRRRRRRRRRRRRRRRRRRRRR,2,TRUE,0.427777778,1.056666667,40.00%
125,25,RRRRRRRRRRRRRRRRRRRRRRRRR,2,TRUE,0.4375,1.25,52.00%
126,25,RRRRRRRRRRRRRRRRRRRRRRRRR,2,TRUE,0.404166667,1.361666667,60.00%
127,25,RRRRRRRRRRRRRRRRRRRRRRRRR,2,TRUE,0.477272727,0.995,34.00%
128,25,RRRRRRRRRRRRRRRRRRRRRRRRR,2,TRUE,0.419642857,1.115,44.00%
129,25,RRRRRRRRRRRRRRRRRRRRRRRRR,2,TRUE,0.400252525,0.944166667,34.00%
130,25,RRRRRRRRRRRRRRRRRRRRRRRRR,2,TRUE,0.416666667,1.05,40.00%
131,25,RRRRRRRRRRRRRRRRRRRRRRRRR,2,TRUE,0.376666667,1.188333333,50.00%
132,25,RRRRRRRRRRRRRRRRRRRRRRRRR,2,TRUE,0.450757576,1.318333333,56.00%
133,25,RRRRRRRRRRRRRRRRRRRRRRRRR,2,TRUE,0.438405797,1.281666667,54.00%
134,25,RRRRRRRRRRRRRRRRRRRRRRRRR,2,TRUE,0.446666667,1.223333333,50.00%
135,25,RRRRRRRRRRRRRRRRRRRRRRRRR,2,TRUE,0.391025641,1.163333333,48.00%
136,25,RRRRRRRRRRRRRRRRRRRRRRRRR,2,TRUE,0.436666667,1.218333333,50.00%
137,25,RRRRRRRRRRRRRRRRRRRRRRRRR,2,TRUE,0.458333333,1.198333333,48.00%
138,25,RRRRRRRRRRRRRRRRRRRRRRRRR,2,TRUE,0.462643678,1.108333333,42.00%
139,25,RRRRRRRRRRRRRRRRRRRRRRRRR,2,TRUE,0.442307692,1.19,48.00%
140,25,RRRRRRRRRRRRRRRRRRRRRRRRR,2,TRUE,0.408602151,1.013333333,38.00%
141,25,RRRRRRRRRRRRRRRRRRRRRRRRR,2,TRUE,0.408333333,1.363333333,60.00%
142,25,RRRRRRRRRRRRRRRRRRRRRRRRR,2,TRUE,0.396666667,1.198333333,50.00%
143,25,RRRRRRRRRRRRRRRRRRRRRRRRR,2,TRUE,0.462962963,1.17,46.00%
144,25,RRRRRRRRRRRRRRRRRRRRRRRRR,2,TRUE,0.453525641,1.195833333,48.00%
145,25,RRRRRRRRRRRRRRRRRRRRRRRRR,2,TRUE,0.387254902,1.451666667,66.00%
146,25,RRRRRRRRRRRRRRRRRRRRRRRRR,2,TRUE,0.416666667,1.24,52.00%
147,25,RRRRRRRRRRRRRRRRRRRRRRRRR,2,TRUE,0.413043478,1.27,54.00%
148,25,RRRRRRRRRRRRRRRRRRRRRRRRR,2,TRUE,0.381944444,1.4175,64.00%
149,25,RRRRRRRRRRRRRRRRRRRRRRRRR,2,TRUE,0.460526316,1.415,62.00%
150,25,RRRRRRRRRRRRRRRRRRRRRRRRR,2,TRUE,0.416666667,0.986666667,36.00%
151,25,RRRRRRRRRRRRRRRRRRRRRRRRR,2,TRUE,0.405913978,1.011666667,38.00%
152,25,RRRRRRRRRRRRRRRRRRRRRRRRR,2,TRUE,0.363333333,1.181666667,50.00%
153,25,RRRRRRRRRRRRRRRRRRRRRRRRR,2,TRUE,0.445652174,1.285,54.00%
154,25,RRRRRRRRRRRRRRRRRRRRRRRRR,2,TRUE,0.44047619,1.345,58.00%
155,25,RRRRRRRRRRRRRRRRRRRRRRRRR,2,TRUE,0.412698413,1.333333333,58.00%
156,25,RRRRRRRRRRRRRRRRRRRRRRRRR,2,TRUE,0.467105263,1.4175,62.00%
157,25,RRRRRRRRRRRRRRRRRRRRRRRRR,2,TRUE,0.41091954,1.078333333,42.00%
158,25,RRRRRRRRRRRRRRRRRRRRRRRRR,2,TRUE,0.400641026,1.168333333,48.00%
159,25,RRRRRRRRRRRRRRRRRRRRRRRRR,2,TRUE,0.453125,1.01,36.00%
160,25,RRRRRRRRRRRRRRRRRRRRRRRRR,2,TRUE,0.416666667,1.113333333,44.00%
161,25,RRRRRRRRRRRRRRRRRRRRRRRRR,2,TRUE,0.418055556,1.050833333,40.00%
162,25,RRRRRRRRRRRRRRRRRRRRRRRRR,2,TRUE,0.441666667,1.376666667,60.00%
163,25,RRRRRRRRRRRRRRRRRRRRRRRRR,2,TRUE,0.448275862,1.1,42.00%
164,25,RRRRRRRRRRRRRRRRRRRRRRRRR,2,TRUE,0.427419355,1.025,38.00%
165,25,RRRRRRRRRRRRRRRRRRRRRRRRR,2,TRUE,0.396666667,1.198333333,50.00%
166,25,RRRRRRRRRRRRRRRRRRRRRRRRR,2,TRUE,0.385802469,1.128333333,46.00%
167,25,RRRRRRRRRRRRRRRRRRRRRRRRR,2,TRUE,0.407828283,0.949166667,34.00%
168,25,RRRRRRRRRRRRRRRRRRRRRRRRR,2,TRUE,0.373333333,1.186666667,50.00%
169,25,RRRRRRRRRRRRRRRRRRRRRRRRR,2,TRUE,0.447530864,1.161666667,46.00%
170,25,RRRRRRRRRRRRRRRRRRRRRRRRR,2,TRUE,0.416666667,1.24,52.00%
171,25,RRRRRRRRRRRRRRRRRRRRRRRRR,2,TRUE,0.384057971,1.256666667,54.00%
172,25,RRRRRRRRRRRRRRRRRRRRRRRRR,2,TRUE,0.416666667,1.303333333,56.00%
173,25,RRRRRRRRRRRRRRRRRRRRRRRRR,2,TRUE,0.416666667,1.335,58.00%
174,25,RRRRRRRRRRRRRRRRRRRRRRRRR,2,TRUE,0.439102564,1.188333333,48.00%
175,25,RRRRRRRRRRRRRRRRRRRRRRRRR,2,TRUE,0.371794872,1.153333333,48.00%
176,25,RRRRRRRRRRRRRRRRRRRRRRRRR,2,TRUE,0.40719697,1.299166667,56.00%
177,25,RRRRRRRRRRRRRRRRRRRRRRRRR,2,TRUE,0.432098765,1.153333333,46.00%
178,25,RRRRRRRRRRRRRRRRRRRRRRRRR,2,TRUE,0.405797101,1.266666667,54.00%
179,25,RRRRRRRRRRRRRRRRRRRRRRRRR,2,TRUE,0.4375,1.25,52.00%
180,25,RRRRRRRRRRRRRRRRRRRRRRRRR,2,TRUE,0.391975309,1.131666667,46.00%
181,25,RRRRRRRRRRRRRRRRRRRRRRRRR,2,TRUE,0.413043478,1.27,54.00%
182,25,RRRRRRRRRRRRRRRRRRRRRRRRR,2,TRUE,0.43,1.215,50.00%
183,25,RRRRRRRRRRRRRRRRRRRRRRRRR,2,TRUE,0.423913043,1.275,54.00%
184,25,RRRRRRRRRRRRRRRRRRRRRRRRR,2,TRUE,0.458333333,1.26,52.00%
185,25,RRRRRRRRRRRRRRRRRRRRRRRRR,2,TRUE,0.450757576,1.318333333,56.00%
186,25,RRRRRRRRRRRRRRRRRRRRRRRRR,2,TRUE,0.409,1.2045,50.00%
187,25,RRRRRRRRRRRRRRRRRRRRRRRRR,2,TRUE,0.399122807,1.391666667,62.00%
188,25,RRRRRRRRRRRRRRRRRRRRRRRRR,2,TRUE,0.438271605,1.156666667,46.00%
189,25,RRRRRRRRRRRRRRRRRRRRRRRRR,2,TRUE,0.434782609,1.28,54.00%
190,25,RRRRRRRRRRRRRRRRRRRRRRRRR,2,TRUE,0.416666667,1.145,46.00%
191,25,RRRRRRRRRRRRRRRRRRRRRRRRR,2,TRUE,0.396929825,1.390833333,62.00%
192,25,RRRRRRRRRRRRRRRRRRRRRRRRR,2,TRUE,0.45,1.38,60.00%
193,25,RRRRRRRRRRRRRRRRRRRRRRRRR,2,TRUE,0.382936508,1.320833333,58.00%
194,25,RRRRRRRRRRRRRRRRRRRRRRRRR,2,TRUE,0.363333333,1.181666667,50.00%
195,25,RRRRRRRRRRRRRRRRRRRRRRRRR,2,TRUE,0.416666667,1.271666667,54.00%
196,25,RRRRRRRRRRRRRRRRRRRRRRRRR,2,TRUE,0.381666667,1.190833333,50.00%
197,25,RRRRRRRRRRRRRRRRRRRRRRRRR,2,TRUE,0.399038462,1.1675,48.00%
198,25,RRRRRRRRRRRRRRRRRRRRRRRRR,2,TRUE,0.43115942,1.278333333,54.00%
199,25,RRRRRRRRRRRRRRRRRRRRRRRRR,2,TRUE,0.419642857,1.115,44.00%
200,25,RRRRRRRRRRRRRRRRRRRRRRRRR,2,TRUE,0.361742424,1.279166667,56.00%
,,,,,,,
First generation where best rat ate the cheese: 19,,,,,,,
