Population Size,Life Span,Max Generations,Maze Size,,,,
50,25,200,55,,,,
,,,,,,,
Current Generation,Best Rat's Starting Position,Best DNA,Best Fitness Score,Best Reached Goal,Average Fitness Score (No Winners),Average Fitness Score(Winner Inclusive),% Pop Reached Goal
1,27,LRRRRRRRLRRRRRRLRRRLRRLRL,0.066666667,FALSE,0.036774485,0.036774485,0.00%
2,27,LRRRRRRRLRRRRRRLRRRLRRLRL,0.066666667,FALSE,0.039552544,0.039552544,0.00%
3,27,RLRRRLRRRLRRRRRLRRRRLRLRL,0.058823529,FALSE,0.042034651,0.042034651,0.00%
4,27,RRRRRLRRRLRRRRRLRRRRLRRRL,0.076923077,FALSE,0.042443144,0.042443144,0.00%
5,27,RLRRRLRRRLRRRRRLRRRRLRRRL,0.066666667,FALSE,0.044702983,0.044702983,0.00%
6,27,RRRRRRRRRRRRRRRRRRLRLRLRL,0.090909091,FALSE,0.046862502,0.046862502,0.00%
7,27,RRRRRRRRRRRRRRRRRRLRLRLRL,0.090909091,FALSE,0.049422199,0.049422199,0.00%
8,27,RRRRRRRRRRRRRRRRRRLRLRLRL,0.090909091,FALSE,0.051282025,0.051282025,0.00%
9,27,RRRRRLRRRLRRRRRLRRRRRRLRR,0.090909091,FALSE,0.053862219,0.053862219,0.00%
10,27,RRRRRLRRRLRRRRRLRRRRRRLRR,0.090909091,FALSE,0.058616298,0.058616298,0.00%
11,27,RRRRRRRRRRRRRRRRRRRRRRRLL,0.142857143,FALSE,0.066181649,0.066181649,0.00%
12,27,RRRRRRRRRRRRRRRRRRRRRRRLR,0.2,FALSE,0.077353413,0.077353413,0.00%
13,27,RRRRRRRRRRRRRRRRRRRRRRRRR,0.333333333,FALSE,0.090012683,0.090012683,0.00%
14,27,RRRRRRRRRRRRRRRRRRRRRRRRR,0.333333333,FALSE,0.095603928,0.095603928,0.00%
15,27,RRRRRRRRRRRRRRRRRRRRRRRRR,0.333333333,FALSE,0.122205253,0.122205253,0.00%
16,27,RRRRRRRRRRRRRRRRRRRRRRRRR,0.333333333,FALSE,0.137568743,0.137568743,0.00%
17,27,RRRRRRRRRRRRRRRRRRRRRRRRR,0.333333333,FALSE,0.176339436,0.176339436,0.00%
18,27,RRRRRRRRRRRRRRRRRRRRRRRRR,0.333333333,FALSE,0.195301587,0.195301587,0.00%
19,27,RRRRRRRRRRRRRRRRRRRRRRRRR,0.333333333,FALSE,0.199881896,0.199881896,0.00%
20,27,RRRRRRRRRRRRRRRRRRRRRRRRR,0.333333333,FALSE,0.198683983,0.198683983,0.00%
21,27,RRRRRRRRRRRRRRRRRRRRRRRRR,0.333333333,FALSE,0.199041847,0.199041847,0.00%
22,27,RRRRRRRRRRRRRRRRRRRRRRRRR,0.333333333,FALSE,0.203532468,0.203532468,0.00%
23,27,RRRRRRRRRRRRRRRRRRRRRRRRR,0.333333333,FALSE,0.197720502,0.197720502,0.00%
24,27,RRRRRRRRRRRRRRRRRRRRRRRRR,0.333333333,FALSE,0.215976912,0.215976912,0.00%
25,27,RRRRRRRRRRRRRRRRRRRRRRRRR,0.333333333,FALSE,0.204502165,0.204502165,0.00%
26,27,RRRRRRRRRRRRRRRRRRRRRRRRR,0.333333333,FALSE,0.21815873,0.21815873,0.00%
27,27,RRRRRRRRRRRRRRRRRRRRRRRRR,0.333333333,FALSE,0.193327561,0.193327561,0.00%
28,27,RRRRRRRRRRRRRRRRRRRRRRRRR,0.333333333,FALSE,0.205469197,0.205469197,0.00%
29,27,RRRRRRRRRRRRRRRRRRRRRRRRR,0.333333333,FALSE,0.191904984,0.191904984,0.00%
30,27,RRRRRRRRRRRRRRRRRRRRRRRRR,0.333333333,FALSE,0.199849928,0.199849928,0.00%
31,27,RRRRRRRRRRRRRRRRRRRRRRRRR,0.333333333,FALSE,0.206025974,0.206025974,0.00%
32,27,RRRRRRRRRRRRRRRRRRRRRRRRR,0.333333333,FALSE,0.203994228,0.203994228,0.00%
33,27,RRRRRRRRRRRRRRRRRRRRRRRRR,0.333333333,FALSE,0.178753691,0.178753691,0.00%
34,27,RRRRRRRRRRRRRRRRRRRRRRRRR,0.333333333,FALSE,0.170326562,0.170326562,0.00%
35,27,RRRRRRRRRRRRRRRRRRRRRRRRR,0.333333333,FALSE,0.178698635,0.178698635,0.00%
36,27,RRRRRRRRRRRRRRRRRRRRRRRRR,0.333333333,FALSE,0.193454545,0.193454545,0.00%
37,27,RRRRRRRRRRRRRRRRRRRRRRRRR,0.333333333,FALSE,0.184770785,0.184770785,0.00%
38,27,RRRRRRRRRRRRRRRRRRRRRRRRR,0.333333333,FALSE,0.193278721,0.193278721,0.00%
39,27,RRRRRRRRRRRRRRRRRRRRRRRRR,0.333333333,FALSE,0.201835498,0.201835498,0.00%
40,27,RRRRRRRRRRRRRRRRRRRRRRRRR,0.333333333,FALSE,0.173775558,0.173775558,0.00%
41,27,RRRRRRRRRRRRRRRRRRRRRRRRR,0.333333333,FALSE,0.190741703,0.190741703,0.00%
42,27,RRRRRRRRRRRRRRRRRRRRRRRRR,0.333333333,FALSE,0.208309024,0.208309024,0.00%
43,27,RRRRRRRRRRRRRRRRRRRRRRRRR,0.333333333,FALSE,0.192692641,0.192692641,0.00%
44,27,RRRRRRRRRRRRRRRRRRRRRRRRR,0.333333333,FALSE,0.19025419,0.19025419,0.00%
45,27,RRRRRRRRRRRRRRRRRRRRRRRRR,0.333333333,FALSE,0.168110112,0.168110112,0.00%
46,27,RRRRRRRRRRRRRRRRRRRRRRRRR,0.333333333,FALSE,0.162730603,0.162730603,0.00%
47,27,RRRRRRRRRRRRRRRRRRRRRRRRR,0.333333333,FALSE,0.159754912,0.159754912,0.00%
48,27,RRRRRRRRRRRRRRRRRRRRRRRRR,0.333333333,FALSE,0.172589189,0.172589189,0.00%
49,27,RRRRRRRRRRRRRRRRRRRRRRRRR,0.333333333,FALSE,0.184906649,0.184906649,0.00%
50,27,RRRRRRRRRRRRRRRRRRRRRRRRR,0.333333333,FALSE,0.204785437,0.204785437,0.00%
51,27,RRRRRRRRRRRRRRRRRRRRRRRRR,0.333333333,FALSE,0.221240981,0.221240981,0.00%
52,27,RRRRRRRRRRRRRRRRRRRRRRRRR,0.333333333,FALSE,0.226421578,0.226421578,0.00%
53,27,RRRRRRRRRRRRRRRRRRRRRRRRR,0.333333333,FALSE,0.213541126,0.213541126,0.00%
54,27,RRRRRRRRRRRRRRRRRRRRRRRRR,0.333333333,FALSE,0.234920635,0.234920635,0.00%
55,27,RRRRRRRRRRRRRRRRRRRRRRRRR,0.333333333,FALSE,0.204294372,0.204294372,0.00%
56,27,RRRRRRRRRRRRRRRRRRRRRRRRR,0.333333333,FALSE,0.192761905,0.192761905,0.00%
57,27,RRRRRRRRRRRRRRRRRRRRRRRRR,0.333333333,FALSE,0.183420135,0.183420135,0.00%
58,27,RRRRRRRRRRRRRRRRRRRRRRRRR,0.333333333,FALSE,0.178747475,0.178747475,0.00%
59,27,RRRRRRRRRRRRRRRRRRRRRRRRR,0.333333333,FALSE,0.173397269,0.173397269,0.00%
60,27,RRRRRRRRRRRRRRRRRRRRRRRRR,0.333333333,FALSE,0.199706072,0.199706072,0.00%
61,27,RRRRRRRRRRRRRRRRRRRRRRRRR,0.333333333,FALSE,0.188603397,0.188603397,0.00%
62,27,RRRRRRRRRRRRRRRRRRRRRRRRR,0.333333333,FALSE,0.214603175,0.214603175,0.00%
63,27,RRRRRRRRRRRRRRRRRRRRRRRRR,0.333333333,FALSE,0.199976912,0.199976912,0.00%
64,27,RRRRRRRRRRRRRRRRRRRRRRRRR,0.333333333,FALSE,0.202516595,0.202516595,0.00%
65,27,RRRRRRRRRRRRRRRRRRRRRRRRR,0.333333333,FALSE,0.201959818,0.201959818,0.00%
66,27,RRRRRRRRRRRRRRRRRRRRRRRRR,0.333333333,FALSE,0.180248196,0.180248196,0.00%
67,27,RRRRRRRRRRRRRRRRRRRRRRRRR,0.333333333,FALSE,0.183318903,0.183318903,0.00%
68,27,RRRRRRRRRRRRRRRRRRRRRRRRR,0.333333333,FALSE,0.189160173,0.189160173,0.00%
69,27,RRRRRRRRRRRRRRRRRRRRRRRRR,0.333333333,FALSE,0.199445887,0.199445887,0.00%
70,27,RRRRRRRRRRRRRRRRRRRRRRRRR,0.333333333,FALSE,0.180908294,0.180908294,0.00%
71,27,RRRRRRRRRRRRRRRRRRRRRRRRR,0.333333333,FALSE,0.212504254,0.212504254,0.00%
72,27,RRRRRRRRRRRRRRRRRRRRRRRRR,0.333333333,FALSE,0.197316461,0.197316461,0.00%
73,27,RRRRRRRRRRRRRRRRRRRRRRRRR,0.333333333,FALSE,0.164990565,0.164990565,0.00%
74,27,RRRRRRRRRRRRRRRRRRRRRRRRR,0.333333333,FALSE,0.157488159,0.157488159,0.00%
75,27,RRRRRRRRRRRRRRRRRRRRRRRRR,0.333333333,FALSE,0.166451065,0.166451065,0.00%
76,27,RRRRRRRRRRRRRRRRRRRRRRRRR,0.333333333,FALSE,0.161659674,0.161659674,0.00%
77,27,RRRRRRRRRRRRRRRRRRRRRRRRR,0.333333333,FALSE,0.165033189,0.165033189,0.00%
78,27,RRRRRRRRRRRRRRRRRRRRRRRRR,0.333333333,FALSE,0.169551651,0.169551651,0.00%
79,27,RRRRRRRRRRRRRRRRRRRRRRRRR,0.333333333,FALSE,0.178851371,0.178851371,0.00%
80,27,RRRRRRRRRRRRRRRRRRRRRRRRR,0.333333333,FALSE,0.190635143,0.190635143,0.00%
81,27,RRRRRRRRRRRRRRRRRRRRRRRRR,0.333333333,FALSE,0.181033189,0.181033189,0.00%
82,27,RRRRRRRRRRRRRRRRRRRRRRRRR,0.333333333,FALSE,0.170920635,0.170920635,0.00%
83,27,RRRRRRRRRRRRRRRRRRRRRRRRR,0.333333333,FALSE,0.160135864,0.160135864,0.00%
84,27,RRRRRRRRRRRRRRRRRRRRRRRRR,0.333333333,FALSE,0.147365523,0.147365523,0.00%
85,27,RRRRRRRRRRRRRRRRRRRRRRRRR,0.333333333,FALSE,0.162756355,0.162756355,0.00%
86,27,RRRRRRRRRRRRRRRRRRRRRRRRR,0.333333333,FALSE,0.165125541,0.165125541,0.00%
87,27,RRRRRRRRRRRRRRRRRRRRRRRRR,0.333333333,FALSE,0.195336219,0.195336219,0.00%
88,27,RRRRRRRRRRRRRRRRRRRRRRRRR,0.333333333,FALSE,0.209269841,0.209269841,0.00%
89,27,RRRRRRRRRRRRRRRRRRRRRRRRR,0.333333333,FALSE,0.208611833,0.208611833,0.00%
90,27,RRRRRRRRRRRRRRRRRRRRRRRRR,0.333333333,FALSE,0.21034077,0.21034077,0.00%
91,27,RRRRRRRRRRRRRRRRRRRRRRRRR,0.333333333,FALSE,0.198277278,0.198277278,0.00%
92,27,RRRRRRRRRRRRRRRRRRRRRRRRR,0.333333333,FALSE,0.17226862,0.17226862,0.00%
93,27,RRRRRRRRRRRRRRRRRRRRRRRRR,0.333333333,FALSE,0.181010101,0.181010101,0.00%
94,27,RRRRRRRRRRRRRRRRRRRRRRRRR,0.333333333,FALSE,0.181596182,0.181596182,0.00%
95,27,RRRRRRRRRRRRRRRRRRRRRRRRR,0.333333333,FALSE,0.189515374,0.189515374,0.00%
96,27,RRRRRRRRRRRRRRRRRRRRRRRRR,0.333333333,FALSE,0.160923521,0.160923521,0.00%
97,27,RRRRRRRRRRRRRRRRRRRRRRRRR,0.333333333,FALSE,0.171945388,0.171945388,0.00%
98,27,RRRRRRRRRRRRRRRRRRRRRRRRR,0.333333333,FALSE,0.1756892,0.1756892,0.00%
99,27,RRRRRRRRRRRRRRRRRRRRRRRRR,0.333333333,FALSE,0.175979001,0.175979001,0.00%
100,27,RRRRRRRRRRRRRRRRRRRRRRRRR,0.333333333,FALSE,0.184514153,0.184514153,0.00%
101,27,RRRRRRRRRRRRRRRRRRRRRRRRR,0.333333333,FALSE,0.185913642,0.185913642,0.00%
102,27,RRRRRRRRRRRRRRRRRRRRRRRRR,0.333333333,FALSE,0.192112776,0.192112776,0.00%
103,27,RRRRRRRRRRRRRRRRRRRRRRRRR,0.333333333,FALSE,0.185685426,0.185685426,0.00%
104,27,RRRRRRRRRRRRRRRRRRRRRRRRR,0.333333333,FALSE,0.184773449,0.184773449,0.00%
105,27,RRRRRRRRRRRRRRRRRRRRRRRRR,0.333333333,FALSE,0.202851371,0.202851371,0.00%
106,27,RRRRRRRRRRRRRRRRRRRRRRRRR,0.333333333,FALSE,0.189414141,0.189414141,0.00%
107,27,RRRRRRRRRRRRRRRRRRRRRRRRR,0.333333333,FALSE,0.206404262,0.206404262,0.00%
108,27,RRRRRRRRRRRRRRRRRRRRRRRRR,0.333333333,FALSE,0.211128427,0.211128427,0.00%
109,27,RRRRRRRRRRRRRRRRRRRRRRRRR,0.333333333,FALSE,0.202620491,0.202620491,0.00%
110,27,RRRRRRRRRRRRRRRRRRRRRRRRR,0.333333333,FALSE,0.185662338,0.185662338,0.00%
111,27,RRRRRRRRRRRRRRRRRRRRRRRRR,0.333333333,FALSE,0.193451881,0.193451881,0.00%
112,27,RRRRRRRRRRRRRRRRRRRRRRRRR,0.333333333,FALSE,0.211333555,0.211333555,0.00%
113,27,RRRRRRRRRRRRRRRRRRRRRRRRR,0.333333333,FALSE,0.197333333,0.197333333,0.00%
114,27,RRRRRRRRRRRRRRRRRRRRRRRRR,0.333333333,FALSE,0.191016095,0.191016095,0.00%
115,27,RRRRRRRRRRRRRRRRRRRRRRRRR,0.333333333,FALSE,0.217142857,0.217142857,0.00%
116,27,RRRRRRRRRRRRRRRRRRRRRRRRR,0.333333333,FALSE,0.215619048,0.215619048,0.00%
117,27,RRRRRRRRRRRRRRRRRRRRRRRRR,0.333333333,FALSE,0.19375469,0.19375469,0.00%
118,27,RRRRRRRRRRRRRRRRRRRRRRRRR,0.333333333,FALSE,0.186580531,0.186580531,0.00%
119,27,RRRRRRRRRRRRRRRRRRRRRRRRR,0.333333333,FALSE,0.170075258,0.170075258,0.00%
120,27,RRRRRRRRRRRRRRRRRRRRRRRRR,0.333333333,FALSE,0.185858586,0.185858586,0.00%
121,27,RRRRRRRRRRRRRRRRRRRRRRRRR,0.333333333,FALSE,0.18423976,0.18423976,0.00%
122,27,RRRRRRRRRRRRRRRRRRRRRRRRR,0.333333333,FALSE,0.179948052,0.179948052,0.00%
123,27,RRRRRRRRRRRRRRRRRRRRRRRRR,0.333333333,FALSE,0.182106782,0.182106782,0.00%
124,27,RRRRRRRRRRRRRRRRRRRRRRRRR,0.333333333,FALSE,0.17520337,0.17520337,0.00%
125,27,RRRRRRRRRRRRRRRRRRRRRRRRR,0.333333333,FALSE,0.199754912,0.199754912,0.00%
126,27,RRRRRRRRRRRRRRRRRRRRRRRRR,0.333333333,FALSE,0.204707293,0.204707293,0.00%
127,27,RRRRRRRRRRRRRRRRRRRRRRRRR,0.333333333,FALSE,0.194848707,0.194848707,0.00%
128,27,RRRRRRRRRRRRRRRRRRRRRRRRR,0.333333333,FALSE,0.18172583,0.18172583,0.00%
129,27,RRRRRRRRRRRRRRRRRRRRRRRRR,0.333333333,FALSE,0.185327561,0.185327561,0.00%
130,27,RRRRRRRRRRRRRRRRRRRRRRRRR,0.333333333,FALSE,0.184496392,0.184496392,0.00%
131,27,RRRRRRRRRRRRRRRRRRRRRRRRR,0.333333333,FALSE,0.195460539,0.195460539,0.00%
132,27,RRRRRRRRRRRRRRRRRRRRRRRRR,0.333333333,FALSE,0.218164946,0.218164946,0.00%
133,27,RRRRRRRRRRRRRRRRRRRRRRRRR,0.333333333,FALSE,0.210571651,0.210571651,0.00%
134,27,RRRRRRRRRRRRRRRRRRRRRRRRR,0.333333333,FALSE,0.215215007,0.215215007,0.00%
135,27,RRRRRRRRRRRRRRRRRRRRRRRRR,0.333333333,FALSE,0.206095238,0.206095238,0.00%
136,27,RRRRRRRRRRRRRRRRRRRRRRRRR,0.333333333,FALSE,0.192897769,0.192897769,0.00%
137,27,RRRRRRRRRRRRRRRRRRRRRRRRR,0.333333333,FALSE,0.217177489,0.217177489,0.00%
138,27,RRRRRRRRRRRRRRRRRRRRRRRRR,0.333333333,FALSE,0.193578866,0.193578866,0.00%
139,27,RRRRRRRRRRRRRRRRRRRRRRRRR,0.333333333,FALSE,0.195382395,0.195382395,0.00%
140,27,RRRRRRRRRRRRRRRRRRRRRRRRR,0.333333333,FALSE,0.190866023,0.190866023,0.00%
141,27,RRRRRRRRRRRRRRRRRRRRRRRRR,0.333333333,FALSE,0.186418914,0.186418914,0.00%
142,27,RRRRRRRRRRRRRRRRRRRRRRRRR,0.333333333,FALSE,0.176946609,0.176946609,0.00%
143,27,RRRRRRRRRRRRRRRRRRRRRRRRR,0.333333333,FALSE,0.173007437,0.173007437,0.00%
144,27,RRRRRRRRRRRRRRRRRRRRRRRRR,0.333333333,FALSE,0.189977134,0.189977134,0.00%
145,27,RRRRRRRRRRRRRRRRRRRRRRRRR,0.333333333,FALSE,0.176689977,0.176689977,0.00%
146,27,RRRRRRRRRRRRRRRRRRRRRRRRR,0.333333333,FALSE,0.174277278,0.174277278,0.00%
147,27,RRRRRRRRRRRRRRRRRRRRRRRRR,0.333333333,FALSE,0.171589613,0.171589613,0.00%
148,27,RRRRRRRRRRRRRRRRRRRRRRRRR,0.333333333,FALSE,0.157285381,0.157285381,0.00%
149,27,RRRRRRRRRRRRRRRRRRRRRRRRR,0.333333333,FALSE,0.192444888,0.192444888,0.00%
150,27,RRRRRRRRRRRRRRRRRRRRRRRRR,0.333333333,FALSE,0.190222222,0.190222222,0.00%
151,27,RRRRRRRRRRRRRRRRRRRRRRRRR,0.333333333,FALSE,0.175457431,0.175457431,0.00%
152,27,RRRRRRRRRRRRRRRRRRRRRRRRR,0.333333333,FALSE,0.163411699,0.163411699,0.00%
153,27,RRRRRRRRRRRRRRRRRRRRRRRRR,0.333333333,FALSE,0.175168831,0.175168831,0.00%
154,27,RRRRRRRRRRRRRRRRRRRRRRRRR,0.333333333,FALSE,0.168237096,0.168237096,0.00%
155,27,RRRRRRRRRRRRRRRRRRRRRRRRR,0.333333333,FALSE,0.180072372,0.180072372,0.00%
156,27,RRRRRRRRRRRRRRRRRRRRRRRRR,0.333333333,FALSE,0.19012987,0.19012987,0.00%
157,27,RRRRRRRRRRRRRRRRRRRRRRRRR,0.333333333,FALSE,0.185959818,0.185959818,0.00%
158,27,RRRRRRRRRRRRRRRRRRRRRRRRR,0.333333333,FALSE,0.1721443,0.1721443,0.00%
159,27,RRRRRRRRRRRRRRRRRRRRRRRRR,0.333333333,FALSE,0.181515374,0.181515374,0.00%
160,27,RRRRRRRRRRRRRRRRRRRRRRRRR,0.333333333,FALSE,0.182334998,0.182334998,0.00%
161,27,RRRRRRRRRRRRRRRRRRRRRRRRR,0.333333333,FALSE,0.17959374,0.17959374,0.00%
162,27,RRRRRRRRRRRRRRRRRRRRRRRRR,0.333333333,FALSE,0.182358086,0.182358086,0.00%
163,27,RRRRRRRRRRRRRRRRRRRRRRRRR,0.333333333,FALSE,0.175396066,0.175396066,0.00%
164,27,RRRRRRRRRRRRRRRRRRRRRRRRR,0.333333333,FALSE,0.18359596,0.18359596,0.00%
165,27,RRRRRRRRRRRRRRRRRRRRRRRRR,0.333333333,FALSE,0.185431457,0.185431457,0.00%
166,27,RRRRRRRRRRRRRRRRRRRRRRRRR,0.333333333,FALSE,0.186721723,0.186721723,0.00%
167,27,RRRRRRRRRRRRRRRRRRRRRRRRR,0.333333333,FALSE,0.189367965,0.189367965,0.00%
168,27,RRRRRRRRRRRRRRRRRRRRRRRRR,0.333333333,FALSE,0.195893884,0.195893884,0.00%
169,27,RRRRRRRRRRRRRRRRRRRRRRRRR,0.333333333,FALSE,0.185910978,0.185910978,0.00%
170,27,RRRRRRRRRRRRRRRRRRRRRRRRR,0.333333333,FALSE,0.192392496,0.192392496,0.00%
171,27,RRRRRRRRRRRRRRRRRRRRRRRRR,0.333333333,FALSE,0.198664447,0.198664447,0.00%
172,27,RRRRRRRRRRRRRRRRRRRRRRRRR,0.333333333,FALSE,0.202828283,0.202828283,0.00%
173,27,RRRRRRRRRRRRRRRRRRRRRRRRR,0.333333333,FALSE,0.202285714,0.202285714,0.00%
174,27,RRRRRRRRRRRRRRRRRRRRRRRRR,0.333333333,FALSE,0.197238317,0.197238317,0.00%
175,27,RRRRRRRRRRRRRRRRRRRRRRRRR,0.333333333,FALSE,0.180453324,0.180453324,0.00%
176,27,RRRRRRRRRRRRRRRRRRRRRRRRR,0.333333333,FALSE,0.186190698,0.186190698,0.00%
177,27,RRRRRRRRRRRRRRRRRRRRRRRRR,0.333333333,FALSE,0.178678211,0.178678211,0.00%
178,27,RRRRRRRRRRRRRRRRRRRRRRRRR,0.333333333,FALSE,0.158623599,0.158623599,0.00%
179,27,RRRRRRRRRRRRRRRRRRRRRRRRR,0.333333333,FALSE,0.165975578,0.165975578,0.00%
180,27,RRRRRRRRRRRRRRRRRRRRRRRRR,0.333333333,FALSE,0.183200799,0.183200799,0.00%
181,27,RRRRRRRRRRRRRRRRRRRRRRRRR,0.333333333,FALSE,0.183322455,0.183322455,0.00%
182,27,RRRRRRRRRRRRRRRRRRRRRRRRR,0.333333333,FALSE,0.187033411,0.187033411,0.00%
183,27,RRRRRRRRRRRRRRRRRRRRRRRRR,0.333333333,FALSE,0.204017316,0.204017316,0.00%
184,27,RRRRRRRRRRRRRRRRRRRRRRRRR,0.333333333,FALSE,0.192357864,0.192357864,0.00%
185,27,RRRRRRRRRRRRRRRRRRRRRRRRR,0.333333333,FALSE,0.181748918,0.181748918,0.00%
186,27,RRRRRRRRRRRRRRRRRRRRRRRRR,0.333333333,FALSE,0.183168831,0.183168831,0.00%
187,27,RRRRRRRRRRRRRRRRRRRRRRRRR,0.333333333,FALSE,0.193962482,0.193962482,0.00%
188,27,RRRRRRRRRRRRRRRRRRRRRRRRR,0.333333333,FALSE,0.19159596,0.19159596,0.00%
189,27,RRRRRRRRRRRRRRRRRRRRRRRRR,0.333333333,FALSE,0.206961039,0.206961039,0.00%
190,27,RRRRRRRRRRRRRRRRRRRRRRRRR,0.333333333,FALSE,0.199341991,0.199341991,0.00%
191,27,RRRRRRRRRRRRRRRRRRRRRRRRR,0.333333333,FALSE,0.189564214,0.189564214,0.00%
192,27,RRRRRRRRRRRRRRRRRRRRRRRRR,0.333333333,FALSE,0.187128427,0.187128427,0.00%
193,27,RRRRRRRRRRRRRRRRRRRRRRRRR,0.333333333,FALSE,0.187287379,0.187287379,0.00%
194,27,RRRRRRRRRRRRRRRRRRRRRRRRR,0.333333333,FALSE,0.204776557,0.204776557,0.00%
195,27,RRRRRRRRRRRRRRRRRRRRRRRRR,0.333333333,FALSE,0.211342435,0.211342435,0.00%
196,27,RRRRRRRRRRRRRRRRRRRRRRRRR,0.333333333,FALSE,0.217451881,0.217451881,0.00%
197,27,RRRRRRRRRRRRRRRRRRRRRRRRR,0.333333333,FALSE,0.207293151,0.207293151,0.00%
198,27,RRRRRRRRRRRRRRRRRRRRRRRRR,0.333333333,FALSE,0.192842713,0.192842713,0.00%
199,27,RRRRRRRRRRRRRRRRRRRRRRRRR,0.333333333,FALSE,0.191452103,0.191452103,0.00%
200,27,RRRRRRRRRRRRRRRRRRRRRRRRR,0.333333333,FALSE,0.213079365,0.213079365,0.00%
,,,,,,,
The cheese was never eaten by the best rat in any generation.,,,,,,,
