Population Size,Life Span,Max Generations,Maze Size,,,,
50,25,200,35,,,,
,,,,,,,
Current Generation,Best Rat's Starting Position,Best DNA,Best Fitness Score,Best Reached Goal,Average Fitness Score (No Winners),Average Fitness Score(Winner Inclusive),% Pop Reached Goal
1,17,LRRRLRLRRRRLRRLRRRLRRLRLR,0.111111111,FALSE,0.056180829,0.056180829,0.00%
2,17,LRLRRRRRRLLRRRRRRRRLRLRRL,0.142857143,FALSE,0.060988584,0.060988584,0.00%
3,17,LRRRLRLRRRRLRRRRRRRLRLRRL,0.142857143,FALSE,0.06874999,0.06874999,0.00%
4,17,LRLRRRRRRRRLRRLRRRRLRRRLR,0.2,FALSE,0.082091052,0.082091052,0.00%
5,17,LRLRRRRRRRRLRRRRRRRLRLRRR,0.333333333,FALSE,0.100881643,0.100881643,0.00%
6,17,RLRRLRLRRRRLRRRRRRRRRRRRR,1,FALSE,0.133429771,0.133429771,0.00%
7,17,LRLRRRRRRLRLRRRRRRRRRRRRR,1,FALSE,0.179232857,0.179232857,0.00%
8,17,RRRRRRRRRRRLRRLRRRRLRRRRR,2,TRUE,0.267830987,0.371761128,6.00%
9,17,RRRRRRRRRRRLRRRRRRRRRRRRR,2,TRUE,0.333543224,0.533518038,12.00%
10,17,RRLRRLRRRRRLRRRRRRRRRRRRR,2,TRUE,0.624603175,1.119746032,36.00%
11,17,RRLRRRRRRRRLRRRRRRRRRRRRR,2,TRUE,0.645079365,1.187047619,40.00%
12,17,RRRRRRRRLRRRRRLRRRRRRRRRR,2,TRUE,0.705747126,1.249333333,42.00%
13,17,RRRRRRRRRRRLRRRRRRRRRRRRR,2,TRUE,0.768380952,1.384190476,50.00%
14,17,RRRRRRRRRRRLRRRRRRRRRRRRR,2,TRUE,0.644444444,1.512,64.00%
15,17,RRLRRRRRRRLRRRRRRRRRRRRRR,2,TRUE,0.833333333,1.533333333,60.00%
16,17,RRRRRRRRLRRLRRRRRRRRRRRRR,2,TRUE,0.650793651,1.433333333,58.00%
17,17,RRRRRLLRRRRLRRRRRRRRRRRRR,2,TRUE,0.761904762,1.653333333,72.00%
18,17,RRRRRRLRRLRLRRRRRRRRRRRRR,2,TRUE,0.777777778,1.706666667,76.00%
19,17,RRRRRLRRLRRRRLRRRRRRRRRRR,2,TRUE,0.78245614,1.537333333,62.00%
20,17,RRLRRRRRRRLLRRRRRRRRRRRRR,2,TRUE,0.749019608,1.574666667,66.00%
21,17,RRRRRRRRRLRRRRRRRRRRRRLRR,2,TRUE,0.727536232,1.414666667,54.00%
22,17,RRRRRRRRRRRLRLRRRRRRRRRRR,2,TRUE,0.678431373,1.550666667,66.00%
23,17,RRLRRRRRLRRLRRRRRRRRRRRRR,2,TRUE,0.546666667,1.564,70.00%
24,17,RRRRRRRRRLRLRRRRRRRRRRRRR,2,TRUE,0.715555556,1.614666667,70.00%
25,17,RRLRRRRRRRRLRRRRRRRRRRRRL,2,TRUE,0.646428571,1.566857143,68.00%
26,17,RRRRRRRRRLRLRRRRRRRRRRRRL,2,TRUE,0.733333333,1.645333333,72.00%
27,17,RRRRRRRLRLRRRRLRRRRRRRRRR,2,TRUE,0.733333333,1.594666667,68.00%
28,17,RRRRRRRRRLRRRRRRRRLRRRRRR,2,TRUE,0.60952381,1.610666667,72.00%
29,17,RRRRRLRRLRRRRRRRRRRRRRRRR,2,TRUE,0.818181818,1.74,78.00%
30,17,RRRRRRRRRLRRRRRRRRRRRRRRL,2,TRUE,0.745454545,1.724,78.00%
31,17,RRRRRRRRRLLRLRRRRRRRRRRRR,2,TRUE,0.757575758,1.726666667,78.00%
32,17,RRRRRRRRRLRRRRLRRRRRRRRRR,2,TRUE,0.705494505,1.326857143,48.00%
33,17,RRRRRRRRRLRLRRRRRRRRRRRRR,2,TRUE,0.708424908,1.664190476,74.00%
34,17,RRRRRLRRRRRRRRRRRRRLRRRRR,2,TRUE,0.684848485,1.710666667,78.00%
35,17,LRRRRLRLRRRRRRRRRRRRRRRRR,2,TRUE,0.641025641,1.646666667,74.00%
36,17,LRRRLRRRRRRRRRRRRRRRRRRRR,2,TRUE,0.655555556,1.677333333,76.00%
37,17,RRRRRRRRRLRLRRRRRRRRRRRRR,2,TRUE,0.626190476,1.780190476,84.00%
38,17,RRRRRLLRRRRRRRRRRRRLRRRRL,2,TRUE,0.733333333,1.645333333,72.00%
39,17,RRRRRRRRRRRRRLRRRLRRRRRRR,2,TRUE,0.389417989,1.420190476,64.00%
40,17,RRRRLRRRRRRRRRRRRLRRRRRRL,2,TRUE,0.435588972,1.40552381,62.00%
41,17,LRRRRRRRRRRRRRRRRRRRRRLRR,2,TRUE,0.452777778,1.504888889,68.00%
42,17,RRRRRRRRRRRRRLRRRRRLRRRRR,2,TRUE,0.658333333,1.570666667,68.00%
43,17,RRLRRRRRRRRRRRLRRRRRLRRRL,2,TRUE,0.525,1.528,68.00%
44,17,LRRRLRRRRRRRRRRRRRRRRRRRL,2,TRUE,0.382106782,1.288126984,56.00%
45,17,RRRRRRRRRRRRRRLRRRRRRRRRL,2,TRUE,0.555555556,1.566666667,70.00%
46,17,LRRRRRRRRRRRRRRRRRRLLRRRR,2,TRUE,0.62962963,1.753333333,82.00%
47,17,RRRRRRRRLRRRLRRRRRRRLRRRR,2,TRUE,0.276190476,1.724190476,84.00%
48,17,RRRRRRRRRRRRRRRRRRRRRRLRR,2,TRUE,0.446031746,1.627047619,76.00%
49,17,LRRRRRLRRRRRRRRRRRRRLRRRR,2,TRUE,0.641025641,1.646666667,74.00%
50,17,LRRRRRRRRRRRRRRRRRRRLRRRR,2,TRUE,0.508333333,1.522666667,68.00%
51,17,LLRRRRRRRRRRRRRRRRRRRRLRR,2,TRUE,0.470676692,1.418857143,62.00%
52,17,RRRRRRRRRRRRRRRRLRRRRRRRR,2,TRUE,0.558974359,1.625333333,74.00%
53,17,RRRRRRRLRRRLRRRRRRRRLRRRR,2,TRUE,0.733333333,1.873333333,90.00%
54,17,RRRLRRRRRRRRLRRRRRRRLRRRR,2,TRUE,0.594805195,1.690857143,78.00%
55,17,RRRRRRRLRRRRRRRRRRRRRRRRL,2,TRUE,0.45,1.752,84.00%
56,17,LRRRRRRRRRRRRLRRRRRRRRRRL,2,TRUE,0.586666667,1.717333333,80.00%
57,17,RRRRRRRRRRRRRLRRRRRRRRRRL,2,TRUE,0.743589744,1.673333333,74.00%
58,17,RRRRLRRRRRRRRLRRRRRLRRRRR,2,TRUE,0.733333333,1.721333333,78.00%
59,17,RRRRRRLRRRRRRRRRRRRRRRRRR,2,TRUE,0.619047619,1.613333333,72.00%
60,17,RLRRRRLRRRRRRRRRRRRRRRRRR,2,TRUE,0.714285714,1.82,86.00%
61,17,RRRRRRRLRRRRRRRRRRRLRRRRL,2,TRUE,0.573015873,1.65752381,76.00%
62,17,LRRRRRRRRRRRRRRRRRRRLRRRR,2,TRUE,0.324542125,1.564380952,74.00%
63,17,RRRRRRRRRRRRRLRRRRRRRRRRL,2,TRUE,0.55952381,1.76952381,84.00%
64,17,RRRRLRRRRRRRRRRRRRRRRRRRR,2,TRUE,0.513804714,1.732484848,82.00%
65,17,RRRRRRRRRRRRRRRRRRRLLRRRR,2,TRUE,0.416666667,1.493333333,68.00%
66,17,RRRRRRRRRRRRRLRRRRRRLRRRL,2,TRUE,0.466666667,1.601333333,74.00%
67,17,RRRLRRRRRRRRRRRRRRRRRRRRL,2,TRUE,0.525,1.528,68.00%
68,17,RRRRRRRRRRLRRRRRRRRLLRRRR,2,TRUE,0.684848485,1.710666667,78.00%
69,17,LRRRRRRRRRRRRRRRRRRRLRRRL,2,TRUE,0.451851852,1.721333333,82.00%
70,17,RRRLRRRRLRRRRRRRRRRRRRRRR,2,TRUE,0.5,1.76,84.00%
71,17,RLLRRLRRRRRRRRRRRRRRRRRRR,2,TRUE,0.386666667,1.677333333,80.00%
72,17,RRLRRRLRRRRRRLRRRRRRRRRRL,2,TRUE,0.582222222,1.574666667,70.00%
73,17,RRRRRRRRRRRRRRRRRRRRLRRRL,2,TRUE,0.394871795,1.582666667,74.00%
74,17,RRRRRRRLRRRLRRRRRRRRRRRRR,2,TRUE,0.50952381,1.523047619,68.00%
75,17,RRRRRRRRLRRRRRRRRRRRLRLRR,2,TRUE,0.614814815,1.750666667,82.00%
76,17,RRRRRRRRRRRRRLRRRRRLRRRRL,2,TRUE,0.675213675,1.655555556,74.00%
77,17,RRRLLRRLRRRRRRRRRRRRRRRRL,2,TRUE,0.635555556,1.590666667,70.00%
78,17,LRRRRRRRRRLRRRRRRRRLRRRRL,2,TRUE,0.564285714,1.310857143,52.00%
79,17,RRRRRRRRRRRRRRRRRRRLRRRLL,2,TRUE,0.291666667,1.453333333,68.00%
80,17,LRRRRRRRRRRRRRRRRRRRRRRLL,2,TRUE,0.310204082,1.526857143,72.00%
81,17,RRRRRRRRRRRRRRRRRRRLRRRRR,2,TRUE,0.380392157,1.449333333,66.00%
82,17,RRRRRRRRRRRRRRRRRRRLRRRRL,2,TRUE,0.430687831,1.71752381,82.00%
83,17,RRRRRRRRRRRRRRRLRRRRRRRRR,2,TRUE,0.358730159,1.803047619,88.00%
84,17,LRRRRRRRRRRRRRRRRRRLRRRRR,2,TRUE,0.332275132,1.599746032,76.00%
85,17,RRRRRRLRRRRLRRRRRRRRRRLLL,2,TRUE,0.517948718,1.614666667,74.00%
86,17,RRRRRRRRRRLRRRRRRLRRRRLLL,2,TRUE,0.545787546,1.621904762,74.00%
87,17,RRRRRRRRRRRRRRRRRRRLRRRRR,2,TRUE,0.544444444,1.650666667,76.00%
88,17,RRRRRRLRRRRRRRRLRRRRRRRRR,2,TRUE,0.682051282,1.657333333,74.00%
89,17,RRLRRRRRRRRRRRRRRRRRRRRRR,2,TRUE,0.816666667,1.621333333,68.00%
90,17,RRRRRRLRRRRRRRRLRRRRRRRRR,2,TRUE,0.783809524,1.51352381,60.00%
91,17,RRLRRRRRRRRRRRRLRRRRRRRRR,2,TRUE,0.573333333,1.429333333,60.00%
92,17,RRRLRRLRRRRRRRRRRRRLRRRRL,2,TRUE,0.670175439,1.494666667,62.00%
93,17,RRRRRRRRRLLRRRRLRRRRRRRRR,2,TRUE,0.611851852,1.583555556,70.00%
94,17,RRRRRRRRRRLRRRRRRRLRLRRRL,2,TRUE,0.62962963,1.506666667,64.00%
95,17,RRRRRRRRRRLRRRLRRLRRRRRRR,2,TRUE,0.492970522,1.367047619,58.00%
96,17,RRRRLRLRRRRRRRRLRRRRRRRRR,2,TRUE,0.843137255,1.606666667,66.00%
97,17,RLRRRRRRRLRRRRLRRRRRRRRRR,2,TRUE,0.653333333,1.730666667,80.00%
98,17,RLRRLRRRRRRRRRRRRRLRRRRRR,2,TRUE,0.788744589,1.73352381,78.00%
99,17,RRRRLRLRRRRRRRRLRRRRRRRRR,2,TRUE,0.714285714,1.64,72.00%
100,17,RRRRRRRRRLRRRLRRRRRRRLRRL,2,TRUE,0.733333333,1.493333333,60.00%
101,17,RRRRRLRRRRRRRRLRRRRRRRRRR,2,TRUE,0.706442577,1.560190476,66.00%
102,17,RRLRRRRRRRRRRRRLRRLRRRRRR,2,TRUE,0.777777778,1.486666667,58.00%
103,17,RRRRRRRRLRRRRRLRRRLRRRRRR,2,TRUE,0.737343358,1.520190476,62.00%
104,17,RRRLRRRRLRRRRLRRRRRRRRRRR,2,TRUE,0.78245614,1.537333333,62.00%
105,17,RLRRRRRRRRRRRLRRRRRRRRRRR,2,TRUE,0.791666667,1.613333333,68.00%
106,17,RRRRRRRRRRRLRRRLRRRRRRRRR,2,TRUE,0.644444444,1.674666667,76.00%
107,17,RLRRRLRRRRRRRLRRRRRRRRRRR,2,TRUE,0.711111111,1.690666667,76.00%
108,17,RRRRRRRRRRRRRRLRRRRRRRRRR,2,TRUE,0.875,1.64,68.00%
109,17,RLRRRRRRRRRRRRLRRLRRRRRRR,2,TRUE,0.866666667,1.773333333,80.00%
110,17,RRRRRRRRRRRRRRLRRRRRRRRRR,2,TRUE,0.878787879,1.753333333,78.00%
111,17,LRRRRRRRRRRRRRLLRRRRRRRRR,2,TRUE,0.72,1.744,80.00%
112,17,RRRRRRRRRRRRLRLLRRRRRRRRR,2,TRUE,0.791666667,1.613333333,68.00%
113,17,RRRRRRRRRRRRRRLRRRLRRRRRR,2,TRUE,0.866666667,1.773333333,80.00%
114,17,RRRRRRRRRRRRLRLRRRRRRRRRR,2,TRUE,0.623529412,1.532,66.00%
115,17,RRRRLRRRRRRRLRLRRRRRRRRRR,2,TRUE,0.712280702,1.510666667,62.00%
116,17,RRRRRRRRRRRRRRRLRLRRRRRRR,2,TRUE,0.82962963,1.578666667,64.00%
117,17,RRRRLRRRRRRRRRLRRRRRRRRRR,2,TRUE,0.831501832,1.696190476,74.00%
118,17,RRRRRRRRLRRRRRLRRRRRRRLRR,2,TRUE,0.655555556,1.677333333,76.00%
119,17,RRRRRRRRRRLRRLLRRRRRRRRRR,2,TRUE,0.747368421,1.524,62.00%
120,17,RRRRRRRRRRRRRRLRRRRRRRRRR,2,TRUE,0.651851852,1.514666667,64.00%
121,17,RRRLRRRRRRRRRRLRRRRRRRRRR,2,TRUE,0.63968254,1.67352381,76.00%
122,17,RRRRRRRLRRRRRRRRRRRRRRRRL,2,TRUE,0.59047619,1.605333333,72.00%
123,17,LRRRRRRRRRRRRRLRRRRRRRRRR,2,TRUE,0.714285714,1.82,86.00%
124,17,RRRRRRRRRRRRRRRRRRRRRLRRR,2,TRUE,0.764705882,1.58,66.00%
125,17,RRRRRRLRRRRRRRRRLRRRRRLRR,2,TRUE,0.752380952,1.650666667,72.00%
126,17,RRRRRRRRLRRRRRLRRRRRRRRRR,2,TRUE,0.757575758,1.726666667,78.00%
127,17,RRRRRRRRRRRRRLLRRRRRRRRRR,2,TRUE,0.747301587,1.624190476,70.00%
128,17,RRRRRRRRRLRRRLRRRRRRRRRRR,2,TRUE,0.74829932,1.64952381,72.00%
129,17,RRRLRRRRRLRRRRRRLRRRRRRRR,2,TRUE,0.910364146,1.62952381,66.00%
130,17,RLRRRRRRRLRRRLRRRRRRRRRRR,2,TRUE,0.706442577,1.560190476,66.00%
131,17,RLRRRRRRRRRRRRRRRRRRLRLRR,2,TRUE,0.588095238,1.548190476,68.00%
132,17,RRLLRRRRRRRRRRRRRRRRRRRLR,2,TRUE,0.596428571,1.550857143,68.00%
133,17,RRLRRRRRRRRRRRLRRRLRRRRRR,2,TRUE,0.647619048,1.621333333,72.00%
134,17,RRRRRLRRRRRRRRRRRRRLLRRRR,2,TRUE,0.696969697,1.713333333,78.00%
135,17,RRRRRRRLRRRRRRRRLRLRRRRRR,2,TRUE,0.552380952,1.594666667,72.00%
136,17,RRRRRRRRRRRRRRRRRLRRRRLRL,2,TRUE,0.752380952,1.650666667,72.00%
137,17,LRRRRLRRRRRRRRRRRRLRRRRRR,2,TRUE,0.564444444,1.569333333,70.00%
138,17,LRRRRRLRRRRRRRRRRRRRRRLRR,2,TRUE,0.696969697,1.713333333,78.00%
139,17,RLRRRRRRRRRRRRRRRLRRRRLRR,2,TRUE,0.674074074,1.761333333,82.00%
140,17,LRRRRRRRRRRRRRRRRRRRRRLRR,2,TRUE,0.80952381,1.833333333,86.00%
141,17,RRRRLRRRRRRRRRRRRRRLRRRRL,2,TRUE,0.660606061,1.705333333,78.00%
142,17,LRRRRRRRRRLRRLRRRRRRRRRRL,2,TRUE,0.733333333,1.797333333,84.00%
143,17,RRRRRRRRRRRRLLRRRLRRRRRRR,2,TRUE,0.596428571,1.550857143,68.00%
144,17,RRRRLRRRRRRRRRRRRRLRRRRRL,2,TRUE,0.766666667,1.605333333,68.00%
145,17,RRRRRRRRLRRRRRRRLRRRLRRRR,2,TRUE,0.878787879,1.753333333,78.00%
146,17,RRRRRRRRLRLRRRRRRRRRRRRRR,2,TRUE,0.628571429,1.396571429,56.00%
147,17,RRRRRRRRRRRRRRRRRRRRRRRRR,2,TRUE,0.568922306,1.456190476,62.00%
148,17,LRRRRRRLRRRRRRRRRRRRLRRRR,2,TRUE,0.61814059,1.613079365,72.00%
149,17,RRRRRRRRRRRRRLRRRRRRRLRRR,2,TRUE,0.638888889,1.782222222,84.00%
150,17,RRRLRRRRRRRRRRRRRRRRRRRRR,2,TRUE,0.674074074,1.602222222,70.00%
151,17,RRRLRRRRRRRLRRRRRRRRRLRRR,2,TRUE,0.786666667,1.757333333,80.00%
152,17,LRRRRLRRRRRRRRRRRRRRRRRRR,2,TRUE,0.657142857,1.624,72.00%
153,17,RRRRRRRRRRRRRRRRRRRRRRRRR,2,TRUE,0.567195767,1.484190476,64.00%
154,17,RRRRRRRRRRRRRLRRRRRRRRRRR,2,TRUE,0.480519481,1.665714286,78.00%
155,17,LLRRRRRRRRRRRRRRRRRRRRRLR,2,TRUE,0.703703704,1.766666667,82.00%
156,17,RRRRRRLRRRRRRRRRRRRRRRLLL,2,TRUE,0.468027211,1.571047619,72.00%
157,17,RRLRRRRRRRRLRLRRRRRRRRRRR,2,TRUE,0.379365079,1.611047619,76.00%
158,17,LRRRRLRRRRRRRRRRRRRRRRRRL,2,TRUE,0.455462185,1.474857143,66.00%
159,17,LRRRRRRRRRRRRRRRRRRRRRLRL,2,TRUE,0.534693878,1.794857143,86.00%
160,17,RRRRRRLRRLRRRRRRRRRRRRRLL,2,TRUE,0.522222222,1.645333333,76.00%
161,17,RLRRRRRRRRRRRRRRRRRRRRRRL,2,TRUE,0.590977444,1.464571429,62.00%
162,17,RRRRRLRRRRRRRRLRRRRRRRRRL,2,TRUE,0.591666667,1.549333333,68.00%
163,17,RRRRLRRRRRLRRRRLRRRRRRRRL,2,TRUE,0.624242424,1.394666667,56.00%
164,17,RRRRRLRRRRRRRRLRRRRRRRRLL,2,TRUE,0.549470899,1.303746032,52.00%
165,17,RLRRRRRRRRRRRRRRRRRRLRRRR,2,TRUE,0.503174603,1.28152381,52.00%
166,17,RRRRLRRRRRRRRRLRRRRRRRRRL,2,TRUE,0.568761905,1.284380952,50.00%
167,17,RLRRRRRRRRRRRRLRRLRRRRRRR,2,TRUE,0.513095238,1.524190476,68.00%
168,17,RRRRRRRRRRRRRRLRRLRRRRRRL,2,TRUE,0.5,1.76,84.00%
169,17,RLRRRRRRRRRRLRLRRRRRRRRRL,2,TRUE,0.407619048,1.68152381,80.00%
170,17,RRRRRRRRRRRRRRLRLLRRRRRRR,2,TRUE,0.39719888,1.455047619,66.00%
171,17,RRRRRRRRRRRRRRRRRRRRRRRRR,2,TRUE,0.47965368,1.452675325,64.00%
172,17,RRRRRRRRRRRRRRLRRLRRRRLRR,2,TRUE,0.533333333,1.472,64.00%
173,17,RRRRRRRRRRRRRRLRRLRRRRLRR,2,TRUE,0.442424242,1.657333333,78.00%
174,17,RRRRLLRRRLRRRRRRRRRRRRRRR,2,TRUE,0.528888889,1.558666667,70.00%
175,17,RRRRRRRRLRRRRRLRRRRRRRRRR,2,TRUE,0.496598639,1.579047619,72.00%
176,17,RRRRRLRRRRRRRRRRLRRRRRLLL,2,TRUE,0.593650794,1.746857143,82.00%
177,17,RRRRRLLRRRRRRRRRRRRRRRLLL,2,TRUE,0.569230769,1.628,74.00%
178,17,RRRRRRRRRLRRRRRRRRRRRRRRL,2,TRUE,0.33968254,1.60152381,76.00%
179,17,RRRRRRRLRRRRRRRLRRRRRRLLL,2,TRUE,0.538888889,1.766222222,84.00%
180,17,RLRRRRRRRRRRRRRRRRLRLRRRL,2,TRUE,0.323809524,1.597714286,76.00%
181,17,RRRRRRRRRRRRRRRRRRRRRLLRL,2,TRUE,0.322943723,1.631047619,78.00%
182,17,RRRRRRRRRRRRRRRLRRRRRLLRL,2,TRUE,0.244444444,1.824444444,90.00%
183,17,RRRRRRRRRRRRRRLRRRLRRRRRR,2,TRUE,0.504761905,1.790666667,86.00%
184,17,RRRRRRRRRRRLRLLRRRRRRRRRL,2,TRUE,0.301587302,1.796190476,88.00%
185,17,RRRRRRRRRRRRRLLRRRRRRRLRL,2,TRUE,0.57037037,1.742666667,82.00%
186,17,RRRRRRRRLRRRLRRRRRRRRRRRL,2,TRUE,0.576870748,1.60152381,72.00%
187,17,RRRRRRRRRRRRRLRRRRRRLRRRR,2,TRUE,0.476923077,1.604,74.00%
188,17,LRRRRRRRRRRRRLRRRRRRLRRRL,2,TRUE,0.558441558,1.682857143,78.00%
189,17,RRRRRRRRLRRRRRLRRRRRRRRRL,2,TRUE,0.544444444,1.650666667,76.00%
190,17,RRRRLRRRRRRRRRRLRRRRRRRRL,2,TRUE,0.481481481,1.726666667,82.00%
191,17,RRRRLRRRRRRRRRRRRRRRRRRRR,2,TRUE,0.572789116,1.800190476,86.00%
192,17,RRRRRRRRRRRRLRRRRRRRRLRRL,2,TRUE,0.330718954,1.432444444,66.00%
193,17,RRLRRRRRRRRRRRRLRRRRRRRRL,2,TRUE,0.332063492,1.666412698,80.00%
194,17,RRRRRRRRRRRLLRRRRRRRRRRRL,2,TRUE,0.548717949,1.622666667,74.00%
195,17,RRRRRRRRRRRRLRRRRRRRLRRRR,2,TRUE,0.314285714,1.764,86.00%
196,17,RRRRRRRRLRRRRRLLRRRRRRRRL,2,TRUE,0.386666667,1.677333333,80.00%
197,17,RRRRRRRLRRRRRRLRRRRRRRRRR,2,TRUE,0.546320346,1.796484848,86.00%
198,17,RRRRRRRRRRRRRRLRRRRRLRRLR,2,TRUE,0.295238095,1.761333333,86.00%
199,17,RRRRRRRRRRRRRRLRRRRRLRRRL,2,TRUE,0.546320346,1.680190476,78.00%
200,17,RRRRLRRRRRRRRRLRRLRRRRRRR,2,TRUE,0.73877551,1.646857143,72.00%
,,,,,,,
First generation where best rat ate the cheese: 8,,,,,,,
