Population Size,Life Span,Max Generations,Maze Size,,,,
50,25,200,30,,,,
,,,,,,,
Current Generation,Best Rat's Starting Position,Best DNA,Best Fitness Score,Best Reached Goal,Average Fitness Score (No Winners),Average Fitness Score(Winner Inclusive),% Pop Reached Goal
1,15,RRRLLLRRRRRLRRLRRRRRRLRRR,0.5,FALSE,0.088223665,0.088223665,0.00%
2,15,RRRLLLRRRRRLRRLRRRRRRLRRR,0.5,FALSE,0.124777778,0.124777778,0.00%
3,15,RRRLLLRRRRRLRRLRRRRRRLRRR,0.5,FALSE,0.169027778,0.169027778,0.00%
4,15,RRRRLLRRLRLRRLRRRRRRRRRLR,0.5,FALSE,0.24302381,0.24302381,0.00%
5,15,RRRRRRRLRLLRRLRRRRRRRRRLR,2,TRUE,0.309722222,0.377333333,4.00%
6,15,RRRRRRRLRLLRRLRRRRRRRRRRL,2,TRUE,0.360042735,0.720833333,22.00%
7,15,RRRRRRRLRLLRRRLRRRRRRRRLR,2,TRUE,0.396666667,1.198333333,50.00%
8,15,RRRRLLRRRRRLRRLRRRRRRRRRR,2,TRUE,0.4375,1.75,84.00%
9,15,RRRRRRRLRLLRRLRRRRRRRRRRR,2,TRUE,0.416666667,1.81,88.00%
10,15,RRRRLLRRRRRLRRLRRRRRRRRRL,2,TRUE,0.4375,1.875,92.00%
11,15,RRRRLLRRRRRLRRLRRRRRRRRRR,2,TRUE,0.5,1.91,94.00%
12,15,RRRRLLRRRRLRRRRRRRRRRRRRR,2,TRUE,0.5,1.91,94.00%
13,15,RRRRLLRRRRRLRRLRRRRRRRRLR,2,TRUE,0.5,1.91,94.00%
14,15,RRRRRRRLRLLRRRLRRRRRRRRLR,2,TRUE,0.375,1.87,92.00%
15,15,RRRRLLRRRRLRRRLRRRRRLRRRR,2,TRUE,0.5,1.94,96.00%
16,15,RRRRRLRRRRLRRRLRRRRRRRRLR,2,TRUE,0.375,1.935,96.00%
17,15,RRRRRRRLRRRLRRLRRRRRRRRRR,2,TRUE,0.375,1.87,92.00%
18,15,RRRRLLRRRRRLRRLRRRRRRRRLR,2,TRUE,0.5,1.94,96.00%
19,15,RRRRRLRRRRLRRRLRRRRRRRRRR,2,TRUE,0.5,1.97,98.00%
20,15,RRRRLLRRRRRLRRLRRRRRLRRRR,2,TRUE,N/A,2,100.00%
21,15,RRRRLLRRRRRLRRLRRRRRRRRRR,2,TRUE,N/A,2,100.00%
22,15,RRRRLLRRRRRLRRLRRRRRRRRRR,2,TRUE,N/A,2,100.00%
23,15,RRRRLLRRRRLRRRLRRRRRLRRRR,2,TRUE,0.5,1.97,98.00%
24,15,RRRRLLRRRRRLRRLRRRRRRRRRR,2,TRUE,N/A,2,100.00%
25,15,RRRRLLRRRRRLRRLRRRRRRRRRR,2,TRUE,N/A,2,100.00%
26,15,RRRRLLRRRRRLRRLRRRRRRRRRR,2,TRUE,N/A,2,100.00%
27,15,RRRRLLRRRRRLRRLRRRRRRRRRR,2,TRUE,N/A,2,100.00%
28,15,RRRRLLRRRRLRRRLRRRRRRRRRR,2,TRUE,0.5,1.97,98.00%
29,15,RRRRLLRRRRLRRRLRRRRRLRRRR,2,TRUE,N/A,2,100.00%
30,15,RRRRLLRRRRLRRRLRRRRRRRRRR,2,TRUE,N/A,2,100.00%
31,15,RRRRLLRRRRLRRRLRRRRRLRRRR,2,TRUE,N/A,2,100.00%
32,15,RRRRLLRRRRRLRRLRRRRRRRRRR,2,TRUE,N/A,2,100.00%
33,15,RRRRLLRRRRLRRRLRRRRRRRRRR,2,TRUE,N/A,2,100.00%
34,15,RRRRLLRRRRLRRRLRRRRRRRRRR,2,TRUE,N/A,2,100.00%
35,15,RRRRLLRRRRLRRRLRRRRRRRRRR,2,TRUE,0.5,1.97,98.00%
36,15,RRRRLLRRRRLLRRLRRRRRRRRRR,2,TRUE,N/A,2,100.00%
37,15,RRRRLLRRRRLLRRLRRRRRRRRRR,2,TRUE,N/A,2,100.00%
38,15,RRRRLLRRRRLRRRLRRRRRRRRRR,2,TRUE,N/A,2,100.00%
39,15,RRRRLLRRRRLLRRLRRRRRRRRRR,2,TRUE,N/A,2,100.00%
40,15,RRRRLLRRRRRRRRLRRRRRRRRRR,2,TRUE,N/A,2,100.00%
41,15,RRRRLLRRRRLLRRLRRRRRRRRRR,2,TRUE,N/A,2,100.00%
42,15,RRRRLLRRRRLRRRLRRRRRRRRRR,2,TRUE,N/A,2,100.00%
43,15,RRRRLLRRRRLRRRLRRRRRRRRRR,2,TRUE,N/A,2,100.00%
44,15,RRRRLLRRRRLRRRLRRRRRRRRRR,2,TRUE,N/A,2,100.00%
45,15,RRRRLLRRRRLLRRLRRRRRRRRRR,2,TRUE,N/A,2,100.00%
46,15,RRRRLLRRRRLRRRLRRRRRRRRRR,2,TRUE,N/A,2,100.00%
47,15,RRRRLLRRRRLRRRLRRRRRRRRRR,2,TRUE,N/A,2,100.00%
48,15,RRRRLLRRRRLRRRLRRRRRRRRRR,2,TRUE,N/A,2,100.00%
49,15,RRRRLLRRRRLRRRLRRRRRRRRRR,2,TRUE,N/A,2,100.00%
50,15,RRRRLLRRRRLLRRLRRRRRRRRRR,2,TRUE,N/A,2,100.00%
51,15,RRRRLLRRRRLLRRLRRRRRRRRRR,2,TRUE,N/A,2,100.00%
52,15,RRRRLLRRRRLRRRLRRRRRRRRRR,2,TRUE,N/A,2,100.00%
53,15,RRRRLLRRRRLRRRLRRRRRRRRRR,2,TRUE,N/A,2,100.00%
54,15,RRRRLLRRRRLRRRLRRRRRRRRRR,2,TRUE,N/A,2,100.00%
55,15,RRRRLLRRRRLRRRLRRRRRRRRRR,2,TRUE,N/A,2,100.00%
56,15,RRRRLLRRRRLRRRLRRRRRRRRRR,2,TRUE,N/A,2,100.00%
57,15,RRRRLLRRRRLRRRLRRRRRRRRRR,2,TRUE,N/A,2,100.00%
58,15,RRRRLLRRRRLRRRLRRRRRRRRRR,2,TRUE,N/A,2,100.00%
59,15,RRRRLLRRRRLRRRLRRRRRRRRRR,2,TRUE,N/A,2,100.00%
60,15,RRRRLLRRRRLRRRLRRRRRRRRRR,2,TRUE,N/A,2,100.00%
61,15,RRRRLLRRRRLRRRLRRRRRRRRRR,2,TRUE,N/A,2,100.00%
62,15,RRRRLLRRRRLRRRLRRRRRRRRRR,2,TRUE,N/A,2,100.00%
63,15,RRRRLLRRRRLRRRLRRRRRRRRRR,2,TRUE,N/A,2,100.00%
64,15,RRRRLLRRRRLRRRLRRRRRRRRRR,2,TRUE,N/A,2,100.00%
65,15,RRRRLLRRRRLRRRLRRRRRRRRRR,2,TRUE,N/A,2,100.00%
66,15,RRRRLLRRRRLRRRLRRRRRRRRRR,2,TRUE,N/A,2,100.00%
67,15,RRRRLLRRRRLLRRLRRRRRRRRRR,2,TRUE,N/A,2,100.00%
68,15,RRRRLLRRRRLLRRLRRRRRRRRRR,2,TRUE,N/A,2,100.00%
69,15,RRRRLLRRRRLRRRLRRRRRRRRRR,2,TRUE,N/A,2,100.00%
70,15,RRRRLLRRRRLLRRLRRRRRRRRRR,2,TRUE,N/A,2,100.00%
71,15,RRRRLLRRRRLRRRLRRRRRRRRRR,2,TRUE,N/A,2,100.00%
72,15,RRRRLLRRRRLRRRLRRRRRRRRRR,2,TRUE,N/A,2,100.00%
73,15,RRRRLLRRRRLRRRLRRRRRRRRRR,2,TRUE,N/A,2,100.00%
74,15,RRRRLLRRRRLRRRLRRRRRRRRRR,2,TRUE,N/A,2,100.00%
75,15,RRRRLLRRRRLLRRLRRRRRRRRRR,2,TRUE,N/A,2,100.00%
76,15,RRRRLLRRRRLRRRLRRRRRRRRRR,2,TRUE,N/A,2,100.00%
77,15,RRRRLLRRRRLRRRLRRRRRRRRRR,2,TRUE,N/A,2,100.00%
78,15,RRRRLLRRRRLRRRLRRRRRRRRRR,2,TRUE,N/A,2,100.00%
79,15,RRRRLLRRRRLLRRLRRRRRRRRRR,2,TRUE,N/A,2,100.00%
80,15,RRRRLLRRRRLRRRLRRRRRRRRRR,2,TRUE,N/A,2,100.00%
81,15,RRRRLLRRRRLRRRLRRRRRRRRRR,2,TRUE,N/A,2,100.00%
82,15,RRRRLLRRRRLLRRLRRRRRRRRRR,2,TRUE,N/A,2,100.00%
83,15,RRRRLLRRRRLRRRLRRRRRRRRRR,2,TRUE,N/A,2,100.00%
84,15,RRRRLLRRRRLLRRLRRRRRRRRRR,2,TRUE,N/A,2,100.00%
85,15,RRRRLLRRRRLRRRLRRRRRRRRRR,2,TRUE,N/A,2,100.00%
86,15,RRRRLLRRRRLLRRLRRRRRRRRRR,2,TRUE,N/A,2,100.00%
87,15,RRRRLLRRRRLLRRLRRRRRRRRRR,2,TRUE,N/A,2,100.00%
88,15,RRRRLLRRRRLRRRLRRRRRRRRRR,2,TRUE,N/A,2,100.00%
89,15,RRRRLLRRRRLLRRLRRRRRRRRRR,2,TRUE,N/A,2,100.00%
90,15,RRRRLLRRRRLRRRLRRRRRRRRRR,2,TRUE,N/A,2,100.00%
91,15,RRRRLLRRRRLLRRLRRRRRRRRRR,2,TRUE,N/A,2,100.00%
92,15,RRRRLLRRRRLLRRLRRRRRRRRRR,2,TRUE,N/A,2,100.00%
93,15,RRRRLLRRRRLRRRLRRRRRRRRRR,2,TRUE,N/A,2,100.00%
94,15,RRRRLLRRRRLLRRLRRRRRRRRRR,2,TRUE,N/A,2,100.00%
95,15,RRRRLLRRRRLRRRLRRRRRRRRRR,2,TRUE,N/A,2,100.00%
96,15,RRRRLLRRRRLRRRLRRRRRRRRRR,2,TRUE,N/A,2,100.00%
97,15,RRRRLLRRRRLRRRLRRRRRRRRRR,2,TRUE,N/A,2,100.00%
98,15,RRRRLLRRRRLRRRLRRRRRRRRRR,2,TRUE,N/A,2,100.00%
99,15,RRRRLLRRRRLLRRLRRRRRRRRRR,2,TRUE,N/A,2,100.00%
100,15,RRRRLLRRRRLLRRLRRRRRRRRRR,2,TRUE,N/A,2,100.00%
101,15,RRRRLLRRRRLRRRLRRRRRRRRRR,2,TRUE,N/A,2,100.00%
102,15,RRRRLLRRRRLLRRLRRRRRRRRRR,2,TRUE,N/A,2,100.00%
103,15,RRRRLLRRRRLLRRLRRRRRRRRRR,2,TRUE,N/A,2,100.00%
104,15,RRRRLLRRRRLRRRLRRRRRRRRRR,2,TRUE,N/A,2,100.00%
105,15,RRRRLLRRRRLLRRLRRRRRRRRRR,2,TRUE,N/A,2,100.00%
106,15,RRRRLLRRRRLRRRLRRRRRRRRRR,2,TRUE,N/A,2,100.00%
107,15,RRRRLLRRRRLRRRLRRRRRRRRRR,2,TRUE,N/A,2,100.00%
108,15,RRRRLLRRRRLRRRLRRRRRRRRRR,2,TRUE,N/A,2,100.00%
109,15,RRRRLLRRRRLLRRLRRRRRRRRRR,2,TRUE,N/A,2,100.00%
110,15,RRRRLLRRRRLRRRLRRRRRRRRRR,2,TRUE,N/A,2,100.00%
111,15,RRRRLLRRRRLLRRLRRRRRRRRRR,2,TRUE,N/A,2,100.00%
112,15,RRRRLLRRRRLRRRLRRRRRRRRRR,2,TRUE,N/A,2,100.00%
113,15,RRRRLLRRRRLLRRLRRRRRRRRRR,2,TRUE,N/A,2,100.00%
114,15,RRRRLLRRRRLLRRLRRRRRRRRRR,2,TRUE,N/A,2,100.00%
115,15,RRRRLLRRRRLRRRLRRRRRRRRRR,2,TRUE,N/A,2,100.00%
116,15,RRRRLLRRRRLRRRLRRRRRRRRRR,2,TRUE,N/A,2,100.00%
117,15,RRRRLLRRRRLLRRLRRRRRRRRRR,2,TRUE,N/A,2,100.00%
118,15,RRRRLLRRRRLRRRLRRRRRRRRRR,2,TRUE,N/A,2,100.00%
119,15,RRRRLLRRRRLRRRLRRRRRRRRRR,2,TRUE,N/A,2,100.00%
120,15,RRRRLLRRRRLRRRLRRRRRRRRRR,2,TRUE,N/A,2,100.00%
121,15,RRRRLLRRRRLLRRLRRRRRRRRRR,2,TRUE,N/A,2,100.00%
122,15,RRRRLLRRRRLRRRLRRRRRRRRRR,2,TRUE,N/A,2,100.00%
123,15,RRRRLLRRRRLLRRLRRRRRRRRRR,2,TRUE,N/A,2,100.00%
124,15,RRRRLLRRRRLRRRLRRRRRRRRRR,2,TRUE,N/A,2,100.00%
125,15,RRRRLLRRRRLRRRLRRRRRRRRRR,2,TRUE,N/A,2,100.00%
126,15,RRRRLLRRRRLRRRLRRRRRRRRRR,2,TRUE,N/A,2,100.00%
127,15,RRRRLLRRRRLRRRLRRRRRRRRRR,2,TRUE,N/A,2,100.00%
128,15,RRRRLLRRRRLRRRLRRRRRRRRRR,2,TRUE,N/A,2,100.00%
129,15,RRRRLLRRRRLLRRLRRRRRRRRRR,2,TRUE,N/A,2,100.00%
130,15,RRRRLLRRRRLLRRLRRRRRRRRRR,2,TRUE,N/A,2,100.00%
131,15,RRRRLLRRRRLRRRLRRRRRRRRRR,2,TRUE,N/A,2,100.00%
132,15,RRRRLLRRRRLRRRLRRRRRRRRRR,2,TRUE,N/A,2,100.00%
133,15,RRRRLLRRRRLLRRLRRRRRRRRRR,2,TRUE,N/A,2,100.00%
134,15,RRRRLLRRRRLLRRLRRRRRRRRRR,2,TRUE,N/A,2,100.00%
135,15,RRRRLLRRRRLLRRLRRRRRRRRRR,2,TRUE,N/A,2,100.00%
136,15,RRRRLLRRRRLRRRLRRRRRRRRRR,2,TRUE,N/A,2,100.00%
137,15,RRRRLLRRRRLLRRLRRRRRRRRRR,2,TRUE,N/A,2,100.00%
138,15,RRRRLLRRRRLLRRLRRRRRRRRRR,2,TRUE,N/A,2,100.00%
139,15,RRRRLLRRRRLLRRLRRRRRRRRRR,2,TRUE,N/A,2,100.00%
140,15,RRRRLLRRRRLRRRLRRRRRRRRRR,2,TRUE,N/A,2,100.00%
141,15,RRRRLLRRRRLLRRLRRRRRRRRRR,2,TRUE,N/A,2,100.00%
142,15,RRRRLLRRRRLLRRLRRRRRRRRRR,2,TRUE,N/A,2,100.00%
143,15,RRRRLLRRRRLRRRLRRRRRRRRRR,2,TRUE,N/A,2,100.00%
144,15,RRRRLLRRRRLLRRLRRRRRRRRRR,2,TRUE,N/A,2,100.00%
145,15,RRRRLLRRRRLRRRLRRRRRRRRRR,2,TRUE,N/A,2,100.00%
146,15,RRRRLLRRRRLRRRLRRRRRRRRRR,2,TRUE,N/A,2,100.00%
147,15,RRRRLLRRRRLLRRLRRRRRRRRRR,2,TRUE,N/A,2,100.00%
148,15,RRRRLLRRRRLLRRLRRRRRRRRRR,2,TRUE,N/A,2,100.00%
149,15,RRRRLLRRRRLRRRLRRRRRRRRRR,2,TRUE,N/A,2,100.00%
150,15,RRRRLLRRRRLLRRLRRRRRRRRRR,2,TRUE,N/A,2,100.00%
151,15,RRRRLLRRRRLRRRLRRRRRRRRRR,2,TRUE,N/A,2,100.00%
152,15,RRRRLLRRRRLLRRLRRRRRRRRRR,2,TRUE,N/A,2,100.00%
153,15,RRRRLLRRRRLLRRLRRRRRRRRRR,2,TRUE,N/A,2,100.00%
154,15,RRRRLLRRRRLLRRLRRRRRRRRRR,2,TRUE,N/A,2,100.00%
155,15,RRRRLLRRRRLLRRLRRRRRRRRRR,2,TRUE,N/A,2,100.00%
156,15,RRRRLLRRRRLLRRLRRRRRRRRRR,2,TRUE,N/A,2,100.00%
157,15,RRRRLLRRRRLLRRLRRRRRRRRRR,2,TRUE,N/A,2,100.00%
158,15,RRRRLLRRRRLLRRLRRRRRRRRRR,2,TRUE,N/A,2,100.00%
159,15,RRRRLLRRRRLLRRLRRRRRRRRRR,2,TRUE,N/A,2,100.00%
160,15,RRRRLLRRRRLRRRLRRRRRRRRRR,2,TRUE,N/A,2,100.00%
161,15,RRRRLLRRRRLLRRLRRRRRRRRRR,2,TRUE,N/A,2,100.00%
162,15,RRRRLLRRRRLLRRLRRRRRRRRRR,2,TRUE,N/A,2,100.00%
163,15,RRRRLLRRRRLLRRLRRRRRRRRRR,2,TRUE,N/A,2,100.00%
164,15,RRRRLLRRRRLLRRLRRRRRRRRRR,2,TRUE,N/A,2,100.00%
165,15,RRRRLLRRRRLLRRLRRRRRRRRRR,2,TRUE,N/A,2,100.00%
166,15,RRRRLLRRRRLLRRLRRRRRRRRRR,2,TRUE,N/A,2,100.00%
167,15,RRRRLLRRRRLRRRLRRRRRRRRRR,2,TRUE,N/A,2,100.00%
168,15,RRRRLLRRRRLLRRLRRRRRRRRRR,2,TRUE,N/A,2,100.00%
169,15,RRRRLLRRRRLLRRLRRRRRRRRRR,2,TRUE,N/A,2,100.00%
170,15,RRRRLLRRRRLLRRLRRRRRRRRRR,2,TRUE,N/A,2,100.00%
171,15,RRRRLLRRRRLLRRLRRRRRRRRRR,2,TRUE,N/A,2,100.00%
172,15,RRRRLLRRRRLLRRLRRRRRRRRRR,2,TRUE,N/A,2,100.00%
173,15,RRRRLLRRRRLLRRLRRRRRRRRRR,2,TRUE,N/A,2,100.00%
174,15,RRRRLLRRRRLLRRLRRRRRRRRRR,2,TRUE,N/A,2,100.00%
175,15,RRRRLLRRRRLLRRLRRRRRRRRRR,2,TRUE,N/A,2,100.00%
176,15,RRRRLLRRRRLLRRLRRRRRRRRRR,2,TRUE,N/A,2,100.00%
177,15,RRRRLLRRRRLLRRLRRRRRRRRRR,2,TRUE,N/A,2,100.00%
178,15,RRRRLLRRRRLLRRLRRRRRRRRRR,2,TRUE,N/A,2,100.00%
179,15,RRRRLLRRRRLLRRLRRRRRRRRRR,2,TRUE,N/A,2,100.00%
180,15,RRRRLLRRRRLLRRLRRRRRRRRRR,2,TRUE,N/A,2,100.00%
181,15,RRRRLLRRRRLLRRLRRRRRRRRRR,2,TRUE,N/A,2,100.00%
182,15,RRRRLLRRRRLLRRLRRRRRRRRRR,2,TRUE,N/A,2,100.00%
183,15,RRRRLLRRRRLLRRLRRRRRRRRRR,2,TRUE,N/A,2,100.00%
184,15,RRRRLLRRRRLLRRLRRRRRRRRRR,2,TRUE,N/A,2,100.00%
185,15,RRRRLLRRRRLLRRLRRRRRRRRRR,2,TRUE,N/A,2,100.00%
186,15,RRRRLLRRRRLLRRLRRRRRRRRRR,2,TRUE,N/A,2,100.00%
187,15,RRRRLLRRRRLLRRLRRRRRRRRRR,2,TRUE,N/A,2,100.00%
188,15,RRRRLLRRRRLLRRLRRRRRRRRRR,2,TRUE,N/A,2,100.00%
189,15,RRRRLLRRRRLLRRLRRRRRRRRRR,2,TRUE,N/A,2,100.00%
190,15,RRRRLLRRRRLLRRLRRRRRRRRRR,2,TRUE,N/A,2,100.00%
191,15,RRRRLLRRRRLLRRLRRRRRRRRRR,2,TRUE,N/A,2,100.00%
192,15,RRRRLLRRRRLLRRLRRRRRRRRRR,2,TRUE,N/A,2,100.00%
193,15,RRRRLLRRRRLLRRLRRRRRRRRRR,2,TRUE,N/A,2,100.00%
194,15,RRRRLLRRRRLLRRLRRRRRRRRRR,2,TRUE,N/A,2,100.00%
195,15,RRRRLLRRRRLLRRLRRRRRRRRRR,2,TRUE,N/A,2,100.00%
196,15,RRRRLLRRRRLLRRLRRRRRRRRRR,2,TRUE,N/A,2,100.00%
197,15,RRRRLLRRRRLLRRLRRRRRRRRRR,2,TRUE,N/A,2,100.00%
198,15,RRRRLLRRRRLLRRLRRRRRRRRRR,2,TRUE,N/A,2,100.00%
199,15,RRRRLLRRRRLLRRLRRRRRRRRRR,2,TRUE,N/A,2,100.00%
200,15,RRRRLLRRRRLLRRLRRRRRRRRRR,2,TRUE,N/A,2,100.00%
,,,,,,,
First generation where best rat ate the cheese: 5,,,,,,,
