Population Size,Life Span,Max Generations,Maze Size,,,,
50,25,200,30,,,,
,,,,,,,
Current Generation,Best Rat's Starting Position,Best DNA,Best Fitness Score,Best Reached Goal,Average Fitness Score (No Winners),Average Fitness Score(Winner Inclusive),% Pop Reached Goal
1,15,RLRLRRRRRRRRRLRRRRRRRLLRR,2,TRUE,0.081115087,0.119492785,2.00%
2,15,RRRRRRRRRRRRRLRRRRRRRLLRR,2,TRUE,0.156032147,0.340428932,10.00%
3,15,RLRLRRRRRRRRLLRRRRRRRRLRR,2,TRUE,0.308333333,1.120333333,48.00%
4,15,LRRRRRRRRRRRLLRRRRRRRRRRR,2,TRUE,0.295634921,1.284166667,58.00%
5,15,RRRLRRRRRRRRRRLRRRRRLRLRR,2,TRUE,0.404166667,1.361666667,60.00%
6,15,RRRRRRRRRRRLLLRRRRRRRRRRR,2,TRUE,0.382352941,1.45,66.00%
7,15,LRRRRRRRRRRRRRLRRRRRLRLRR,2,TRUE,0.316666667,1.495,70.00%
8,15,RRRRRRRRRRRLRLRRRRRRRRLLR,2,TRUE,0.399479167,1.487833333,68.00%
9,15,RRRLRRRRRRLRLRRRRRRRRLLRR,2,TRUE,0.387152778,1.225833333,52.00%
10,15,RRRRRLRRRRRRRLRRRLRRRRRLR,2,TRUE,0.340909091,1.635,78.00%
11,15,RLRRRRRRRRRRRLRRLLRRRRLRR,2,TRUE,0.4140625,1.4925,68.00%
12,15,LRRRRRRRRRRRRRLRRRRRRRRRR,2,TRUE,0.380555556,1.417,64.00%
13,15,RRRRRRRRRRLRRRRRLRRRRRRRR,2,TRUE,0.385185185,1.418666667,64.00%
14,15,LRRRRRRRRLLRRRRRRRLRRRRRR,2,TRUE,0.2375,1.577,76.00%
15,15,RRRLRRLRRRRLRRRRLRRRLRRRR,2,TRUE,0.392156863,1.453333333,66.00%
16,15,RLRRRRRRRRRRRRRLRRRRRLRRR,2,TRUE,0.402777778,1.808333333,88.00%
17,15,LRRRRLRRRRRRRRRLRRRRRLRRR,2,TRUE,0.386904762,1.548333333,72.00%
18,15,LRRRRRRLRRRRRRLLRRRRRRRRR,2,TRUE,0.386363636,1.645,78.00%
19,15,RRRRRRLRRLRRRRRLRRRRRRRRR,2,TRUE,0.377192982,1.383333333,62.00%
20,15,LRRRRRRLRRLRRRRRRRRRRRLRL,2,TRUE,0.416666667,1.335,58.00%
21,15,RLRRRRRLRRRLRLRRRRRRRRRRR,2,TRUE,0.351449275,1.241666667,54.00%
22,15,RRRRRRRRRRRRRRLRRRRRLLRLR,2,TRUE,0.346153846,1.57,74.00%
23,15,RRRRLLRRRRLRRRRLRRRLRRRRR,2,TRUE,0.367063492,1.314166667,58.00%
24,15,RLRRLRRRRRRRRRLRRRRRRRRRR,2,TRUE,0.381944444,1.4175,64.00%
25,15,RRLRRRRRRLRRRRRLLRRRRRRRR,2,TRUE,0.390350877,1.388333333,62.00%
26,15,LRRRRRRRRLRRRRRLRRRLRRRRR,2,TRUE,0.401041667,1.488333333,68.00%
27,15,RRRRRRRRRRRRRRRLRRRLRRRRR,2,TRUE,0.407407407,1.426666667,64.00%
28,15,RRRRRRRRRRRRRRRRRLRLRRRLR,2,TRUE,0.477272727,1.665,78.00%
29,15,LRRRRRRRLLRLLRRRRRRRRRRRR,2,TRUE,0.44047619,1.563333333,72.00%
30,15,RRRRRRRRRRRRRRRRRRLLLLLRR,2,TRUE,0.411507937,1.332833333,58.00%
31,15,RLRRRRRRRRRRLLRLRRRRRRRLR,2,TRUE,0.311403509,1.358333333,62.00%
32,15,RRRRLRRRRRRRRRRLRRRRRRRLR,2,TRUE,0.348039216,1.438333333,66.00%
33,15,RRLRRRRRRLRRRRLRRRRRRRRLR,2,TRUE,0.34375,1.6025,76.00%
34,15,RRLLRRRRRRRRRRRRRRRLRLRRR,2,TRUE,0.314393939,1.629166667,78.00%
35,15,RRRLRRRRLRRRRRRRRRRLRLRRR,2,TRUE,0.369298246,1.380333333,62.00%
36,15,RRRRLRRRRRRRRRLLRRRRRLRLR,2,TRUE,0.317307692,1.5625,74.00%
37,15,RRRRRRRRRRRRRRLRRRRRRRRLR,2,TRUE,0.27797619,1.517833333,72.00%
38,15,LLRRRRLRRLRRRRRRRRRRRRRLR,2,TRUE,0.410606061,1.650333333,78.00%
39,15,LLRRRRLRRLRRRRRRRRRRRRRLR,2,TRUE,0.284259259,1.691166667,82.00%
40,15,LRRRRLLRRRRRRRLRRRRRRLRRR,2,TRUE,0.414583333,1.6195,76.00%
41,15,RRRRRRRRRRRRRRRLLRRRRRRLR,2,TRUE,0.363636364,1.64,78.00%
42,15,RRLRRRRRRRRRLRRLRRRRRRRLR,2,TRUE,0.424242424,1.653333333,78.00%
43,15,RRRRRRRRRRRRLRLLRRRRRRRRR,2,TRUE,0.322222222,1.496666667,70.00%
44,15,RRRRRLLRLRRLRRLRRRRRRRRRR,2,TRUE,0.378968254,1.319166667,58.00%
45,15,RRRLRRRRRLRRRRRRRRRRLRRLR,2,TRUE,0.347916667,1.339166667,60.00%
46,15,RRLLRRRRRLRRRRRRRRRRRLRRR,2,TRUE,0.353571429,1.539,72.00%
47,15,RRRRRRRRRRRRRRRLRLLRRRRRR,2,TRUE,0.326388889,1.598333333,76.00%
48,15,RRRRLRLRRRLRRRLLRRRRRRRRR,2,TRUE,0.410714286,1.555,72.00%
49,15,LRRRRRLRRRRRRRRLRRRLRLRRR,2,TRUE,0.304487179,1.559166667,74.00%
50,15,LRRRRRRRRRRRRLRRRRRLRRRLR,2,TRUE,0.375,1.61,76.00%
51,15,RRRRRRRLRLRRRRRLRRRLRRLRR,2,TRUE,0.341666667,1.436166667,66.00%
52,15,RLRRRRLRRRRRRLRRRRRLRRRRL,2,TRUE,0.319791667,1.462333333,68.00%
53,15,RRRRRLRLRRRRRRLRRLRRRRRRR,2,TRUE,0.311111111,1.392,64.00%
54,15,RRRRRLLRRRLRRLRRRRRLRRRRR,2,TRUE,0.347222222,1.603333333,76.00%
55,15,RRRLLRLRRRRRRRRRRRLLRRRRR,2,TRUE,0.338333333,1.335333333,60.00%
56,15,RRRRRRRRRLRRRRRLRLRRRRRLR,2,TRUE,0.346491228,1.371666667,62.00%
57,15,LRRRRRRRRRRRRRRRRRRRRRRRR,2,TRUE,0.344444444,1.702,82.00%
58,15,RLRRRRRRLRRRRRRRRRRLRRLRR,2,TRUE,0.375,1.48,68.00%
59,15,RRRRRRRRRLLRRRRRLRRRRRRLR,2,TRUE,0.351190476,1.538333333,72.00%
60,15,RRRRRRRRLRRRRRLRRRRRRRRLR,2,TRUE,0.386363636,1.645,78.00%
61,15,LRRRRRRRRRRLRLRRRRLRRRRLR,2,TRUE,0.346354167,1.470833333,68.00%
62,15,RLRLRRRRRRRLRRRRRRRLRRRRL,2,TRUE,0.331140351,1.365833333,62.00%
63,15,LRRRLRRRRLRRRRRRRRRLRRRLL,2,TRUE,0.31875,1.3275,60.00%
64,15,RRLRRRRRRLRRRRRRLRRLRRRLR,2,TRUE,0.338095238,1.302,58.00%
65,15,RRRRRRLRRLRRRRRRRRRRRRRLR,2,TRUE,0.338333333,1.169166667,50.00%
66,15,LRRRRLRRRLRRRRRLRRRRRRRLR,2,TRUE,0.352083333,1.340833333,60.00%
67,15,RRRRRRRRRRRLRRRRRRRLLRRLR,2,TRUE,0.303571429,1.525,72.00%
68,15,RRRRRRRRRLLRRRRRRRRRLLLRR,2,TRUE,0.354166667,1.605,76.00%
69,15,RRLRRRRRRRRRRRLRLRRLRRRRL,2,TRUE,0.367424242,1.640833333,78.00%
70,15,RRRRRLRRLLRRRRRRRRRRRLRLL,2,TRUE,0.35,1.505,70.00%
71,15,LRRRRRRRRRRLRRRRRRRLRRRRL,2,TRUE,0.263235294,1.4095,66.00%
72,15,RRRRRRRLRRRRLRLRRRRRLRRLL,2,TRUE,0.306666667,1.492,70.00%
73,15,RRRRRRRRRRRRRLLLRRRRLRRRL,2,TRUE,0.349358974,1.570833333,74.00%
74,15,RRRRRRRLRRRRRRRLRRRRRRRRL,2,TRUE,0.346153846,1.57,74.00%
75,15,RRRLRRRRRRLRRRRRRRRRRRRRL,2,TRUE,0.329166667,1.331666667,60.00%
76,15,RLRRRRRRRRLRRRRRRRRLRRLRL,2,TRUE,0.352941176,1.44,66.00%
77,15,LRLRRRRLRRRLRRRRRRLRRRRRR,2,TRUE,0.359567901,1.114166667,46.00%
78,15,LRRRRRRLRRRRRLRLRRRRRRRRR,2,TRUE,0.321759259,1.395833333,64.00%
79,15,LRRRRRRRRRRRRRRRRRRRRRRRL,2,TRUE,0.359166667,1.343666667,60.00%
80,15,RRLRRRRLRRRRRRRLRRLRLRRRR,2,TRUE,0.326388889,1.3975,64.00%
81,15,RLRRRRRRRRLRRRRRLRRRRRRRR,2,TRUE,0.394444444,1.518333333,70.00%
82,15,RRRRRLRLRRRRRRRRRLLRRRRRR,2,TRUE,0.305672269,1.423928571,66.00%
83,15,LRRRRLLRRRRRRRRRRRRRLRRRR,2,TRUE,0.369791667,1.478333333,68.00%
84,15,RRRRRLLRRRRRRRRRRRRRLRRRR,2,TRUE,0.330357143,1.5325,72.00%
85,15,RRRRRRRRRRRRRLRLRRRRRRRRR,2,TRUE,0.344444444,1.503333333,70.00%
86,15,RRLRLRRRRRLRRRRRRRRRLRRRR,2,TRUE,0.378205128,1.578333333,74.00%
87,15,RRRRRLRRRRRRRLRRRRRRRRRRR,2,TRUE,0.394230769,1.5825,74.00%
88,15,RRRRRRRLRRRRRLRLLRRRRRRRR,2,TRUE,0.348958333,1.2075,52.00%
89,15,RRRLRRRRRRRRRRLLLRRRRRRRL,2,TRUE,0.253888889,1.476166667,70.00%
90,15,RRRRRRRRRRLRLRLLLRRRRRRRR,2,TRUE,0.303472222,1.592833333,76.00%
91,15,RRRLRRRRRRRRRRLLLRRRRRLRR,2,TRUE,0.421296296,1.431666667,64.00%
92,15,RRRLRRRRRRRRLRLRRRRRLRRRR,2,TRUE,0.391304348,1.26,54.00%
93,15,RRRRRLRRRRRRLRRRRRRRRRLRR,2,TRUE,0.337121212,1.268333333,56.00%
94,15,RRRRRRRRRLLRRRLRRRRRLRRRR,2,TRUE,0.366666667,1.673333333,80.00%
95,15,RLRLRRLLRRRRRRRLRRRRRRRRR,2,TRUE,0.352941176,1.44,66.00%
96,15,RRRRRRRRRRRRRRRRLRRRRLRRR,2,TRUE,0.38377193,1.385833333,62.00%
97,15,RRLRRLRRRRRRLRLRRRRRRLRRR,2,TRUE,0.373188406,1.251666667,54.00%
98,15,RRLLRRRRRRRRLRLRRRRRRLRRR,2,TRUE,0.411458333,1.491666667,68.00%
99,15,RRRRRLRRLRRLRRRLRLRRRRRRR,2,TRUE,0.37745098,1.448333333,66.00%
100,15,RRRRLRRRRRRRRRLRRRRRRLRLR,2,TRUE,0.359375,1.475,68.00%
101,15,RRLLLRRRRRRRRRRRRRRRRLLRR,2,TRUE,0.413333333,1.206666667,50.00%
102,15,RRRRRRRLRRLRLRRRLRRRRLRRR,2,TRUE,0.360119048,1.540833333,72.00%
103,15,LRRRLRRRRRRRLRRRRRLRRRRRR,2,TRUE,0.4,1.52,70.00%
104,15,RRRRRRRRRLRLRRRRRRRRLRRRR,2,TRUE,0.302631579,1.355,62.00%
105,15,RLRRRRRRRLRRRRRLRRRRRLRRR,2,TRUE,0.371666667,1.348666667,60.00%
106,15,RRRLLLRRRRRRLRRRRRLRRRRRR,2,TRUE,0.401960784,1.456666667,66.00%
107,15,RRRLLLRRRRRRRRRRRRRRRLRRR,2,TRUE,0.427083333,1.748333333,84.00%
108,15,LRRRRRRRRLRRRLLLRRRRRRRRR,2,TRUE,0.375,1.675,80.00%
109,15,RRRLRRRRRRRRRRRRRRRRRRRRR,2,TRUE,0.270833333,1.585,76.00%
110,15,RRRLRRRRRRRLRRRLRRLRRRRRR,2,TRUE,0.4375,1.75,84.00%
111,15,LRRRRRRRRRRRRRRLRRRLRRRRR,2,TRUE,0.40625,1.745,84.00%
112,15,RRLRRRRRRRRRRRRRRLLRRRRRR,2,TRUE,0.425,1.685,80.00%
113,15,LLLRRRRRRRRRLRLRRRRRRRRRR,2,TRUE,0.352777778,1.505833333,70.00%
114,15,RRLLRRRRRRRRRRRRRLRRRRRRL,2,TRUE,0.377192982,1.383333333,62.00%
115,15,RRRRRRRRLRRRRRRRRRLLLLRRR,2,TRUE,0.344907407,1.404166667,64.00%
116,15,LRRRRRLRRRRRRRRLRRRRLRRRR,2,TRUE,0.309027778,1.594166667,76.00%
117,15,LRRRRRRRLRRRRRRRRRRLLLLRR,2,TRUE,0.446969697,1.658333333,78.00%
118,15,RRRRRRRRRRLRRLRRRRLRRRRRR,2,TRUE,0.37962963,1.416666667,64.00%
119,15,LRRRRRLRRRRRRRLRRRRRLRRRR,2,TRUE,0.375,1.48,68.00%
120,15,RRRRRRLRRRRRRRRLRRRRLRRRR,2,TRUE,0.424242424,1.653333333,78.00%
121,15,RRRRLRRRRRLLRRRRRRRRLRLRR,2,TRUE,0.393518519,1.421666667,64.00%
122,15,LRRRLRRRRRLRRRLRRRRRLRRRR,2,TRUE,0.336309524,1.534166667,72.00%
123,15,RRRRRLRLRRRLRRLRRRRRRRRLR,2,TRUE,0.364583333,1.476666667,68.00%
124,15,LRRRRLRLRRRRRRRRRRRRRRRRR,2,TRUE,0.373684211,1.382,62.00%
125,15,RRRRRLRLRRLRRLRRLRRRRRRRR,2,TRUE,0.386363636,1.29,56.00%
126,15,RRRRRRLLRRRRRRLRRRRRRRRLR,2,TRUE,0.384259259,1.418333333,64.00%
127,15,RRRRRRRRRRLRRRLRRRRRRRRRR,2,TRUE,0.371666667,1.185833333,50.00%
128,15,RRRRRRRRRLRRRLRRRRRRRRRRL,2,TRUE,0.389880952,1.549166667,72.00%
129,15,RRLRRRRLRRRRRRRRLRRRRLLRR,2,TRUE,0.359375,1.475,68.00%
130,15,RRRRRRRLRLRRRRRRLRRLRRRRL,2,TRUE,0.390625,1.485,68.00%
131,15,RLRRRRLLRRRRRRRRRRRRRRRRR,2,TRUE,0.388888889,1.613333333,76.00%
132,15,LRRLRRRLLRRRRRRRRRRRRRRLR,2,TRUE,0.294117647,1.42,66.00%
133,15,RRRLRRRLRRRRRRRRRRRRRLRRR,2,TRUE,0.366666667,1.248666667,54.00%
134,15,RRRRRRRRRLRRRRRRRRRRRRRRL,2,TRUE,0.336805556,1.600833333,76.00%
135,15,RRRRRRRRRRRRRRLRRRRRRRRRR,2,TRUE,0.337962963,1.700833333,82.00%
136,15,RLRRRRRRLRRRRRRRLLRRRRRRR,2,TRUE,0.3125,1.73,84.00%
137,15,RRRLRRRRRRRRRRLRRRLRRLRRL,2,TRUE,0.268939394,1.619166667,78.00%
138,15,RRRRRRRRRRRRRRRRLLRRRRLRR,2,TRUE,0.409722222,1.618333333,76.00%
139,15,RRRRLRRRRRRLRRLRLRRRRRRRL,2,TRUE,0.349652778,1.207833333,52.00%
140,15,LRRRRRRRRRRRRLRRRRLRLRRRR,2,TRUE,0.373397436,1.154166667,48.00%
141,15,RRRRRLRRRRLRRRRRRRRRRLRLR,2,TRUE,0.276515152,1.241666667,56.00%
142,15,RRRRRRLRRRRRRRRRRRLRRRRRR,2,TRUE,0.315740741,1.393666667,64.00%
143,15,RRRRRRRRRRRRRRRLRRLRRRRRR,2,TRUE,0.363095238,1.541666667,72.00%
144,15,RRRRRRRRRRRLLRRRRRRRLRRRR,2,TRUE,0.30952381,1.526666667,72.00%
145,15,RRRRRRRRLLRRRRRRRRLRRRRRR,2,TRUE,0.373076923,1.577,74.00%
146,15,RRRRRRLRLRRRRRRRRRLRRRRRR,2,TRUE,0.325757576,1.631666667,78.00%
147,15,RLRRRRRRLRLRRRRRRRLRRRRRR,2,TRUE,0.310606061,1.628333333,78.00%
148,15,RRRRLRRRLRRRRRRLRRRRRLRRR,2,TRUE,0.43627451,1.468333333,66.00%
149,15,RLRRRRRRRRRRRRRRLRLLRRRRR,2,TRUE,0.322916667,1.463333333,68.00%
150,15,RRRRLRRRLRRLRRRLRRRRRLRRR,2,TRUE,0.333333333,1.6,76.00%
151,15,RRRRRRRRLLRRRRRRLLRRLRRRR,2,TRUE,0.353070175,1.374166667,62.00%
152,15,RRRRRRRLRRLRLRRRRRLLRRRRR,2,TRUE,0.431818182,1.655,78.00%
153,15,RRRRRRRRLRRLRRRRLRLRRRRRR,2,TRUE,0.421568627,1.463333333,66.00%
154,15,RRRRRLRRLLLRRRRRRRLRRRRRR,2,TRUE,0.367063492,1.314166667,58.00%
155,15,RRRRRRLRLRRLRRRRRRLRRRRRR,2,TRUE,0.404761905,1.33,58.00%
156,15,RRRRRRRLRRLLLRRRLRRRRRRRR,2,TRUE,0.352564103,1.571666667,74.00%
157,15,RRRLRRRRRRRRRRRRRRRRRRRRR,2,TRUE,0.404761905,1.553333333,72.00%
158,15,RRRRRRRLRRRLLRRRLRLRRRRRR,2,TRUE,0.386111111,1.515833333,70.00%
159,15,LRRRRRRRLRRLRRRRRRLRRRRRR,2,TRUE,0.381944444,1.611666667,76.00%
160,15,LRRRRRRLRRLRRRRLRRRRRLRRR,2,TRUE,0.337820513,1.567833333,74.00%
161,15,RLRRRLRRRRRRRLRRLLRRRRRRR,2,TRUE,0.37202381,1.544166667,72.00%
162,15,RLRRRRLLRRLRRRRRRRRRRRRRL,2,TRUE,0.412037037,1.428333333,64.00%
163,15,RRRRRRRRRRRLRRRLRRRRRLRRR,2,TRUE,0.388888889,1.516666667,70.00%
164,15,RRRRRRRRRRRRRRRRRRRRLRRRR,2,TRUE,0.421568627,1.463333333,66.00%
165,15,RRRRLRLRRRRRLRRLLRRRRRRRR,2,TRUE,0.328703704,1.398333333,64.00%
166,15,LLRRRRRRRRRRRRRRLRRRRRRLL,2,TRUE,0.339285714,1.535,72.00%
167,15,RRRRLRRLRRLRRRRRLRRRRRRLR,2,TRUE,0.291666667,1.624166667,78.00%
168,15,RRRRRRLLRRRRLRRRRRRRRRRLL,2,TRUE,0.380208333,1.481666667,68.00%
169,15,RRRRRRLRRRRRLRRRRRLRRRLRR,2,TRUE,0.357142857,1.54,72.00%
170,15,RRRRRLRLRRRRRRLRLLRRRRRRR,2,TRUE,0.4375,1.625,76.00%
171,15,RRRRRRLRRRLRLRRRRRRRLLRRR,2,TRUE,0.377777778,1.513333333,70.00%
172,15,RRRRRRRRRLLRRRRRRRRLRRRRL,2,TRUE,0.390350877,1.388333333,62.00%
173,15,RRRRRRRRRLLRRRRRRRLRRRLRR,2,TRUE,0.385416667,1.483333333,68.00%
174,15,RRRRRRRRRLLRLRRRRRRRRRRRR,2,TRUE,0.381578947,1.385,62.00%
175,15,RRRRRRRLRRRRRRLRRLLRRRLRR,2,TRUE,0.316666667,1.326666667,60.00%
176,15,RLRRRRRRRRLRLRRRRRRRLRRLR,2,TRUE,0.265350877,1.340833333,62.00%
177,15,RRRRRRRRRRRRRRRRLLRRRRRRR,2,TRUE,0.333333333,1.533333333,72.00%
178,15,RRRLRRRRRRRRRLRRLRRLRRRRR,2,TRUE,0.281018519,1.381166667,64.00%
179,15,RRRRRRRRRRRRRRRRRRLRRRRLL,2,TRUE,0.332142857,1.2995,58.00%
180,15,RLRRRRRRRRRRRRRRRRRRRLRLR,2,TRUE,0.337719298,1.368333333,62.00%
181,15,RRRRRLRLRLRRRRRRRRRRRRRRR,2,TRUE,0.359722222,1.4095,64.00%
182,15,LRRRRRLRRRRRRRRRRRLRLRRLL,2,TRUE,0.365079365,1.313333333,58.00%
183,15,RRLLRRLRRRRRRRRRRLRRRRRRR,2,TRUE,0.380208333,1.481666667,68.00%
184,15,RLRRRRRRRRRRRRRRRLLRRRRLL,2,TRUE,0.371794872,1.576666667,74.00%
185,15,RRRRRRLRRRRRRLRRRRRRRLRRR,2,TRUE,0.352564103,1.571666667,74.00%
186,15,RRRLRRRRRRRRRRRRRRLRLRRLL,2,TRUE,0.295833333,1.659166667,80.00%
187,15,RRRLRRLRRRRLRRRRRLRRRRRRR,2,TRUE,0.35,1.637,78.00%
188,15,RRLRRLRRRRRLLRRRRRRRRRRRR,2,TRUE,0.25,1.755,86.00%
189,15,LRRLRRRRLRRRRRRRRRRRRRRRR,2,TRUE,0.328888889,1.498666667,70.00%
190,15,RRRRLRRLRRRRLRRRLRRRRLRRR,2,TRUE,0.336538462,1.5675,74.00%
191,15,RRRRRRRRLRRRLRRRRRRRRRRRR,2,TRUE,0.37745098,1.448333333,66.00%
192,15,RLRRRRLRRRRRRRRRRRRRRRRRR,2,TRUE,0.321759259,1.395833333,64.00%
193,15,RRRRRRRLRRRRRRRRRRRRRRRLR,2,TRUE,0.298106061,1.251166667,56.00%
194,15,RRRRRRRRLRRRRRRRLRRRRLRRR,2,TRUE,0.298611111,1.795833333,88.00%
195,15,RRRRRRRRRRRRRRRRRRRRRRRLR,2,TRUE,0.372395833,1.479166667,68.00%
196,15,RRLRRRRRRRRRRRRRRRRRRRRRR,2,TRUE,0.394230769,1.5825,74.00%
197,15,RRRRRRRLRRRRRRRRRRRRRRRRR,2,TRUE,0.33974359,1.568333333,74.00%
198,15,RRRRRRRRRRRRRRRLRLRRRRRRR,2,TRUE,0.402777778,1.808333333,88.00%
199,15,RLRRRRLLRRLRRRRRRRRRRRRRR,2,TRUE,0.361111111,1.508333333,70.00%
200,15,RLRRLRRRLRRRLRRRRRRRRRRRR,2,TRUE,0.348333333,1.5045,70.00%
,,,,,,,
First generation where best rat ate the cheese: 1,,,,,,,
