Population Size,Life Span,Max Generations,Maze Size,,,,
50,25,200,30,,,,
,,,,,,,
Current Generation,Best Rat's Starting Position,Best DNA,Best Fitness Score,Best Reached Goal,Average Fitness Score (No Winners),Average Fitness Score(Winner Inclusive),% Pop Reached Goal
1,15,RRRRRRLLRRRRRRRLRLLRLRLRR,0.25,FALSE,0.083190587,0.083190587,0.00%
2,15,RRRRLRLRRLRLRRLRRLRRLRRRR,0.25,FALSE,0.092945166,0.092945166,0.00%
3,15,RRRRRRRLRRLRRRLRLRLRRRRRR,2,TRUE,0.104661042,0.142567821,2.00%
4,15,RRRRRRRLRRLRRRLRLRLRRRRRR,2,TRUE,0.123606978,0.198662698,4.00%
5,15,RLRRLRRRRRLRRRLRRRRRRRRRR,2,TRUE,0.187176501,0.332202381,8.00%
6,15,RRRRRRRLRRRRRRLLRRLRRRRRR,2,TRUE,0.266802168,0.578777778,18.00%
7,15,RRRRLRLRRRRRRRLRRLRRRRLRR,2,TRUE,0.219017094,0.610833333,22.00%
8,15,LRRRRRRRRRRRLRLRRLRLRRRRR,2,TRUE,0.25245098,0.811666667,32.00%
9,15,RRRRLRRRRRLRRRLLRRRRRLRRR,2,TRUE,0.289784946,0.939666667,38.00%
10,15,RRRRRRRRLRLRLRRRLRRRRRRRR,2,TRUE,0.313020833,0.920333333,36.00%
11,15,RRRRRRRRRRRRRRRLLLRLLRRRR,2,TRUE,0.301449275,1.218666667,54.00%
12,15,RRRRRRRRRRLRRLLLRRRLRRRRR,2,TRUE,0.30316092,1.015833333,42.00%
13,15,LRRRRRRRRRRLRRRRRLRRRLRRR,2,TRUE,0.261666667,0.783166667,30.00%
14,15,RRLRRRRRRRRRLRRRRLRRRLRRL,2,TRUE,0.361111111,1.016666667,40.00%
15,15,RRRRRRLRRLRRRRLLRRRLRRRRR,2,TRUE,0.248387097,0.914,38.00%
16,15,LRRRRRLRRLRRRRRRRLLRRRRRR,2,TRUE,0.271904762,0.790333333,30.00%
17,15,RRRRRRRRRLRRLRRRRRRRRLLRL,2,TRUE,0.270714286,0.7895,30.00%
18,15,RRRRRRRRRRLRRRLRRRRRRRLRR,2,TRUE,0.276521164,0.759095238,28.00%
19,15,RRRLRLRRRRRRRLRRRRRRLLRRR,2,TRUE,0.249731183,0.914833333,38.00%
20,15,RRRLRLRRRRRRRRRRRRLRRLRLR,2,TRUE,0.253888889,0.952333333,40.00%
21,15,LRRLRRRRRRLRRRRRRRRRRRLLL,2,TRUE,0.266397849,0.925166667,38.00%
22,15,RRRLRRLRRRLRRRLRRRRRRRRRR,2,TRUE,0.341666667,0.938666667,36.00%
23,15,RRRRRRRRRRLLRLRRRRLRRLRRR,2,TRUE,0.330808081,0.898333333,34.00%
24,15,RRRLRRRRRRRRRLRRRRRLLRLRR,2,TRUE,0.264393939,0.8545,34.00%
25,15,RLRRRRRRRRRLRLLRLRRRRRRRR,2,TRUE,0.279722222,0.967833333,40.00%
26,15,RRRRRRLRRLRRLRLLRRRRRRRRR,2,TRUE,0.304427083,0.914833333,36.00%
27,15,RLRLRRRRRRRRRRRRRRRLLRRRR,2,TRUE,0.223809524,0.756666667,30.00%
28,15,RRRRRLRRRRRLLRRRRRRRRRLRR,2,TRUE,0.296666667,1.148333333,50.00%
29,15,RRRRLLRRRRRRRLRLLRRRRRRRR,2,TRUE,0.248809524,1.019333333,44.00%
30,15,LRRRRRRRRLRRRLRRRLRRRLRRR,2,TRUE,0.310353535,0.884833333,34.00%
31,15,LRRRRLRRRRRRRRLRRRLRRRRRR,2,TRUE,0.30316092,1.015833333,42.00%
32,15,RRRRRRRRRRRLRRRRRLLLLLRRR,2,TRUE,0.289102564,1.110333333,48.00%
33,15,RLRLRRRRRRRLRRRLRRRRRRLRR,2,TRUE,0.267708333,0.891333333,36.00%
34,15,RLRRRLRRRRRRRRRRLRRRRLRRR,2,TRUE,0.251388889,0.845916667,34.00%
35,15,RRLLRRRRRRRRRRRRRRRLRRLRR,2,TRUE,0.293920068,1.044595238,44.00%
36,15,RRRRRRRRRRRRRRRRLRLLRRLRL,2,TRUE,0.291358025,1.077333333,46.00%
37,15,RRRRRRRRLRRLRRLRRRRLRRLRR,2,TRUE,0.254597701,0.987666667,42.00%
38,15,RRRRRRRRLRRRRRLRRLRRLRLRR,2,TRUE,0.250799851,0.880511905,36.00%
39,15,RRRRRRRRRRRLRRLRRRRLLRLRR,2,TRUE,0.284126984,1.073428571,46.00%
40,15,RRRLRLRRLRRRRRRRRRRRRLLRL,2,TRUE,0.275892857,1.0345,44.00%
41,15,LRRRLRRRRRRRRRRRLRRRLRRRR,2,TRUE,0.257234432,1.093761905,48.00%
42,15,RRRRRRRRRRRRRRLRLLRRRRLLR,2,TRUE,0.267204301,0.925666667,38.00%
43,15,RRRRRRRLRLRRRRRRRLRRRRRRR,2,TRUE,0.243855607,0.911190476,38.00%
44,15,RRRRRRRRLRRRRRLRRRRRRRRRR,2,TRUE,0.230882353,0.797,32.00%
45,15,RRRRRRRRRRRRRRRLLLRRRRRLR,2,TRUE,0.321018519,0.992611111,40.00%
46,15,RLRRLRRRRRLRLRRRRLRRRRRRR,2,TRUE,0.27,1.135,50.00%
47,15,RLRRRRRLLRRRRLLRRRRRRRRRR,2,TRUE,0.335637481,0.968095238,38.00%
48,15,RRRRRRRLRRRRRLLRRRRRRRLRR,2,TRUE,0.267741935,0.926,38.00%
49,15,RRRRLRRRRRRRRLRRRRRRLRRRR,2,TRUE,0.258571429,0.781,30.00%
50,15,RRRRRRRRRRRRRRRRRRLRRRRRR,2,TRUE,0.297222222,0.876166667,34.00%
51,15,RRRRRRRRRRRLRLRRLRRRRRRRR,2,TRUE,0.243578644,0.840761905,34.00%
52,15,LRRRRLRRRRRLRRRRRRRRRLRLR,2,TRUE,0.311764706,0.852,32.00%
53,15,RRRRLRRLRRRRLLRRRRLRRRRRR,2,TRUE,0.284880952,0.970928571,40.00%
54,15,LRRRRRRRRRRRRRLRRRRLRRRRR,2,TRUE,0.26015873,0.956095238,40.00%
55,15,LRLRRRRRRRRRLRRRRRRRRLRRR,2,TRUE,0.266091954,0.994333333,42.00%
56,15,RRLRRRRRRRRRLRRRRRRRRLRRR,2,TRUE,0.25,1.02,44.00%
57,15,RRRRRLRRRRRRRRRLRRLRRLRRR,2,TRUE,0.341666667,1.005,40.00%
58,15,RRRRLRRRRRRRRRRRLRRRLLRRR,2,TRUE,0.233228291,0.798595238,32.00%
59,15,RRRRRLRRRRRRLRRRRRRLRLRRR,2,TRUE,0.293137255,0.839333333,32.00%
60,15,RRRRRRRRRRLRLRRRRRLLRLRRR,2,TRUE,0.279723502,0.933428571,38.00%
61,15,RRRRLRRRRRRRRRRLLRRRRLRRR,2,TRUE,0.24375,1.0165,44.00%
62,15,RRRRLRRRRRRRRLRRRLRRLRRRL,2,TRUE,0.305277778,0.983166667,40.00%
63,15,RRRRLRRRRRLRRRRRRRLLRLRRR,2,TRUE,0.287797619,1.041166667,44.00%
64,15,RRRRLRRRRRLRRLRRRRLRRRRRL,2,TRUE,0.255555556,0.848666667,34.00%
65,15,RRLRRRRRRRRRLRLRRRRLRRRRL,2,TRUE,0.257291667,0.884666667,36.00%
66,15,RRLRRLRRRRRLLRRRRRRLRRRRR,2,TRUE,0.316904762,0.821833333,30.00%
67,15,RRRRRRRRRRRRRRRRRRRRLRRRR,2,TRUE,0.308198925,0.951083333,38.00%
68,15,RRRRLRRRRRRRRRRRRRRRLRRRR,2,TRUE,0.24454023,0.981833333,42.00%
69,15,RRRRRRRRLRRRRLRLRLRRRRRLL,2,TRUE,0.245987654,1.052833333,46.00%
70,15,RRLLRRRRRRRRLRRRRRRRRRRRR,2,TRUE,0.270977011,0.997166667,42.00%
71,15,RRRLRRLRRRRRRLRLRRRRRRRRR,2,TRUE,0.258492063,0.955095238,40.00%
72,15,LRRRRRRRRRLRRRRRLRRRRRRLR,2,TRUE,0.267241379,0.995,42.00%
73,15,RRRRLRLRRRRRRRRRLRRRLRRRL,2,TRUE,0.260952381,0.782666667,30.00%
74,15,RLLRRRRRRRLRRRRRLLRRRRRRR,2,TRUE,0.26412037,0.750166667,28.00%
75,15,LLRRRRRRRRRRRRRRLRRRRRRRL,2,TRUE,0.236399711,0.83602381,34.00%
76,15,RRRRRRRRLRLRRRLRRRRRLRRRR,2,TRUE,0.318817204,0.957666667,38.00%
77,15,LRRRRRRRRRRRRLRRRRRLRLLRL,2,TRUE,0.236706349,0.730428571,28.00%
78,15,LRRRRRRRRRRRLRRRRRLRRRRRL,2,TRUE,0.221071429,0.75475,30.00%
79,15,RRRRLRLRRRRRRRRLRRRRRRLLL,2,TRUE,0.260435268,0.886678571,36.00%
80,15,LRRRRRRRRRRRRLRRRRRRLRLRR,2,TRUE,0.249685847,0.73977381,28.00%
81,15,RRRRLRRLRLRRRRRRRRRRRRLLR,2,TRUE,0.319746377,1.227083333,54.00%
82,15,RLLRRRRRRRRLRRLRRRRLRRRRR,2,TRUE,0.30561756,0.915595238,36.00%
83,15,LRRRRRRRLRRLRRLRRLRRRRRRR,2,TRUE,0.262380952,0.783666667,30.00%
84,15,RLRLRRLRRRRRRRRRRRLRLRRRR,2,TRUE,0.264102564,1.097333333,48.00%
85,15,LRRLRRRLRRRRRRRRRRRLLRRRR,2,TRUE,0.312903226,0.954,38.00%
86,15,LRRRRRRRLRRLRRRRRLLRRRRRR,2,TRUE,0.26765873,0.960595238,40.00%
87,15,RLRRRRLRLRRRRRLRRRRRRRRRR,2,TRUE,0.272747748,0.721833333,26.00%
88,15,RLLRRLRRRRRLRRRLRRRRRRRRR,2,TRUE,0.273039216,0.825666667,32.00%
89,15,RRRRRRRRRRRRRLRLRLRRLRRRR,2,TRUE,0.281269841,0.968761905,40.00%
90,15,RLRRRLRRRRRRRRRRRLRRLRRRR,2,TRUE,0.350308642,1.109166667,46.00%
91,15,RRRRRRRLLRRRRRLLRRRLRRRRR,2,TRUE,0.317628205,1.125166667,48.00%
92,15,RRLRRRRRLRRLRRLRRRRRRLRRR,2,TRUE,0.330128205,1.131666667,48.00%
93,15,LRRRRRRRRRRRRRLRRRRLRRRRR,2,TRUE,0.276666667,1.138333333,50.00%
94,15,RRRRRRLRRRRRRRRLRRRRRRRRR,2,TRUE,0.285057471,1.005333333,42.00%
95,15,RRRLRRRRLLRRRRLRRRRRRLRRR,2,TRUE,0.310539216,0.851166667,32.00%
96,15,RRRRLLLRRRRRLRRRRRRRRRRRR,2,TRUE,0.271875,0.894,36.00%
97,15,RLRRLRRLRRRRRLRRRRRRRRRLR,2,TRUE,0.3203125,0.925,36.00%
98,15,RRRRRLRRRRRRRRRRLRLRRLRRR,2,TRUE,0.289705882,0.837,32.00%
99,15,RRLRRRRRRRLRRRRLRRRRRRRLR,2,TRUE,0.284659864,0.799261905,30.00%
100,15,RRLRRRLLRRRRRRLRRRRLRRRRR,2,TRUE,0.25837585,1.024690476,44.00%
101,15,RRRRRLRRRRRRRRRLRRLRRLRRR,2,TRUE,0.22962963,1.256444444,58.00%
102,15,LRRRRRRRRRRRRRRRRRRRRRRLL,2,TRUE,0.305555556,0.983333333,40.00%
103,15,RRRRRRRLRRRRRRRLRRRRRRLRR,2,TRUE,0.222539683,0.93352381,40.00%
104,15,RLLRRRRRRRLRRRRRRRLRRRRRL,2,TRUE,0.224884793,0.899428571,38.00%
105,15,RRRRLRRRRRRRLRRRRLRLRRRLL,2,TRUE,0.301785714,1.049,44.00%
106,15,RRRLRLRRRRRRRRRRRRLRRLRLR,2,TRUE,0.319642857,1.059,44.00%
107,15,RLRLRRRRRRRRRRRRRRLRRRRRL,2,TRUE,0.324375,0.6595,20.00%
108,15,RRRLRRRRRRRRRRRLLRLRRRRRR,2,TRUE,0.264338235,0.81975,32.00%
109,15,RRRRLRRRRRRRRRRRRRLLRLRRL,2,TRUE,0.322807018,0.725333333,24.00%
110,15,RRLRRRRRRRRRLRLRRRRRRLRLL,2,TRUE,0.269940476,0.892761905,36.00%
111,15,RRRRRLRRLRRRRRRRLRRRRRLRR,2,TRUE,0.230733083,0.655357143,24.00%
112,15,RLRLLRRRRRRRRRRLRRRRRLRRR,2,TRUE,0.282575758,0.8665,34.00%
113,15,RLRRRRRRRRRRRRRRRRRLRRLRL,2,TRUE,0.257593795,0.850011905,34.00%
114,15,RLRRRRRRRRRRRRRRLRRLLLRLR,2,TRUE,0.240826331,0.803761905,32.00%
115,15,RLRRRRRRLLRRRRLRRLRRRRRRR,2,TRUE,0.252256944,0.881444444,36.00%
116,15,LRRRRRRRRRRLRRLRRRRRRLLRR,2,TRUE,0.245698925,0.912333333,38.00%
117,15,LLRRRRLRRRRRRRRRRLRRRRRRL,2,TRUE,0.293611111,0.976166667,40.00%
118,15,LRRLRRRRRRRRRRRRRRRRRRRLR,2,TRUE,0.288172043,0.938666667,38.00%
119,15,LRRRRRRRRRRRLRRRLRRRRRRRR,2,TRUE,0.285277778,0.971166667,40.00%
120,15,RRLRRRRRLRRRRRRRLLRRRRRRR,2,TRUE,0.317592593,0.788666667,28.00%
121,15,RRLRRRRLRRRLRRRLLRRRRRRRR,2,TRUE,0.227412281,0.652833333,24.00%
122,15,LRRRRLRRRRRRRRRLRLRLRRRRR,2,TRUE,0.282894737,0.695,24.00%
123,15,RRRRRRLLRLRRRRRRRRRLLRRRR,2,TRUE,0.260185185,0.747333333,28.00%
124,15,RRLRRRLRRLRLRRRRRRRRRRRRR,2,TRUE,0.243877551,0.524857143,16.00%
125,15,RRRRRRLRRLRLRRLRRLRRRRRRR,2,TRUE,0.246296296,0.737333333,28.00%
126,15,RRRRRRLRRRRLRRRRRLLRRLRRR,2,TRUE,0.254861111,0.7435,28.00%
127,15,RRLRLRLRRRRRRRRRLRRRRRRRR,2,TRUE,0.30969888,0.850595238,32.00%
128,15,RRLRLRLRRRLRRRRRRRRRRRRRR,2,TRUE,0.315441176,0.8545,32.00%
129,15,RRRLRRLRLRRRRRRRRRRRRRRLR,2,TRUE,0.248809524,0.914261905,38.00%
130,15,RLLRRRRRRRRRRRRRRLRLRRRRR,2,TRUE,0.258119658,0.641333333,22.00%
131,15,RRRRRRLRRRRLRRRLRRLLRRRRR,2,TRUE,0.306306306,0.746666667,26.00%
132,15,RRRRRRRLRRRRLRRRRRRRLLRRL,2,TRUE,0.26004902,0.816833333,32.00%
133,15,LRRRRRLRLRRRRRRRRRRRRRRLR,2,TRUE,0.225,0.8285,34.00%
134,15,RRRRRRRRRRLRRRRRLRRLRRLRR,2,TRUE,0.23719475,0.625011905,22.00%
135,15,RRRRRRRLRRLRRRRRLRLRRRRLL,2,TRUE,0.274107143,0.757357143,28.00%
136,15,RRRRRLRRRRRRRRRRLRRLRRRRL,2,TRUE,0.291428571,0.804,30.00%
137,15,RRRRRRLRRRRRLRRRRRRLLRLRR,2,TRUE,0.234155329,0.516690476,16.00%
138,15,RRRRRRLRLRRRRRRRLRRRRLLRR,2,TRUE,0.237209302,0.484,14.00%
139,15,RRRRRRRRRRRRRRRRRRRLRRLLR,2,TRUE,0.245624196,0.701761905,26.00%
140,15,RRRRRRLRLRRRRRRRLRRRRRLRR,2,TRUE,0.262516088,0.714261905,26.00%
141,15,RRLRRLLRRRRRRRLRRRRRRLRRR,2,TRUE,0.235085979,0.729261905,28.00%
142,15,RRLRRLLRRRRRRRLRRRRRRLRRR,2,TRUE,0.256140351,0.674666667,24.00%
143,15,LLRLRRRRRRRRRRLRRLRRRRRRR,2,TRUE,0.28510101,0.868166667,34.00%
144,15,RRRRRRRRRLRRRRRRRRLRLRRLR,2,TRUE,0.27688172,0.931666667,38.00%
145,15,LRRRRRLRRLRRRRRRLRRRRRRRR,2,TRUE,0.298263889,1.183166667,52.00%
146,15,RRRLRLRRRLRRLRRLRRRRRRRRR,2,TRUE,0.275555556,0.965333333,40.00%
147,15,RRRRRLRRRLRRLRRLRRRRRRRRR,2,TRUE,0.23359375,0.8695,36.00%
148,15,RRRRRRLLRRRLRRRLRRLRRRRRR,2,TRUE,0.235714286,1.012,44.00%
149,15,RLRRRRRRLLRRRRRRRLRRLRRRR,2,TRUE,0.289753401,1.042261905,44.00%
150,15,RRLRRRRLRRRLRRRRRRRRRLRLL,2,TRUE,0.295977011,1.011666667,42.00%
151,15,RRRRRRRRRLRRRLRLRRRRRLRLR,2,TRUE,0.312040816,0.818428571,30.00%
152,15,LLRRRRRRLRLRRRRRRLRRRRRRR,2,TRUE,0.285185185,0.765333333,28.00%
153,15,RRRRRLRRRLRRRRRRLRRRRRRRL,2,TRUE,0.201715686,0.777166667,32.00%
154,15,RRRRRLRRLRRRRRRRRRRRRRRRL,2,TRUE,0.213809524,0.749666667,30.00%
155,15,RRLRLRLRRLRRRRRRRRRLRRRRR,2,TRUE,0.297619048,0.876428571,34.00%
156,15,RRRRRRRLLRRRRRLLRLRRRRRRR,2,TRUE,0.316927083,0.922833333,36.00%
157,15,RRRLRLRRLRRRLLRRRRRRRRRRR,2,TRUE,0.27311828,0.929333333,38.00%
158,15,LRRRRRRRRLRRRRRRRLRLRRRRL,2,TRUE,0.268095238,0.787666667,30.00%
159,15,RLRRLRRRRRLRRRRRRRRRLRRLL,2,TRUE,0.252232143,0.881428571,36.00%
160,15,RRRLRRRRRLLRRRRRRLLRRRRRR,2,TRUE,0.294940476,0.908761905,36.00%
161,15,LRRLRRRRRLRRLRRRRRRRRRRLL,2,TRUE,0.240825123,0.979678571,42.00%
162,15,RRRRRRLRRRLRRRLRRRRRRRRRR,2,TRUE,0.284907407,0.970944444,40.00%
163,15,RLRRRRRRRRLRRRRRLLRRRRRRR,2,TRUE,0.268769841,0.961261905,40.00%
164,15,RRLRRLRLRLRRRRRRRRRRRRRRL,2,TRUE,0.2953125,0.909,36.00%
165,15,RLRRRRRRRLRLLRRRLRRRRRRRR,2,TRUE,0.231798246,0.656166667,24.00%
166,15,RLRRRRRRRLRLLRRRLRRRRRRRR,2,TRUE,0.283241758,0.660928571,22.00%
167,15,RLRRRRRRRRRRRRRLRRRRRRRRR,2,TRUE,0.226875,0.5815,20.00%
168,15,RRLRRRRRRRRLLRRRLRRRRLRRR,2,TRUE,0.258908046,0.990166667,42.00%
169,15,RRRRRRRRRRRRRRRRLLLRRLLRL,2,TRUE,0.287862319,1.212416667,54.00%
170,15,RRRRRRLRRRRRLRRRRLRRRRLLR,2,TRUE,0.266319444,1.167833333,52.00%
171,15,LRRRRRRRRLRRRLRRLLRRRRRRR,2,TRUE,0.313888889,0.786,28.00%
172,15,RRRLRRRLRRRRRRRRLLRRRLRRR,2,TRUE,0.301190476,0.810833333,30.00%
173,15,RRRRRRRLRLRRRRLRRRLRRLRRR,2,TRUE,0.242738095,0.594190476,20.00%
174,15,RRRLRLRRRRRRRRRRRRRRLRLLR,2,TRUE,0.264473684,0.681,24.00%
175,15,RRRRRLRRRRRRRRRRRLRRLRLRR,2,TRUE,0.229407979,0.689761905,26.00%
176,15,LRRRRLRRRRRRRRRRLLRRRRRRR,2,TRUE,0.267886179,0.579666667,18.00%
177,15,RRRRLLRRRLRRRRRRRRRRLRLRR,2,TRUE,0.295940171,0.670833333,22.00%
178,15,LRLLRRRRRRLRRRRRRRRRLRRRR,2,TRUE,0.25504386,0.673833333,24.00%
179,15,RRRRRLRRRRRLRLRRRRRRLRRRR,2,TRUE,0.282362155,0.694595238,24.00%
180,15,RRRRRRRRRRLRRLRRRLLRRRRRL,2,TRUE,0.26171275,0.922261905,38.00%
181,15,RRRRLRRRRLRRRRLRRRRRRRRRR,2,TRUE,0.277469136,1.069833333,46.00%
182,15,RRLRLRRRRRLRRRRRLRRRRRRRL,2,TRUE,0.345853859,1.040595238,42.00%
183,15,LLRRRRRRRRRRRRRLRRRRLRRRL,2,TRUE,0.324074074,1.095,46.00%
184,15,RRRRRRLLRRRRLRRRRRRRRLRRL,2,TRUE,0.280747126,1.002833333,42.00%
185,15,RRRRRRRLRRRRRRRRRRRRLRRLR,2,TRUE,0.305392157,0.847666667,32.00%
186,15,LRRRRRRRRRRRRRRRRRRRLRLLR,2,TRUE,0.300268817,0.946166667,38.00%
187,15,LRRRRRRRRRRRRLLRRRRRRRLLR,2,TRUE,0.256962482,0.849595238,34.00%
188,15,RRRRRRRRRRRRRLRRLLRLRRRLR,2,TRUE,0.301157407,0.776833333,28.00%
189,15,RLRRLLRRRLRRRRRLRRRRRRRRR,2,TRUE,0.253231293,0.777261905,30.00%
190,15,RLLRRLLRRRRRRRRLRRRRRRRRR,2,TRUE,0.264035088,0.680666667,24.00%
191,15,RRRRRRRRRRRRRRLLRLRRLRLRR,2,TRUE,0.252235772,0.566833333,18.00%
192,15,RRLRRRRRRRRRRRLLRRRRLRRRR,2,TRUE,0.235810811,0.6945,26.00%
193,15,RRRRLRRRRLRRRRRRRRRRRRLLL,2,TRUE,0.263235294,0.819,32.00%
194,15,RRLRRRLLRRRRRRRRRLRRRRLRR,2,TRUE,0.29122575,1.077261905,46.00%
195,15,LRRRRRRRRRLRRRRRRRRRLRRRL,2,TRUE,0.289102564,1.110333333,48.00%
196,15,LRRRRRRRRRLRRRRLRRRRRRRRL,2,TRUE,0.30625,1.187,52.00%
197,15,RRRRRRRLRRLLRLRLRRRRRRRRR,2,TRUE,0.237222222,0.942333333,40.00%
198,15,LRRRRRRRRLRRRRRRLRRRLRRRR,2,TRUE,0.300666667,1.150333333,50.00%
199,15,RRRRLRRRRRRRRRLRRLRLLRRRR,2,TRUE,0.29,0.974,40.00%
200,15,RRRRLRRRRRRRRRLRRLRRLRRRR,2,TRUE,0.316919192,0.889166667,34.00%
,,,,,,,
First generation where best rat ate the cheese: 3,,,,,,,
