Population Size,Life Span,Max Generations,Maze Size,,,,
50,25,200,30,,,,
,,,,,,,
Current Generation,Best Rat's Starting Position,Best DNA,Best Fitness Score,Best Reached Goal,Average Fitness Score (No Winners),Average Fitness Score(Winner Inclusive),% Pop Reached Goal
1,15,RRRLRRRLRRRRRRRRRRRLLLRRR,2,TRUE,0.078264055,0.116698773,2.00%
2,15,RRRLRRRLRRRRRRRRRRRLLLLRR,2,TRUE,0.167316468,0.533853175,20.00%
3,15,LRRLRRRLRRRRRRRRRRRLLRRRR,2,TRUE,0.367647059,1.445,66.00%
4,15,RRRLRRRLRRRRRRRRRRRLLRRRR,2,TRUE,0.46875,1.755,84.00%
5,15,RRRLRRRLRRRRRRRRRRRLLLRRR,2,TRUE,0.458333333,1.815,88.00%
6,15,RRRLRRRLRRRRRRRRRRRLLRRRR,2,TRUE,0.5,1.82,88.00%
7,15,RRRRRRRLRRRRRRRRRRRLLRRRR,2,TRUE,0.351851852,1.703333333,82.00%
8,15,RRRLRRRLRRRRRRRRRRRLLRRRR,2,TRUE,0.375,1.805,88.00%
9,15,RRRRRRRRRRRRRRRRRRRLLLRRR,2,TRUE,0.45,1.845,90.00%
10,15,RRRLRRRRRRRRRRRRRRRLLLRRR,2,TRUE,0.435185185,1.718333333,82.00%
11,15,RRRLRRRLRRRRRRRRRRRLLLRRL,2,TRUE,0.416666667,1.81,88.00%
12,15,RRRRRRRLRRRRRRRRRLRLLRRRR,2,TRUE,0.375,1.8375,90.00%
13,15,RRRLRRRLRRRRRRRRRRRLLRRRR,2,TRUE,0.37962963,1.708333333,82.00%
14,15,RRRRRRRLRRRRRRRRRRRLLLRRR,2,TRUE,0.375,1.87,92.00%
15,15,RRRLRRRLRRRRRRRRRRRLLLRRR,2,TRUE,0.45,1.69,80.00%
16,15,RRRRRRRLRRRRRRLRRRRLLRRRR,2,TRUE,0.5,1.76,84.00%
17,15,RRRLRRRRLRRRRRRRRRRLLRRRR,2,TRUE,0.333333333,1.9,94.00%
18,15,RRRRRRRRRRRLRRRRRRRLLLRRR,2,TRUE,0.458333333,1.815,88.00%
19,15,RRRRRRRRRRRRRRRLRRRLLRRRR,2,TRUE,0.395833333,1.743333333,84.00%
20,15,RRRLRRRLRRRRRRLRRLRRRLRRR,2,TRUE,0.416666667,1.81,88.00%
21,15,RRRRRRRRRLRRRRRRRRRLLLRRR,2,TRUE,0.5,1.94,96.00%
22,15,RRRLRRRLLRRRRRRRRRRRRRRRR,2,TRUE,0.45,1.845,90.00%
23,15,RRRLRRRRLRRRRRRRRRRRRLRRR,2,TRUE,0.354166667,1.868333333,92.00%
24,15,RRRRRRRRRRRRRRRLRRRLLRRRR,2,TRUE,N/A,2,100.00%
25,15,RRRRRRRLRRRRRRRRRRRLLLRLL,2,TRUE,0.5,1.94,96.00%
26,15,RRRRRRRRLRRRRRRRRRRLRRRRL,2,TRUE,0.45,1.845,90.00%
27,15,RRRLRRRRLRRRRRRRRRRRLLRRR,2,TRUE,0.380952381,1.773333333,86.00%
28,15,RRRRRRRRLRLRRRRRLRRRLRRRL,2,TRUE,0.416666667,1.905,94.00%
29,15,RRRRRRRRLRRRRRLRRRRLRLRRR,2,TRUE,0.375,1.87,92.00%
30,15,RRRRRRRLRRRRRLLRRRRLLRRRR,2,TRUE,0.458333333,1.753333333,84.00%
31,15,RRRRRRRRRLRRRRLRRRRRRLRRR,2,TRUE,0.441666667,1.688333333,80.00%
32,15,RRRRRRRRLRRRRRLLRRRRLRRRR,2,TRUE,0.441666667,1.688333333,80.00%
33,15,RRRRRRRRRRRRRRLRRRRRRLRRR,2,TRUE,0.5,1.88,92.00%
34,15,RRRRRRRRRRRRRRRRRRRLLRRRR,2,TRUE,0.46875,1.755,84.00%
35,15,RRRLRRRRRRRRRRRRRRRLLLRRL,2,TRUE,0.361111111,1.803333333,88.00%
36,15,RRRRLRRRRRRRRRRRRLRLLRRRL,2,TRUE,0.5,1.85,90.00%
37,15,RRRRRRLRRRRLRRRRRRRLRRRRL,2,TRUE,0.410714286,1.7775,86.00%
38,15,RRRRRRRRRRRRRRLRRRRLLRRRR,2,TRUE,0.464285714,1.785,86.00%
39,15,RRRRRRRRRRRRRRLRRRRRRLRRR,2,TRUE,0.416666667,1.905,94.00%
40,15,RRRRRRLRRRRRRRLRRRRRRLRRR,2,TRUE,0.45,1.845,90.00%
41,15,RRRRRRLRRRRRRRRLRRRRLRRRR,2,TRUE,0.4375,1.875,92.00%
42,15,RRRRRRRRRRRRRRRLRRRRLRLRR,2,TRUE,0.5,1.91,94.00%
43,15,RRRRRRRRRRRRRRLLRRRRLLRRR,2,TRUE,0.416666667,1.905,94.00%
44,15,RRRRRRRRRRRRRRRLRRRRRLLRR,2,TRUE,0.5,1.85,90.00%
45,15,RRRRRRRRRRLRRRLRRRRRRLRRR,2,TRUE,0.5,1.94,96.00%
46,15,RRRRRRLRRRRRRRRRRRRRLRRRR,2,TRUE,0.45,1.845,90.00%
47,15,RRRRRRRRRRRRRRLLRRRRLRRRR,2,TRUE,0.375,1.935,96.00%
48,15,RRRRRRLRRRRRRRLLRRRLRLRRR,2,TRUE,0.5,1.88,92.00%
49,15,RRRRRRRRRRRRRRLRRRRRRLRRR,2,TRUE,0.5,1.94,96.00%
50,15,RLRRRRRRRRRRRRRLLRRRLRRRR,2,TRUE,0.375,1.935,96.00%
51,15,RRRRRRRRRRRRRRLLRRRRLRRRR,2,TRUE,0.4375,1.875,92.00%
52,15,RRRRRRLRRRRRRRLRRRRRLRRRR,2,TRUE,0.45,1.845,90.00%
53,15,LRRRLRRRRRRRRRLRRRRRLRRRR,2,TRUE,0.383333333,1.838333333,90.00%
54,15,RRRRRRLRRRRRRRLLRRLRRRRRR,2,TRUE,0.416666667,1.905,94.00%
55,15,RRRRRRRRRRRLRRLRLRRRRLRRR,2,TRUE,0.416666667,1.81,88.00%
56,15,RLRRRRRRRRRRRLLRRRRRRLRRR,2,TRUE,0.5,1.82,88.00%
57,15,LRRRRRRRRRRRRLLLRRRRRRRRR,2,TRUE,0.4,1.84,90.00%
58,15,RRRRRRLRRRRRRRLLRRRRLRLRR,2,TRUE,0.5,1.91,94.00%
59,15,LRRRRRRRRRRRRRLLLRRRRRRRR,2,TRUE,0.5,1.91,94.00%
60,15,RRRRRLRRRRRRRRLRRRRRRRRRL,2,TRUE,0.416666667,1.81,88.00%
61,15,RRRRRLRRRRRRRLLLRRRRRRRRR,2,TRUE,0.4375,1.875,92.00%
62,15,RRRRRRRRRLRRRRLRRRRRLRRRR,2,TRUE,0.5,1.82,88.00%
63,15,RLRRRRRRRRRRRRLLRRRRRRRRR,2,TRUE,0.5,1.82,88.00%
64,15,RRRRRRRRRRRRRRLLRRRRRRRRR,2,TRUE,0.458333333,1.815,88.00%
65,15,RRRRRLRRRRRRRLRRLLRLRRRRR,2,TRUE,0.5,1.94,96.00%
66,15,RRRRRRRRRRRRRRLRRRRRRRRRR,2,TRUE,0.5,1.91,94.00%
67,15,LRRRRRRRRRRRRLLLLRRRRRRRR,2,TRUE,N/A,2,100.00%
68,15,RRRRRLRRRRRRRRRRRRLRRRRRR,2,TRUE,N/A,2,100.00%
69,15,LRRRRRRRRRRRRRLRRRLLRRRRR,2,TRUE,0.25,1.965,98.00%
70,15,RRRRRRRRRRRRRLLLRRRRRRRRR,2,TRUE,0.366666667,1.836666667,90.00%
71,15,RRRRLRRRRRRRRRLRRRRRRRRRR,2,TRUE,0.45,1.845,90.00%
72,15,RRRRLRRRRRRRRRLRRRRRRRRRR,2,TRUE,0.416666667,1.905,94.00%
73,15,LRRRRRRRRRRRRLLRRRLRRRRRR,2,TRUE,0.361111111,1.803333333,88.00%
74,15,LRRRRLRRRRRRRRRRRLRRRRRRR,2,TRUE,0.40625,1.8725,92.00%
75,15,LRRRRRRRRRRRRRRRRRRRLRRRR,2,TRUE,0.5,1.94,96.00%
76,15,LLRRRRRRRRRRRRRRRRRRRRRRR,2,TRUE,0.416666667,1.873333333,92.00%
77,15,LLRRRRRRRLRRRRRRRRRRRRRRR,2,TRUE,N/A,2,100.00%
78,15,RLRRRRRLRRRRRRRRRRRRLLRRR,2,TRUE,N/A,2,100.00%
79,15,RRRRRLRRRRRRRRRRRRLRRLLRR,2,TRUE,0.5,1.91,94.00%
80,15,RLRRRRRLRRRRRRRRRRRRLRRRR,2,TRUE,0.5,1.91,94.00%
81,15,RLRRRRRRRLRRRRLRRLRRRRRRL,2,TRUE,0.5,1.91,94.00%
82,15,RRRRRRRRRRRLRRRLRRRRLLRRR,2,TRUE,0.4375,1.875,92.00%
83,15,LLRLRRRRRRRRRRLRRRRRRRRRR,2,TRUE,0.345238095,1.768333333,86.00%
84,15,RRRLRRRRRRRRRRLRRRRRRRRRR,2,TRUE,0.3125,1.865,92.00%
85,15,LLRRRRRRRRRRRRLRRRLRLRRRR,2,TRUE,0.416666667,1.905,94.00%
86,15,LLRRRRRRRRRLRLRLRRRRRRRRR,2,TRUE,0.5,1.88,92.00%
87,15,LRRRRRRRRLRRRRLRRRRRRRRRR,2,TRUE,0.416666667,1.778333333,86.00%
88,15,RRRRRRRRRRRRLRLRRRRRRRRRR,2,TRUE,0.25,1.93,96.00%
89,15,RRRLRRRRLRLRRRRLRLRRRRRRR,2,TRUE,0.5,1.97,98.00%
90,15,RRRLRRRRLRLRRRRLRLRRRRRRR,2,TRUE,0.5,1.91,94.00%
91,15,LRRRLRRRRLRRRRRRRRRRRRRRR,2,TRUE,0.416666667,1.81,88.00%
92,15,RRRLRRRRLRRRRRRRRRRRLRRRR,2,TRUE,0.4375,1.875,92.00%
93,15,RRRRRRRRRRRRRRRRRRRRLRRRR,2,TRUE,0.416666667,1.905,94.00%
94,15,RLRRRLRRRRRRLRRRRRRRLRRRR,2,TRUE,0.375,1.935,96.00%
95,15,LRRRLRRRRRRRRRRRRRRRRRRRR,2,TRUE,0.5,1.82,88.00%
96,15,RRRRRRRRRRRRLRRRRRRRRRRRR,2,TRUE,0.416666667,1.905,94.00%
97,15,RLLRRRRRRLRRRRRRRRRRRRLRR,2,TRUE,0.416666667,1.905,94.00%
98,15,RRRRRRRRRRRRRRRRRRRRRRRRR,2,TRUE,0.416666667,1.905,94.00%
99,15,RRRRRRRLRRRRRRLRRRRRLRRRR,2,TRUE,0.416666667,1.81,88.00%
100,15,RRRRRRRLRRRRRRRLRRRRLRRRR,2,TRUE,0.5,1.94,96.00%
101,15,RRRRLRRRLRRRRRRRRRRRRRRRR,2,TRUE,0.452380952,1.783333333,86.00%
102,15,RRRRLRRRRRRRRRRRRRRRRRRRR,2,TRUE,0.5,1.94,96.00%
103,15,RRRRLRLRRRRRRRRRLRRRRRRRR,2,TRUE,0.5,1.85,90.00%
104,15,LLRRLRRRRRRRRRLRRRRRRRRRR,2,TRUE,0.5,1.82,88.00%
105,15,RRRRLRRRRRRRLRRRRRRRRRRRR,2,TRUE,0.37962963,1.708333333,82.00%
106,15,RLRRRLRLRRRRRRRRRRRRRRRRL,2,TRUE,0.354166667,1.868333333,92.00%
107,15,RRRLRRRRRRRRRRRRLRRRRLRRR,2,TRUE,0.416666667,1.905,94.00%
108,15,LLRRRRRLRRRRRRRRRRRRRLRRR,2,TRUE,0.428571429,1.78,86.00%
109,15,RLRLRRRRRRRRRRRLRRLRLRRRR,2,TRUE,0.428571429,1.78,86.00%
110,15,RLRRRRRLRRRRRRRRRRRRRLRRR,2,TRUE,0.5,1.94,96.00%
111,15,RLRRRLLRRRRRRRRRRRRLRRRRR,2,TRUE,0.5,1.94,96.00%
112,15,RLLRRRRLRRRRLRRLRRRRRRRRR,2,TRUE,0.333333333,1.9,94.00%
113,15,LRRRRRRRRRRRRRRRRRRRRRRRR,2,TRUE,0.5,1.88,92.00%
114,15,RLLRRLLRRRRRRRRLRRRRRRRRR,2,TRUE,0.3125,1.865,92.00%
115,15,RLLRRLRRRRRRRRRRRRRRRLRRR,2,TRUE,0.45,1.845,90.00%
116,15,RLLRRRRRRRRRLRLRRRRRRRRRR,2,TRUE,0.402777778,1.808333333,88.00%
117,15,LRRRLRRRLRLRRRRRRRRRRRRLR,2,TRUE,0.402777778,1.7125,82.00%
118,15,RLLRRRRRLRRRRRRRRRRRRRRRR,2,TRUE,0.416666667,1.715,82.00%
119,15,RLLRRRRRRRRRLRRRLRRRRLRRR,2,TRUE,0.409090909,1.65,78.00%
120,15,RLLLLLRRRRRRRRRRRRRRRRRRR,2,TRUE,0.321428571,1.765,86.00%
121,15,RLRRRLLRRRLRLRRRRRRRRRRRR,2,TRUE,0.409090909,1.65,78.00%
122,15,RLRRRRRRRRRRRRLRRRRLRRRRR,2,TRUE,0.416666667,1.62,76.00%
123,15,RLRRRRRRRRRRRLRRLRRRRRRRR,2,TRUE,0.361111111,1.803333333,88.00%
124,15,LLRRRRRRRRRRRRRRRRRRRRRRR,2,TRUE,0.4375,1.75,84.00%
125,15,RRRRLRRLRRRRRLRRRRLRRRRRR,2,TRUE,0.5,1.85,90.00%
126,15,RLLRRRRRRRLRRRRLRRRRRRRRR,2,TRUE,0.5,1.88,92.00%
127,15,RLRRLRRRRRRLRRRRRLRRRRRRR,2,TRUE,0.4,1.84,90.00%
128,15,RLLRLRRRRRRLRRRRRLRRRRRRR,2,TRUE,0.452380952,1.783333333,86.00%
129,15,RRRRLRRRRRRRRLLRRRRRRRRRR,2,TRUE,0.5,1.85,90.00%
130,15,RRLRRRRRRRRRRRRLRRRRRLRRR,2,TRUE,0.416666667,1.81,88.00%
131,15,RLRRRRRRRRRRLLRRRRRRRRRRR,2,TRUE,0.430555556,1.623333333,76.00%
132,15,RRRRLRRRRRLRRLRRLLRRRRRRR,2,TRUE,0.41025641,1.586666667,74.00%
133,15,RLRRRRRRRRRRRRRRRRRRLRRRR,2,TRUE,0.333333333,1.833333333,90.00%
134,15,RLLRLRRRRRRRRLRLRRRRRRRRR,2,TRUE,0.428571429,1.78,86.00%
135,15,RRRRRLRRRRRRRLRRRRRRRRRRR,2,TRUE,0.388888889,1.71,82.00%
136,15,RLRRRRRRRRRRLLRRRRRRRRLRR,2,TRUE,0.5,1.88,92.00%
137,15,RLRRRRRRRRRRRLRRRRRRRLRRR,2,TRUE,0.416666667,1.905,94.00%
138,15,RLRRRRRRRRRRLLRRRRRRRRRLR,2,TRUE,0.416666667,1.905,94.00%
139,15,RLLRRRRRRRRRRLRRRRLRRRRRR,2,TRUE,0.5,1.94,96.00%
140,15,RLRRRRRRRRRRLLRRRRLRRRLRR,2,TRUE,0.5,1.97,98.00%
141,15,RLRRRRRRRRRRRLRRRRRRRRRRR,2,TRUE,0.375,1.7725,86.00%
142,15,RLRRRRRRRRRRLLRRRRLRRRRLR,2,TRUE,0.402777778,1.808333333,88.00%
143,15,RRRRRLRRRRRRLLRRRRLRRRRLR,2,TRUE,0.5,1.85,90.00%
144,15,LRRRRRRRRRRRRLRRRRLRRRRRL,2,TRUE,0.4375,1.8125,88.00%
145,15,RRRRLLRRRRRRRLRRRRRRRRRLR,2,TRUE,0.5,1.94,96.00%
146,15,RRRRRLRRRRLRRLRRRLRRRLRRR,2,TRUE,0.5,1.97,98.00%
147,15,RRRRLRRRRRRRLLRRRRRRRRRRR,2,TRUE,0.416666667,1.778333333,86.00%
148,15,RLRRRRRRRRRRLLRRRRLRRRRRR,2,TRUE,0.4375,1.875,92.00%
149,15,RLRRRRRRRRRRRLRRRRLRRLLRL,2,TRUE,0.25,1.895,94.00%
150,15,RRRRRLRRRRRRLLRRRRLRRRRRR,2,TRUE,0.5,1.91,94.00%
151,15,RRRRRRRRRRRRRLRRRRRRRRRRR,2,TRUE,0.416666667,1.905,94.00%
152,15,RRRRRRRRRRRRRLRRRRLRRRRRL,2,TRUE,0.25,1.965,98.00%
153,15,RRRRLRRRRRRRRLRRRRRRRRLRR,2,TRUE,0.5,1.97,98.00%
154,15,RRRRLRRRRLRRLRRRLRRRRRRRR,2,TRUE,0.5,1.94,96.00%
155,15,RRRLRLRRRRRRRLRRRRRRRRLRR,2,TRUE,0.5,1.97,98.00%
156,15,RRRRRLRRLRRRRLRRRRRRRRRRR,2,TRUE,0.5,1.97,98.00%
157,15,RRLRRRRRRRRRRRRRRRRRRRRRR,2,TRUE,0.5,1.88,92.00%
158,15,RLRRLLRRRRRRRLRRRRRRRRRRR,2,TRUE,0.458333333,1.815,88.00%
159,15,RRRRLRRRRRRRLRRRRRRRRRRRR,2,TRUE,0.4375,1.875,92.00%
160,15,RRRLRLRRLRRRLRRRRRRRRRRRR,2,TRUE,0.402777778,1.808333333,88.00%
161,15,RRLRRRRRRRRRRRRRRRRRRRRRR,2,TRUE,0.416666667,1.905,94.00%
162,15,RRRRLRRRRRRRRRRRRRLRRRRRR,2,TRUE,0.5,1.94,96.00%
163,15,RRRRLRRRRRRRRLRRRRRRRRRRL,2,TRUE,0.5,1.88,92.00%
164,15,RLRRLRRRRRRRRLRRRRRRRRRRR,2,TRUE,0.333333333,1.9,94.00%
165,15,RRRRLRRRRRRRRLRRRRRRRRRRL,2,TRUE,0.416666667,1.873333333,92.00%
166,15,RRLLRLRRRRRRRLRRLRRRRRRRR,2,TRUE,0.416666667,1.81,88.00%
167,15,RRRRRRRRRRRRRLRRRRRRRRRLR,2,TRUE,N/A,2,100.00%
168,15,RRRRLRRRRLLRRLRRRRRRRRRRR,2,TRUE,N/A,2,100.00%
169,15,RRRLRRRRRRRRRLRRRRRRRRRRR,2,TRUE,0.5,1.91,94.00%
170,15,RRRLRLRRLRRRRLRRRRRRRRRLR,2,TRUE,0.433333333,1.843333333,90.00%
171,15,LRRLRLRRLRRRRLRRRRRRRRRRR,2,TRUE,0.5,1.85,90.00%
172,15,RRRRRRRRRRRLRLRRRRRRLRRRR,2,TRUE,0.5,1.91,94.00%
173,15,RRRLRRRRRRRRRRRRRRRRRRRRR,2,TRUE,0.5,1.91,94.00%
174,15,RRRRLRRRRRRRRLRRRRRRRRRLR,2,TRUE,0.25,1.93,96.00%
175,15,RRRRRLRRRRRRRLRRRRRRLRRRR,2,TRUE,0.375,1.935,96.00%
176,15,RLRRLRRRRRRRRLRRRRLRRRRLR,2,TRUE,0.416666667,1.905,94.00%
177,15,RRRLRRRRRRRRRLRRLRLRRRRRR,2,TRUE,0.5,1.91,94.00%
178,15,RRRRRLRRRRRRRLRRRRLRRRRRR,2,TRUE,0.5,1.94,96.00%
179,15,RRRRLRRRLRRLLRRRRRLRRRRRR,2,TRUE,0.5,1.97,98.00%
180,15,RRRRLRRRRRRRRLRRRRRRLRRRR,2,TRUE,0.5,1.97,98.00%
181,15,RLRRLRRRRRRRRLRRRRLRRRRRR,2,TRUE,0.5,1.97,98.00%
182,15,RRRRLRRRRRRRRLRRRRRRRRRRR,2,TRUE,0.416666667,1.905,94.00%
183,15,RRRRLRRRRRRRRRRRRRRRRRRRR,2,TRUE,0.5,1.97,98.00%
184,15,RRRRLRRRRRRRRRRRRRRRLRRLR,2,TRUE,0.333333333,1.9,94.00%
185,15,RRRRRRRRRRRRRLRRRRRRLRRLR,2,TRUE,0.45,1.845,90.00%
186,15,RRRRLRRRRRRRRRLRRRLRRRRRR,2,TRUE,0.5,1.94,96.00%
187,15,RRRRLRRRRRRRRLRRRRRRLRRRR,2,TRUE,0.4375,1.875,92.00%
188,15,RRRLLRRRRRRRRLRRRRLRRRLRR,2,TRUE,0.5,1.85,90.00%
189,15,RLRRLRRRRRRRRLRRRRRRRRLRR,2,TRUE,0.425,1.8425,90.00%
190,15,RRRLLRRRRRRRRLRRRRLRRRRLR,2,TRUE,0.5,1.94,96.00%
191,15,RRRLLRRRRRRRRLRRRRRRRRRRR,2,TRUE,0.5,1.94,96.00%
192,15,RRRRRLRRRRRRRLRRRRRRLRRRR,2,TRUE,0.5,1.91,94.00%
193,15,RRRLLRRRRRRRRLRRRRRRLRRRR,2,TRUE,0.5,1.85,90.00%
194,15,RRRRLRRRRRRRRLRRRRLRRRRRR,2,TRUE,0.5,1.97,98.00%
195,15,RRRRRRRRRRRRLLRRLRLRLRRRR,2,TRUE,N/A,2,100.00%
196,15,LRRRLRRRRLRRRLRRRRRRRRRRR,2,TRUE,0.375,1.87,92.00%
197,15,LRRRRRRRRRRRRLRRRRRRLRRRR,2,TRUE,0.5,1.97,98.00%
198,15,RRRRLRRRRRRRRLRRRRRRLRRRR,2,TRUE,0.5,1.94,96.00%
199,15,RRRRRRRRRRRLRLRRRRLRRRRRR,2,TRUE,0.5,1.85,90.00%
200,15,RLRRRRRRRRRRRLRRLRRRRRRRR,2,TRUE,0.4375,1.875,92.00%
,,,,,,,
First generation where best rat ate the cheese: 1,,,,,,,
