Population Size,Life Span,Max Generations,Maze Size,,,,
50,25,200,30,,,,
,,,,,,,
Current Generation,Best Rat's Starting Position,Best DNA,Best Fitness Score,Best Reached Goal,Average Fitness Score (No Winners),Average Fitness Score(Winner Inclusive),% Pop Reached Goal
1,15,RLRLRRRLRLRRRLRLLRRRRRRRL,0.166666667,FALSE,0.069798452,0.069798452,0.00%
2,15,RLRLRRRLRRRRRLRLLRRRRRRRL,0.25,FALSE,0.084388639,0.084388639,0.00%
3,15,RLRRRRLRLRRRRLLRLRRRRRRRL,0.25,FALSE,0.097678932,0.097678932,0.00%
4,15,RLRLRRRRRRRRRLRLLRRRRRRRL,0.5,FALSE,0.120766234,0.120766234,0.00%
5,15,RLRRRRRLRRRRRRLRRLRLRRRRR,2,TRUE,0.167310496,0.203964286,2.00%
6,15,RLRRRRRLRRRRRRLRRLRLRRRRR,2,TRUE,0.238284632,0.449690476,12.00%
7,15,RLRRRRRLRRRRRRLRRLRLRRRRR,2,TRUE,0.346014493,1.239166667,54.00%
8,15,RRLRRRRRRRRRRLRRLRRLRRRRR,2,TRUE,0.385416667,1.483333333,68.00%
9,15,RLRRRLRRRRRRRRRRLLRRRRRRR,2,TRUE,0.455882353,1.475,66.00%
10,15,RLRRRRRLRRRRRRLRRLRLRRRRR,2,TRUE,0.442307692,1.595,74.00%
11,15,RRLRRRRRRRRRRRLRRLRLRLRRR,2,TRUE,0.412037037,1.428333333,64.00%
12,15,RLRRRRRLRRLLRRRRRRRLRRRRR,2,TRUE,0.390873016,1.324166667,58.00%
13,15,RLRRRRRLRRRRRRLRLLRRRRRRR,2,TRUE,0.383333333,1.612,76.00%
14,15,RLLRRRRRRRRRRRLRRLRLRRRRR,2,TRUE,0.416666667,1.683333333,80.00%
15,15,RRRRRRRRRRLRRRRLRLRRRRRRR,2,TRUE,0.412037037,1.428333333,64.00%
16,15,RLLRRRRRRRRRRRLRRLRRRRLRR,2,TRUE,0.404166667,1.680833333,80.00%
17,15,RLRRRRRRRRRRRRLRRLRLRRRLR,2,TRUE,0.4375,1.75,84.00%
18,15,RLRRRRRRRRLRRRRRRLLLRRRRR,2,TRUE,0.422619048,1.558333333,72.00%
19,15,RLRRRRRLRRRRRRLRRRRLLRRRR,2,TRUE,0.393939394,1.646666667,78.00%
20,15,RLRLRRRRRRRRRRRRRRRRRRRRL,2,TRUE,0.384615385,1.58,74.00%
21,15,LRRRRRRLRRRRRRLRRRRRRRRRL,2,TRUE,0.416666667,1.81,88.00%
22,15,LRRRRRRLRRRRRRLLRRRRRRRRL,2,TRUE,0.380952381,1.773333333,86.00%
23,15,RLRRRRRRRRRRRRRRRRRRRRRRR,2,TRUE,0.458333333,1.815,88.00%
24,15,RLRRRRRRRLRRRRRRRRRRRLRRR,2,TRUE,0.416666667,1.778333333,86.00%
25,15,RLRRRRRLRRRLRRLRRRRRRRRRR,2,TRUE,0.407407407,1.713333333,82.00%
26,15,RRRRRRRRRRRRRRRRRLLRRRRLR,2,TRUE,0.378205128,1.578333333,74.00%
27,15,RRRRRRRRRRRRRRLLRRRRRRRRL,2,TRUE,0.375,1.675,80.00%
28,15,RRRRRRRRLRRRRRLRRRRRRRRLL,2,TRUE,0.267857143,1.7575,86.00%
29,15,RRRRRRLRRRRRRRRLRRRRRRRLL,2,TRUE,0.46875,1.755,84.00%
30,15,RRRRRRRRRRRRRRRRRRRRRRRLL,2,TRUE,0.37037037,1.706666667,82.00%
31,15,RRLRRRRRRRRRRRLRRRRLRLRRL,2,TRUE,0.375,1.87,92.00%
32,15,RRLRRLRRRRRRRRRLRRRRRRRLL,2,TRUE,0.46875,1.755,84.00%
33,15,RRRRRLRRRRRRRRRLRRRRRRRLR,2,TRUE,0.333333333,1.7,82.00%
34,15,RRRRRRRLLRRRRRRRRRRRRRRLR,2,TRUE,0.359848485,1.639166667,78.00%
35,15,RRRLRRRRRRLRRRLLRRRRRRRLR,2,TRUE,0.424242424,1.653333333,78.00%
36,15,RRRLRRLRRRLLRRRRRRRRRRRRL,2,TRUE,0.369444444,1.510833333,70.00%
37,15,RLLRRRRRLRRRRRRRRLRRRRRLL,2,TRUE,0.326666667,1.665333333,80.00%
38,15,RLRRRRRLLRRRRRRRRRRRRRRRR,2,TRUE,0.30952381,1.763333333,86.00%
39,15,RRLLRRLRRRRRRRRRRRRRRRRLL,2,TRUE,0.381944444,1.611666667,76.00%
40,15,RRRRRRLRRRRRRRRLRRRRRRRRL,2,TRUE,0.380952381,1.773333333,86.00%
41,15,RRRRRRRRRRLRRRLLRRRRRRRLR,2,TRUE,0.375,1.74,84.00%
42,15,RLRRRRRRRRRRRRRLRRRRRRRLR,2,TRUE,0.296296296,1.693333333,82.00%
43,15,RRRLRRLRRRRRRRRRRRRRRRRRL,2,TRUE,0.350694444,1.604166667,76.00%
44,15,RLRLRRRRRRLRRRRRRRRRRRRLR,2,TRUE,0.395833333,1.743333333,84.00%
45,15,RLRLRRRRRRRRRRLLRRRRLRRRR,2,TRUE,0.3625,1.6725,80.00%
46,15,RRRLRRLLRRLRRRRRRRRRRRRLR,2,TRUE,0.261904762,1.756666667,86.00%
47,15,RLRLRRRRRRRRRRLRRRRLRRRLR,2,TRUE,0.375,1.7725,86.00%
48,15,RLRRRRRLRRRRRRRRRRRLRRRRR,2,TRUE,0.37962963,1.708333333,82.00%
49,15,RLRRRRRRRRRRRRRRRRRRRRRRR,2,TRUE,0.333333333,1.9,94.00%
50,15,LLRRRRRRRRRRRRRRLLRRRRRLL,2,TRUE,0.410714286,1.7775,86.00%
51,15,RRRRRRRRLRLRRRRRRRRRRRRRR,2,TRUE,0.416666667,1.873333333,92.00%
52,15,LRRRRRRRRRRRRRRRLLRRLRRLL,2,TRUE,0.32,1.832,90.00%
53,15,RRRRRRRRRRLLRRLLRRRRRLRRR,2,TRUE,0.404761905,1.776666667,86.00%
54,15,LRRRRRRRRRRLRRRRLLRRLRRRR,2,TRUE,0.425925926,1.716666667,82.00%
55,15,RRRRLRRRRRRRRRRRRRRRRLRRR,2,TRUE,0.319444444,1.596666667,76.00%
56,15,RRRRRRRRRLRLLRRRRLRLRRRRR,2,TRUE,0.45,1.845,90.00%
57,15,LRRRRLRRRRLLRRLRRRRRRRRRR,2,TRUE,0.416666667,1.715,82.00%
58,15,LRRRRRRRRRRRRLLRRRRLRRRRL,2,TRUE,0.435185185,1.718333333,82.00%
59,15,RRRRRRRRRRRRRRRRRLLRRRRRL,2,TRUE,0.446428571,1.565,72.00%
60,15,RRRRRRRRLRRRRRRRRRLLRRLRL,2,TRUE,0.3875,1.6775,80.00%
61,15,RRRLRRRRRRLRRRRLRRRRRRRRR,2,TRUE,0.392857143,1.775,86.00%
62,15,RRRRRRRRRLRLLRRRLRRRRLRRR,2,TRUE,0.441666667,1.688333333,80.00%
63,15,RRRRRRRRLRRRRRRRLRRRRRLRR,2,TRUE,0.472222222,1.725,82.00%
64,15,RRRRLRRRRRRRRRLRLRRRLLRRR,2,TRUE,0.308333333,1.661666667,80.00%
65,15,RRRRLRRRRRRLRRRRRRRRRRRRR,2,TRUE,0.427083333,1.748333333,84.00%
66,15,RRLRRRRRRRRLRRRRRLRRLLRRR,2,TRUE,0.5,1.79,86.00%
67,15,RRRRRRRRRRRRLRRRLRRRLRRRR,2,TRUE,0.431818182,1.655,78.00%
68,15,RRRRRRRRLRRRRRRRRRLLRRRRR,2,TRUE,0.375,1.74,84.00%
69,15,RLRRRRRRLRRRLRRRRRLLRRRRR,2,TRUE,0.407407407,1.713333333,82.00%
70,15,RRLRRRRRRLRRRLRRRRRRRLLRR,2,TRUE,0.5,1.76,84.00%
71,15,RRRRRRRRLRRRRRRLRRLRRRRRR,2,TRUE,0.361111111,1.705,82.00%
72,15,RRRRRRRRRRRRLRRLRRLRRRRRL,2,TRUE,0.444444444,1.72,82.00%
73,15,RRRRLRLRRRRRRRRRRRRRRLRRR,2,TRUE,0.395833333,1.743333333,84.00%
74,15,RRRRRRRRLRRRRRRRRRRRLRRLR,2,TRUE,0.425,1.685,80.00%
75,15,RRRRRLRRRRRRRLRRRRRRRRRLR,2,TRUE,0.454545455,1.66,78.00%
76,15,RRLRRRRRRRRRRRRLRRRRRRLRR,2,TRUE,0.3125,1.7975,88.00%
77,15,RRRLRRRRRLRRLRRRRRRRRRRLR,2,TRUE,0.4375,1.625,76.00%
78,15,RRRRRRRRLRRRRLRRLLRRRRRRR,2,TRUE,0.443181818,1.6575,78.00%
79,15,RRRRRRLRRRRLLRRRLRRLRRRRR,2,TRUE,0.377777778,1.513333333,70.00%
80,15,RRLRRRRRLRRRLLRRRRRRRRRRR,2,TRUE,0.383333333,1.838333333,90.00%
81,15,RRRRRLRRRRRRRLRRRRRRRRLLR,2,TRUE,0.4,1.712,82.00%
82,15,RRRRRRLRLRRLRLRRRRRRRRLRR,2,TRUE,0.404761905,1.553333333,72.00%
83,15,RRRRRRRRRRRRLRRRRLLRRRRRR,2,TRUE,0.236111111,1.788333333,88.00%
84,15,RRRRRRRRLRLRRLRRRRRRRRRRR,2,TRUE,0.380952381,1.546666667,72.00%
85,15,RRRRRRRRRRRRRRRRRRRRRRRRR,2,TRUE,0.375,1.87,92.00%
86,15,RRRRLRRLRLRLRRRRRRRRRRRRR,2,TRUE,0.5,1.73,82.00%
87,15,RRRRRRRRRRRRRLRRRRRRRRRRR,2,TRUE,0.357142857,1.77,86.00%
88,15,RRRRLRRLLRRRRLRRLRRRRRRRR,2,TRUE,0.375,1.805,88.00%
89,15,RRRRRRRRRRRRRRLRRLLRRRRRR,2,TRUE,0.5,1.76,84.00%
90,15,RRRLRRLRRRRRRRRRRRLRRRRRR,2,TRUE,0.375,1.7725,86.00%
91,15,RRRRRRRRRRRRRRLRLRLRRRRRR,2,TRUE,0.464285714,1.785,86.00%
92,15,RRRRLRRRRRRRRRRRRLRRRRLRR,2,TRUE,0.5,1.73,82.00%
93,15,RRRRLRRRRRRRRRRRRLRRRRLRR,2,TRUE,0.322916667,1.731666667,84.00%
94,15,RLRLRRLRRRRRRLRRRRRRRRLRR,2,TRUE,0.380952381,1.773333333,86.00%
95,15,RLRLRRRRRLRRRRLRRRRRRRRRR,2,TRUE,0.375,1.6425,78.00%
96,15,RRRRRRRRRRLRRRLRRRLRRRRRR,2,TRUE,0.446969697,1.658333333,78.00%
97,15,RRRRRRRRLRRRRLRRRLRRRRLRR,2,TRUE,0.348484848,1.636666667,78.00%
98,15,RLRLLRRRRRLRRRRRRRRRRRRRR,2,TRUE,0.363636364,1.64,78.00%
99,15,RRRRRRRRRRRLRLRRRRRRLLLRR,2,TRUE,0.398148148,1.711666667,82.00%
100,15,RRRLRRRRRRLRRRRRRRRRRRRLR,2,TRUE,0.423076923,1.59,74.00%
101,15,RRRRRRRLRRRRLRLRRRRRRRLRR,2,TRUE,0.351851852,1.703333333,82.00%
102,15,RRRLRLRRRRRLRRRRRRRRRRLRR,2,TRUE,0.383333333,1.838333333,90.00%
103,15,RRRRRRRRRRRRRLRRLRRRLRLRR,2,TRUE,0.284090909,1.6225,78.00%
104,15,RRRRRLRRRRRRLRRRLRRRRRRRR,2,TRUE,0.416666667,1.683333333,80.00%
105,15,RLRLRRLRRRRRRRRRRRRRRRRRR,2,TRUE,0.399305556,1.615833333,76.00%
106,15,RRRRRRRRLRRRRRRRRRLRRRRRR,2,TRUE,0.431818182,1.655,78.00%
107,15,LRRRRRRRRRRRRRRRRRRRRRLRR,2,TRUE,0.435185185,1.718333333,82.00%
108,15,LRRRRRRRRRRRRRRRRRRRRRRRR,2,TRUE,0.458333333,1.753333333,84.00%
109,15,RRRRRRRRRRRLRLRRRRRRRRRLR,2,TRUE,0.395833333,1.615,76.00%
110,15,RRRRRRRRLRRRRRRRRRRRRRLRR,2,TRUE,0.480769231,1.605,74.00%
111,15,RRRRLRRRRRRLLRRRRRRRLRLRR,2,TRUE,0.319444444,1.596666667,76.00%
112,15,RRRRRRRRRRRRRRRRRRRRLRRRR,2,TRUE,0.37037037,1.706666667,82.00%
113,15,RRRRRLRRLRRLRRRRRRRRRRRRR,2,TRUE,0.4375,1.75,84.00%
114,15,RLRRRRLRRRRRLRRRRRRRLRLRR,2,TRUE,0.375,1.805,88.00%
115,15,RRRLLRRRRRRRLRRRRRRRRRRRR,2,TRUE,0.4375,1.875,92.00%
116,15,RRRRRRLRLRRRRRRRRLRRRRRRR,2,TRUE,0.314814815,1.696666667,82.00%
117,15,RRRRRRRRLRRLRRRRRLRRLRRRR,2,TRUE,0.4,1.84,90.00%
118,15,RLRRLRRRRRRRLRRRLRRRRRRRR,2,TRUE,0.458333333,1.63,76.00%
119,15,LRRLRRRLLRRRRRRRRRRRRRRRR,2,TRUE,0.409722222,1.618333333,76.00%
120,15,LRRRLRRRRRRRRRRRRRRRRRRRR,2,TRUE,0.416666667,1.588333333,74.00%
121,15,RRLRLRRRRRRRLLRRRRLRRRRRR,2,TRUE,0.441666667,1.688333333,80.00%
122,15,RRRRLRRRRLRRRRLRRRRRRRRRR,2,TRUE,0.5,1.82,88.00%
123,15,RRRRLRLRLRRRRRRRLLRRRRRRR,2,TRUE,0.461538462,1.6,74.00%
124,15,RRRRRRLLLRRRLLRRRRRRRRRRR,2,TRUE,0.40625,1.745,84.00%
125,15,LRRRRRRRLRRLLLRRRRRRRRRRR,2,TRUE,0.365740741,1.705833333,82.00%
126,15,RRRLRRRRRLRRRLLRRRRRRRRLR,2,TRUE,0.328703704,1.699166667,82.00%
127,15,LRRRRRRRLLRRRRRRRRRRLRRLR,2,TRUE,0.458333333,1.568333333,72.00%
128,15,LRRRRRRRLLRRRRRRRRRRRRRRR,2,TRUE,0.425,1.685,80.00%
129,15,RRRLRRRRRRRRRRRLRRRRRRRLR,2,TRUE,0.458333333,1.63,76.00%
130,15,LRLRRRRRLLRRRRRRRRRRRLRRR,2,TRUE,0.395833333,1.615,76.00%
131,15,RRRRRRRRRRRRRRRLLLRRRRRLR,2,TRUE,0.378205128,1.578333333,74.00%
132,15,RRRRLRRLLRLRRRRRRRRRRRRRR,2,TRUE,0.40625,1.745,84.00%
133,15,RRRRRLRRLRLRRRRLRRRRRRRLR,2,TRUE,0.416666667,1.62,76.00%
134,15,RRRRRRRRRLRRRRRRRRRRRRRRR,2,TRUE,0.351851852,1.703333333,82.00%
135,15,RRRRRRRRLRLRRLRRRRRRRRRRR,2,TRUE,0.402777778,1.808333333,88.00%
136,15,RRRLRRRRRLRRRRRRRRRRRRRRR,2,TRUE,0.5,1.97,98.00%
137,15,RRLRRRRRRLRRRRRRRRRRRRRLR,2,TRUE,0.4375,1.875,92.00%
138,15,RRLRRRRRRLRRRRRRRRRRRRRLL,2,TRUE,0.402777778,1.808333333,88.00%
139,15,RRRRRRRRLRLRRRRLRRRRRRRRR,2,TRUE,0.314814815,1.696666667,82.00%
140,15,RRLRRLRRRRRRRRRRRRRRRRRLL,2,TRUE,0.354166667,1.868333333,92.00%
141,15,LRRRRRRRLRLRRRRRRRRRRRRLL,2,TRUE,0.325,1.665,80.00%
142,15,RRLRRRRRRRRRRRRRRRRRRRRRR,2,TRUE,0.383333333,1.676666667,80.00%
143,15,RRRRRRRRLRRRRRLLRRRRRRRRR,2,TRUE,0.375,1.805,88.00%
144,15,RRRLRRRLRRRRRRRRRRRRRRLRR,2,TRUE,0.4375,1.875,92.00%
145,15,RRRRRLRRLRRRRRLLRRRRRRRRR,2,TRUE,0.444444444,1.813333333,88.00%
146,15,RRRRRRRRRRLRRRLRRRRRRRRRR,2,TRUE,0.46875,1.755,84.00%
147,15,RRRRRRRRLRLRRRRRRRRRRRRRL,2,TRUE,0.4375,1.75,84.00%
148,15,RRRRRLRRLRLRRRRRRRRRRRRLR,2,TRUE,0.364583333,1.738333333,84.00%
149,15,RRRRRRRRLRLRLRRRRRRRRRRLL,2,TRUE,0.314102564,1.561666667,74.00%
150,15,RRRRRRRRLLLRRRRRRRLRRRRRR,2,TRUE,0.348958333,1.735833333,84.00%
151,15,RRRRRRRLLRRRRRRRRRLRRRRRR,2,TRUE,0.444444444,1.72,82.00%
152,15,RRRLRRLRLLLRRRRRRRRRRRRRR,2,TRUE,0.407407407,1.713333333,82.00%
153,15,RRLRRRRRLLRRRRRLRRRRRRRRR,2,TRUE,0.441666667,1.688333333,80.00%
154,15,RRRRRLRRRRLLRRRRRLLRRRRRR,2,TRUE,0.395833333,1.743333333,84.00%
155,15,RRRRRRRRLRLRLRRRRRRRRRRRR,2,TRUE,0.428571429,1.56,72.00%
156,15,RRRRRLRRLRLRRRRRRLLRRRRRR,2,TRUE,0.366666667,1.673333333,80.00%
157,15,RLLRRRRRLRRRRRRLRRLRRRRRR,2,TRUE,0.427083333,1.748333333,84.00%
158,15,RLRRRRLRLRLRRRRRRRRLRRRRR,2,TRUE,0.383333333,1.838333333,90.00%
159,15,RRRRRRRRLLRRRRRLRRRRRRRRR,2,TRUE,0.409090909,1.65,78.00%
160,15,RRLRRRLRRLRRRRRRRRLRRRRRR,2,TRUE,0.454545455,1.66,78.00%
161,15,RRRRRRRRLRLRRRRLRRRRRRRRL,2,TRUE,0.342592593,1.701666667,82.00%
162,15,RRRRRLLLRLRRLRRRRRRRRRRRR,2,TRUE,0.425,1.685,80.00%
163,15,LRRRRRRRRRRRRLRRRRRRRRRRR,2,TRUE,0.442307692,1.595,74.00%
164,15,LRRRRRRRLRRRRRRRRRRRRRRRR,2,TRUE,0.45,1.69,80.00%
165,15,RRRLRRRRLRRRLRLRRRRRRRRRL,2,TRUE,0.416666667,1.905,94.00%
166,15,RRLRRRRRLRRRRRRLRRRRRRRRR,2,TRUE,0.354166667,1.868333333,92.00%
167,15,RRRRRRRRLRRRLRRRRRRLRRRRL,2,TRUE,0.375,1.8375,90.00%
168,15,RRRRRRRRLLRRRRRRRRRRRRRRR,2,TRUE,0.416666667,1.715,82.00%
169,15,RRRRRRRRLRRRLRRRRRRLRRRRR,2,TRUE,0.410714286,1.7775,86.00%
170,15,LRRRRRRRLRRLRRRRRRRRLRRLR,2,TRUE,0.428571429,1.78,86.00%
171,15,RRRRRRRLLLRRRRRRRRRRRRRLL,2,TRUE,0.458333333,1.815,88.00%
172,15,LRRRRRRRLLRRRLRRRRRRRRRLL,2,TRUE,0.458333333,1.815,88.00%
173,15,RRRRRRRRLLRRRLRRRRRRRRLRL,2,TRUE,0.46969697,1.663333333,78.00%
174,15,RRRRRRRRLRRRLRRRRRRRRRRRR,2,TRUE,0.45,1.752,84.00%
175,15,RRRRRRRLLRRLRRRRRRRRRLRRL,2,TRUE,0.4375,1.75,84.00%
176,15,RRRRRRRRRLRRRRRRRRRRRLRRL,2,TRUE,0.5,1.94,96.00%
177,15,LRRRRRRRLLRRRRRRRRRRRRRRR,2,TRUE,0.35,1.835,90.00%
178,15,RRRRRRRLLLRRRRRRRRRRRRRRL,2,TRUE,0.35,1.835,90.00%
179,15,RRRRLRRLLRRRRRRRRRLRRRRRR,2,TRUE,0.383333333,1.838333333,90.00%
180,15,RRRRRRRLRRRRRRRRRRRRRRLRR,2,TRUE,0.464285714,1.785,86.00%
181,15,RRRRRRLRLRRRRRRRRRLRRRLRR,2,TRUE,0.404166667,1.680833333,80.00%
182,15,RRRRRRRRLLRRRRRRRRRRLRRRR,2,TRUE,0.378205128,1.578333333,74.00%
183,15,RRRRRRRRLRRRRRLLRRRRRRLRR,2,TRUE,0.4,1.84,90.00%
184,15,LRRRRRRLRLRRRRRRRRRRRRRRR,2,TRUE,0.416666667,1.905,94.00%
185,15,LRRRRRRRLRLRRRRRRRLLRRRRR,2,TRUE,0.464285714,1.57,72.00%
186,15,RRRRRRRRLRRRRRLLRRRRLLRRR,2,TRUE,0.4,1.68,80.00%
187,15,RRRRRRRRLRRRRRRRRLRRRRRRR,2,TRUE,0.458333333,1.753333333,84.00%
188,15,RRRRRRRRLRRRRRRRRRRRRLLRR,2,TRUE,0.441666667,1.688333333,80.00%
189,15,RLRRRRRRRLLLRRRRRRRRRRRRR,2,TRUE,0.401515152,1.648333333,78.00%
190,15,RRLRRRLRRRRRRRRLRRLRRRRRR,2,TRUE,0.458333333,1.815,88.00%
191,15,RRRRLRRRLRRRLRRRRRRRRRRRR,2,TRUE,0.361111111,1.803333333,88.00%
192,15,RRLRRRRRLRRRRLRRRRRRLRRLR,2,TRUE,0.3125,1.7975,88.00%
193,15,RRRRRRRRLRRRRLRRRRRRLRRRR,2,TRUE,0.392857143,1.775,86.00%
194,15,LLRRRRRRRRRRLRRRRRRLRRRRR,2,TRUE,0.333333333,1.8,88.00%
195,15,RRLRRRRRRRRRLRRRRRRRRRRRR,2,TRUE,0.388888889,1.71,82.00%
196,15,RRLRRRLRRRRRRRRRRRRRRRRLR,2,TRUE,0.4,1.712,82.00%
197,15,RRLRRRLLRRRRRRLRRRRRRRRRR,2,TRUE,0.416666667,1.62,76.00%
198,15,RRRRRRLLRRRRRLRRRRLRLRRRR,2,TRUE,0.416666667,1.62,76.00%
199,15,RRRRRRRRLRRRLLRRRRRRRRRRR,2,TRUE,0.444444444,1.813333333,88.00%
200,15,RRRRRRRRRRRRRRRRRLLRRRRRR,2,TRUE,0.5,1.82,88.00%
,,,,,,,
First generation where best rat ate the cheese: 5,,,,,,,
