Population Size,Life Span,Max Generations,Maze Size,,,,
50,25,200,30,,,,
,,,,,,,
Current Generation,Best Rat's Starting Position,Best DNA,Best Fitness Score,Best Reached Goal,Average Fitness Score (No Winners),Average Fitness Score(Winner Inclusive),% Pop Reached Goal
1,15,LLRRRRRRRRLRRLRRLRRRRRLLR,0.25,FALSE,0.081540043,0.081540043,0.00%
2,15,RRLLRRLRRRRRRLRRRRRRRRRRL,2,TRUE,0.112419015,0.150170635,2.00%
3,15,RRLRRRLRRRRRRLRRRRRRRRRLR,2,TRUE,0.17060561,0.536484488,20.00%
4,15,RRRRRLRRRRRRLLRRRRRRRRRRL,2,TRUE,0.2975,0.9785,40.00%
5,15,RRRRRRLRRRRLRRRRLRRRRLRRL,2,TRUE,0.290104167,0.905666667,36.00%
6,15,RRRLLRRRRRRRRRRLRRRRRLRRL,2,TRUE,0.301010101,0.878666667,34.00%
7,15,LRRRRLRLLRRLRRRRRRRRRRRRR,2,TRUE,0.255555556,0.639333333,22.00%
8,15,RRLRRRRRLRLRRRRRRRRRRLLRL,2,TRUE,0.252103175,0.951261905,40.00%
9,15,LRRRRRRRRRLRRRRRRRRRRLRRL,2,TRUE,0.266397849,0.925166667,38.00%
10,15,RRRLLRRRRLLRLRRRRRRRRRRRR,2,TRUE,0.297619048,1.046666667,44.00%
11,15,RRRRRRRRLRRRRRRRRRRRRLRRL,2,TRUE,0.287520525,1.006761905,42.00%
12,15,RLRRRRRRRRLRRRRRRRRLRLRRR,2,TRUE,0.258333333,0.885333333,36.00%
13,15,RRRRLRRRLRRRRRRRRRRRRRRLL,2,TRUE,0.304292929,0.880833333,34.00%
14,15,LRRRRRRRRRRRRRRLLRRLRLRRR,2,TRUE,0.259722222,0.955833333,40.00%
15,15,RRRRRRRRRRRLRRRRRRRLRLLLR,2,TRUE,0.277777778,0.863333333,34.00%
16,15,RRRLRRRRLRRRRRRRRRRRRLRRL,2,TRUE,0.245698925,0.912333333,38.00%
17,15,RLRRLLRRRRRRRRRRRRRRRRRLR,2,TRUE,0.30859375,0.9175,36.00%
18,15,RRRRRLRRRLRRRRRRRRRRRRRLR,2,TRUE,0.317647059,0.856,32.00%
19,15,RRRRRLRRRRRLRLRRRRRRRLRLR,2,TRUE,0.287626263,0.869833333,34.00%
20,15,LRRRRRRRRRRRRRRLRRRLLLRLR,2,TRUE,0.251282051,1.090666667,48.00%
21,15,RRLLRRLRRRRRRRLRRRRLRRRRR,2,TRUE,0.300277778,0.980166667,40.00%
22,15,RRRRRRRRRLRRRRLLRRRRRRRRL,2,TRUE,0.260897436,1.095666667,48.00%
23,15,LRRRRRRLRRRRRLRRRRRRRRRLL,2,TRUE,0.283888889,0.970333333,40.00%
24,15,RRRRRRRRRRRLRRLRRLRLRRLRR,2,TRUE,0.262068966,0.992,42.00%
25,15,LRRRLRRLRRRRRRRRLRRLRRRRR,2,TRUE,0.284558824,0.8335,32.00%
26,15,RRRRRRRLRRLRRLRRRRRRRRRRR,2,TRUE,0.307986111,1.187833333,52.00%
27,15,RRRRRLLLRRRRRRRLLRRRRRRRR,2,TRUE,0.332371795,1.132833333,48.00%
28,15,RRRRRLRRRRRLRLRRRRRRRRRRR,2,TRUE,0.304605263,0.7115,24.00%
29,15,RRRLRLRLRRRRRRRRRRRRRLRRR,2,TRUE,0.283218126,0.935595238,38.00%
30,15,RRRRRRLLLRRRRRLLRRRRRRRRR,2,TRUE,0.366071429,1.085,44.00%
31,15,RRRRRLRRRRLRRLRRRRLRRRRRR,2,TRUE,0.308974359,1.120666667,48.00%
32,15,RRLRRRLRRRRRRRRRRRRRRLRLR,2,TRUE,0.316358025,1.090833333,46.00%
33,15,RRLRRRRRRRLRRLRRRRRRRLRRR,2,TRUE,0.260897436,1.095666667,48.00%
34,15,LRRRRRRLRRRRRRRRRRRRRRLRR,2,TRUE,0.26025641,1.095333333,48.00%
35,15,RRLRRRRRRRRRLLLRRRLRRRRRR,2,TRUE,0.328846154,0.6965,22.00%
36,15,RRLRRRRRRRRRRRRRRRRLRLRRR,2,TRUE,0.262356322,0.992166667,42.00%
37,15,RRLRRRRRLRRRRRRRRRLRRRRRR,2,TRUE,0.288257576,1.246833333,56.00%
38,15,RRLRRRRRRLRRRRRRRRLRRRLRR,2,TRUE,0.337037037,1.102,46.00%
39,15,LRLRRRRRRRRRRLRRRRRRRLRRR,2,TRUE,0.311628401,1.054511905,44.00%
40,15,RRRRRRRRRRRRRRRRRRRRRRRRR,2,TRUE,0.338116497,1.069345238,44.00%
41,15,RRLRRRRRRRRRLLRRRRLRRRRRL,2,TRUE,0.3125,1.1225,48.00%
42,15,RRLRRRRRRRRRLLRRRRLRRRRLL,2,TRUE,0.345192308,1.1395,48.00%
43,15,LRRRRRRRRRRRLRRRRLRRRRRRR,2,TRUE,0.307142857,1.289,58.00%
44,15,LRLRRRRRRRRRRRRRRRLRRRLRR,2,TRUE,0.313151042,0.920416667,36.00%
45,15,RRRRRRRRRRRLLLRLRRRRRLRRR,2,TRUE,0.325595238,1.062333333,44.00%
46,15,RRRRLRRRLLRRRRRRLRLRRRRRR,2,TRUE,0.347321429,1.0745,44.00%
47,15,RRRRRLRRRRRRRRLRRLLRRRLRR,2,TRUE,0.312615741,0.785083333,28.00%
48,15,RRRRRLRRRRLRRRLLRRRRRRRLR,2,TRUE,0.302298851,1.015333333,42.00%
49,15,RRLRRRRRRRLRRLRRRRRRRRLRR,2,TRUE,0.281944444,1.175333333,52.00%
50,15,LLRRRRRLRRRRRLRRRRRRRRRRL,2,TRUE,0.336538462,1.135,48.00%
51,15,RRLRRRRLLRRRRRLRRLRRRRRRR,2,TRUE,0.342857143,1.304,58.00%
52,15,LRRRRRRLRRRRRLRRRLRRRRRRR,2,TRUE,0.375,1.1225,46.00%
53,15,RLRRLRRRRLLRRRRRRRRRRRRRR,2,TRUE,0.287356322,1.006666667,42.00%
54,15,RRLRRRRRRRRRLRLLLRRRRRRRR,2,TRUE,0.31640625,0.9225,36.00%
55,15,RLRRRRRRRLLRRRRRRRRRLRRRL,2,TRUE,0.269871795,0.6505,22.00%
56,15,RRRRRRRRRRRRRLRRRLRLRRRRR,2,TRUE,0.268611111,0.961166667,40.00%
57,15,RRRRRRRRRLRRRLRRRRLRRRLRR,2,TRUE,0.352469136,1.110333333,46.00%
58,15,RRRRRLRRRLLRRRRRRRRRLLRRR,2,TRUE,0.333064516,0.9665,38.00%
59,15,RRRRRRRRRLLRRRRRRRRRLLRRR,2,TRUE,0.283602151,0.935833333,38.00%
60,15,RRRRRLRRLRRRRRRRRRLRRRRLR,2,TRUE,0.289646465,0.871166667,34.00%
61,15,RRRLRRRRRRRRRRRRRRLRLRRLR,2,TRUE,0.281190476,0.796833333,30.00%
62,15,RRRRRRRRRLRRRRRRRRRLRLRLL,2,TRUE,0.281904762,0.797333333,30.00%
63,15,RRLRRRRRLLRRLRRRRRRRRRRRR,2,TRUE,0.270726496,0.651166667,22.00%
64,15,RRRRRRRRRRRRLLRRRRRLRRRRR,2,TRUE,0.246743295,0.983111111,42.00%
65,15,RRRRRRLRLRRLLRRLRRRRRRRRR,2,TRUE,0.32337963,0.792833333,28.00%
66,15,RRLRLRLRLRRRRRRLRRRRRRRRR,2,TRUE,0.318390805,1.024666667,42.00%
67,15,RRRRLRRRRLLLRRRRRRRLRRRRR,2,TRUE,0.346857143,1.173428571,50.00%
68,15,RRRRRRRRLLLRRRRRRRRLRLRRR,2,TRUE,0.278804348,1.20825,54.00%
69,15,RRRRRRRRRRRLRRRRRRRLLRLRR,2,TRUE,0.356488095,1.342595238,60.00%
70,15,RRRRRLLRRRRRLRLRRRRRLRRRR,2,TRUE,0.321236559,0.959166667,38.00%
71,15,RLRRRRRLRRRRRRRRLRRLRRRRL,2,TRUE,0.285057471,1.005333333,42.00%
72,15,RRRRRRRRRRRRLRLRRRRLRRRRR,2,TRUE,0.328869048,1.064166667,44.00%
73,15,RRRRRRRRRLRRRLRRRRRLRRLRR,2,TRUE,0.265833333,0.9595,40.00%
74,15,RRRLRRLRRRRRLRRRLRRLRRRRR,2,TRUE,0.301190476,0.810833333,30.00%
75,15,RLRRRRLRRRRRRRRRRLRRLLRRR,2,TRUE,0.302252252,0.743666667,26.00%
76,15,RLRRRRRRRRRRLRLRRRRRRRLRR,2,TRUE,0.309068627,0.850166667,32.00%
77,15,RRRRLRRRRLRRLRRRRLRRRRLRR,2,TRUE,0.34375,0.8075,28.00%
78,15,RLRRRRRLRRRRRRRRRRRRRRLRR,2,TRUE,0.305238095,0.813666667,30.00%
79,15,RRRRRRRRRLLRRRRRRRRRLLRLR,2,TRUE,0.231845238,1.009833333,44.00%
80,15,RRRRRLRRRLRLRLRRRRRRRRRLL,2,TRUE,0.316176471,1.4275,66.00%
81,15,LRRRRRRRRRRRLLRRRRRRRRLLL,2,TRUE,0.311574074,1.08825,46.00%
82,15,RLRRRRRRRRRRRRRRRRLRLRRLL,2,TRUE,0.309573413,1.188595238,52.00%
83,15,RRRLRRRRRRRRRRLLRRRRRRRRR,2,TRUE,0.275,1.0685,46.00%
84,15,LRRRRRRLRRRRRRRRLRRLRRRLL,2,TRUE,0.293981481,1.07875,46.00%
85,15,LRRRRRRLRRRRRRRRLRLRRRRRR,2,TRUE,0.322303922,0.859166667,32.00%
86,15,RRRRRRRRLRRRRRRRRLRRLRRRL,2,TRUE,0.215333333,1.107666667,50.00%
87,15,RRRLRRRLRRLRRRRRLRRRRRRLL,2,TRUE,0.313271605,1.089166667,46.00%
88,15,RRRRRRRLRLRRRRRRRLLRRRRRR,2,TRUE,0.339655172,1.037,42.00%
89,15,RRRRRRRRRRRRRRRRRLRRLRRLL,2,TRUE,0.234895833,0.870333333,36.00%
90,15,RRRRLRRRRRRRRRRRRRRRRRLRL,2,TRUE,0.330246914,1.098333333,46.00%
91,15,RRRRRRRRRRRRRRLRRRLRRRRRR,2,TRUE,0.277333333,1.138666667,50.00%
92,15,RRRRRRRRRRRRRRLRRLLRRLLRR,2,TRUE,0.27808642,1.070166667,46.00%
93,15,LLRRRRRRRRRRRRRLRRRRRRRRR,2,TRUE,0.283210181,1.004261905,42.00%
94,15,RRRRRRRLRRRRRLRRRRLRRRLRL,2,TRUE,0.317333333,1.158666667,50.00%
95,15,RLRRLRLRRRLRRRRRRRRRRLRRR,2,TRUE,0.363505747,1.050833333,42.00%
96,15,RRRLRRRRRRRRRLRRRRRRRLRRR,2,TRUE,0.345,1.1725,50.00%
97,15,LRRRRLRRRRRRRRRRRRRRRLRRR,2,TRUE,0.32765873,0.996595238,40.00%
98,15,LRRRRRLRRRRLRRRRRRRRRLRLL,2,TRUE,0.313580247,1.089333333,46.00%
99,15,LRRRRRRRRRRLRLRRRRRRLLRRR,2,TRUE,0.327380952,0.996428571,40.00%
100,15,RRRLRRRLLRRLRRRRRRRRRRRRL,2,TRUE,0.288793103,1.0075,42.00%
101,15,RRRLRRRRRRRRRRRRLRLRLRRRL,2,TRUE,0.282986111,1.175833333,52.00%
102,15,RRLRRRRRRRRLRRRLRRRRRRRLR,2,TRUE,0.274897959,0.792428571,30.00%
103,15,RLLRRRRRRRRLRRRRRRLRRRRRR,2,TRUE,0.292735043,0.668333333,22.00%
104,15,RRLLRRRRRRRRRLRRRLRLRRRRR,2,TRUE,0.242204301,0.910166667,38.00%
105,15,RRRLRRRRLRRRRRRRRLLRRLRRR,2,TRUE,0.267204301,0.925666667,38.00%
106,15,RLRRRLRLRRRRRRRLRRRRRRRRR,2,TRUE,0.300520833,0.912333333,36.00%
107,15,RRRRRRRRRRRRRRRLRRLRRRRLR,2,TRUE,0.333333333,1,40.00%
108,15,RRRRRLRRRRLRRLRLRRRRRRRRR,2,TRUE,0.31091954,1.020333333,42.00%
109,15,LRRRRRRRRRRRRRRRLRRLRRRRL,2,TRUE,0.338541667,0.936666667,36.00%
110,15,RRLRRRRRRRLRRRLLLRRRRRRRR,2,TRUE,0.305,1.1525,50.00%
111,15,LRRRRRRRRRRRRRRRLRLRRRLLR,2,TRUE,0.299583333,1.319833333,60.00%
112,15,RLRLRRRRRRRRRRRRLRRRRLRLR,2,TRUE,0.249679487,1.089833333,48.00%
113,15,RRRRRLRLLRRRRRLRRRRRRRRRR,2,TRUE,0.268181818,0.857,34.00%
114,15,LLRRRRRRRRRRRLLRRRRRRRRLR,2,TRUE,0.305654762,1.051166667,44.00%
115,15,RLRRRLRRRRLRRLRRRRRRRRRLR,2,TRUE,0.272435897,1.101666667,48.00%
116,15,RRLLRRRLRRRRRRRRLRRRRRRRL,2,TRUE,0.335416667,1.334166667,60.00%
117,15,RRRRRLRRRRLRRLRRLRRRRLRRR,2,TRUE,0.274666667,1.137333333,50.00%
118,15,RLLRRRRLRRRRRLRRRRRRRRRLL,2,TRUE,0.352150538,0.978333333,38.00%
119,15,RLLRRRRLRRRRRLRRRRRRRRRRR,2,TRUE,0.273958333,0.895333333,36.00%
120,15,RRLRRRRRRRRRRLRRRLLRRRRRL,2,TRUE,0.276360544,1.034761905,44.00%
121,15,LRLLRRRLRRRLRRRRRRRRRRRRR,2,TRUE,0.33042328,1.098428571,46.00%
122,15,RLLRRRRLRRRRRRRRRRRRRRLRL,2,TRUE,0.309722222,0.985833333,40.00%
123,15,RRLRRRLRRRRRRRLLLRRRRRRRR,2,TRUE,0.303091398,0.947916667,38.00%
124,15,RRLRRRRRRRRRRRRLLRRRRRRLL,2,TRUE,0.281730769,1.1065,48.00%
125,15,RRRLRLRRRRRRRRRLRRRRRRRLR,2,TRUE,0.315625,0.922,36.00%
126,15,LRRLRRRRRRRRRRLRRRLRRRRLR,2,TRUE,0.250297619,1.020166667,44.00%
127,15,LRRRLRRRRRLRRRRRRRRRRRRLL,2,TRUE,0.275595238,1.034333333,44.00%
128,15,RRRRLRRRRRRRLRRLLLRRRRRRR,2,TRUE,0.223540707,0.898595238,38.00%
129,15,RRRRRRRRLLRRRRRRRRLRRLRLR,2,TRUE,0.311607143,1.0545,44.00%
130,15,RRRRRLRRRRRRLLRRRRRRRRRLR,2,TRUE,0.319135802,1.092333333,46.00%
131,15,RRRRRRLRRRRRRRRRRLRRRLLRR,2,TRUE,0.3075,0.9845,40.00%
132,15,RRRRRRLRRRRRRRRRLLRRRRRRR,2,TRUE,0.309090909,0.884,34.00%
133,15,RRRLRLRRRRRRRLRRRRRRLLRRR,2,TRUE,0.272916667,1.032833333,44.00%
134,15,LRRRLRRRRRLRRRLRRRRRRRRRR,2,TRUE,0.288636364,0.8705,34.00%
135,15,RRRLRRLRRRRLRRRRRLRRLRRRR,2,TRUE,0.285497835,0.868428571,34.00%
136,15,RRRLLRRRLRRLRRLRRRRRRRRRR,2,TRUE,0.291561625,0.838261905,32.00%
137,15,RRRLRRRRLRRRRRLRRLRRRRRRR,2,TRUE,0.297115385,1.1145,48.00%
138,15,RRRLLRRRRRRRRRLRRRRRRLLLR,2,TRUE,0.299559083,1.081761905,46.00%
139,15,RRRLLRRRRRRRRRRRRRRRRRRRR,2,TRUE,0.312520525,1.021261905,42.00%
140,15,RLRRRRRLLRRRRRRRRRLRRRRRR,2,TRUE,0.3125,1.19,52.00%
141,15,RRRRLRRRRRRRLRLRLRRLRRRRR,2,TRUE,0.277083333,1.310833333,60.00%
142,15,RRRRRLRLLRRRRRRRRRRRRRRLR,2,TRUE,0.334935897,1.134166667,48.00%
143,15,RRRRRRLRRRLRLRLRRRRRRRRRL,2,TRUE,0.325617284,1.095833333,46.00%
144,15,RRLRRRRRRRRRLLRRLRRLRRRRR,2,TRUE,0.318910256,1.125833333,48.00%
145,15,RLRRRRRRRRLRRRRLRRRRRRRLL,2,TRUE,0.308333333,1.120333333,48.00%
146,15,RRRRRRRRRRLRRRRRRRRRLRRLL,2,TRUE,0.275260417,0.896166667,36.00%
147,15,RRRRRRRRLLRRRRRRRLRRRRRLL,2,TRUE,0.265681445,0.994095238,42.00%
148,15,RRRRRRRRRRRLRRRRRRRRRLRRL,2,TRUE,0.2625,0.9575,40.00%
149,15,RRLLRRRRRRLRRRRLRRRRRLRRR,2,TRUE,0.32037037,1.395333333,64.00%
150,15,RRRRRRRRLRRRRRLRRLLRRLRRR,2,TRUE,0.327777778,0.996666667,40.00%
151,15,RRRRRRRRLRRRRRLRRRLRRLRLL,2,TRUE,0.276126126,0.724333333,26.00%
152,15,RRLLRRRRRRRRRLRLRRRRRLRRR,2,TRUE,0.256660232,0.709928571,26.00%
153,15,RLRRLRRRRRRRLRRRRRRRRRRRL,2,TRUE,0.255833333,0.9535,40.00%
154,15,RRRRRLRRRRRRRRRRRRRRRRRRR,2,TRUE,0.244086022,0.911333333,38.00%
155,15,RRRRRRRRRRRRLRRRRRRRRLRLL,2,TRUE,0.254347826,1.197,54.00%
156,15,RRRLLRRRRRRLRLRRRRRRRRRLL,2,TRUE,0.283333333,1.038666667,44.00%
157,15,LRRRRRRRRLRRLRRRRLRRLRRRR,2,TRUE,0.297413793,1.0125,42.00%
158,15,RRRRLRRRRRLRRLRRRRRRRLRLR,2,TRUE,0.292460317,1.282833333,58.00%
159,15,RRRRRRRRRRRLRRRRRLRRLRRRR,2,TRUE,0.304166667,1.118166667,48.00%
160,15,RRRRRRRRRLRRLRRRRRRLRRRLR,2,TRUE,0.292283951,1.077833333,46.00%
161,15,RRRRRLRLRLRRRLRRRRRRRRRRR,2,TRUE,0.288,1.144,50.00%
162,15,RRRLLRRRRRRRRRLRRRLRRRRRR,2,TRUE,0.282258065,0.935,38.00%
163,15,RLRRLRRRRRLRRLRRRRLRRRRRR,2,TRUE,0.266346154,1.0985,48.00%
164,15,RRLLLRRRRRRRRLRRRRRRRRLRR,2,TRUE,0.265131579,0.6815,24.00%
165,15,LLRRRLRRRRRRRRRRLRRRRRRLR,2,TRUE,0.250462963,0.740333333,28.00%
166,15,RRRLLLRRRRRRRRRRRRRRLRRRR,2,TRUE,0.305224868,0.779761905,28.00%
167,15,RRRLRLRRRRRRRLRRLRRRRRRRR,2,TRUE,0.285,1.1425,50.00%
168,15,RRRRRLRRRRRRRLRRRRRRRLRLR,2,TRUE,0.312663399,0.852611111,32.00%
169,15,RRRRRRRRRRRRRRRRRRLRRRRRL,2,TRUE,0.289197531,1.076166667,46.00%
170,15,RRRRRRRRRRLRRRRRRRRRRLRRR,2,TRUE,0.288768116,1.212833333,54.00%
171,15,LRLRRRRRRRRRRRRLRRRRRRRRR,2,TRUE,0.253472222,1.161666667,52.00%
172,15,RRLRRRRRRRRRRRLLRRRRRRRLR,2,TRUE,0.311333333,1.155666667,50.00%
173,15,RRRRRRRRRRRRLRRRLRRLRRRLR,2,TRUE,0.308333333,1.120333333,48.00%
174,15,RLRLRLRRRRRRRRRRRRRRLRRLR,2,TRUE,0.28625,1.3145,60.00%
175,15,RRRRLRRRRRRLLRRRRRRRRLRLL,2,TRUE,0.327150538,0.962833333,38.00%
176,15,RLRRRRRRRRRRRRRLRRLRRRRLR,2,TRUE,0.27037037,1.066,46.00%
177,15,RRLRRRRRRRRRRRLRRRRRLRLLR,2,TRUE,0.307142857,0.815,30.00%
178,15,RLRLRRRRRRLRRRRLRRLRRRRRR,2,TRUE,0.237380952,0.766166667,30.00%
179,15,RRLLRRRRRRRRRRRLRRLRRRRRR,2,TRUE,0.280208333,0.899333333,36.00%
180,15,RLRRLRRRLRRLRLRRRRRRRRRRR,2,TRUE,0.300666667,1.150333333,50.00%
181,15,RLRLRRRRLRRRRRRRRRLRLRRRR,2,TRUE,0.301075269,0.946666667,38.00%
182,15,RRRRRRRRRRRRRRRLLRRRRRLRR,2,TRUE,0.330729167,1.19875,52.00%
183,15,RRRRRRRRRRRRRRRLRRRRLRLLL,2,TRUE,0.274731183,0.930333333,38.00%
184,15,LRRRRRRRLRRRRLLRRRRRRRRLR,2,TRUE,0.278405018,0.932611111,38.00%
185,15,LRRRRRRRRRRRLRRRLRRRLRRRR,2,TRUE,0.288333333,1.315333333,60.00%
186,15,RLRRRRRRRRRLRRRRRRRRLLRRR,2,TRUE,0.30308642,1.083666667,46.00%
187,15,RRRRRRRRRLRRLRRRRRLLRLRRR,2,TRUE,0.259876543,1.060333333,46.00%
188,15,LRRRRRRRRRRRLRRRRRLLRRRRR,2,TRUE,0.266709184,1.029357143,44.00%
189,15,RRRRRRRRRRRLRRLRLRRRLRRRR,2,TRUE,0.321774194,0.9595,38.00%
190,15,RRRRRRRRRRRLRRLRLRRRLRRRR,2,TRUE,0.301547619,0.980928571,40.00%
191,15,LRRRRRRRRLRRLRRRRRRLRLRRR,2,TRUE,0.240591398,0.909166667,38.00%
192,15,RRRRRRRRRRRRRLRRLRLRRRRRR,2,TRUE,0.26171875,0.8875,36.00%
193,15,LRRRRRRRLRRRRRRRRLLRRRRLR,2,TRUE,0.302573529,0.84575,32.00%
194,15,RLRRRRLRRRLRRRRRRRRRRRRRR,2,TRUE,0.29047619,0.940095238,38.00%
195,15,RRRLRRRRRLRRRRRRRRRRRLRRR,2,TRUE,0.321759259,0.892361111,34.00%
196,15,RRRRRRRRLRRRRRRLRRRLRLLRR,2,TRUE,0.249285714,0.7745,30.00%
197,15,LRRRRRRRRRLRRRRLRRRLRRRRR,2,TRUE,0.323333333,0.994,40.00%
198,15,RRRRRRRRRRLRRRRLRRLRRRRLL,2,TRUE,0.29453125,0.9085,36.00%
199,15,RRRRLRLRRRLRRRRRRRRRRRRRR,2,TRUE,0.272321429,1.0325,44.00%
200,15,RRLRRRRRRRRRRRRRRLRRLRRLR,2,TRUE,0.269047619,1.030666667,44.00%
,,,,,,,
First generation where best rat ate the cheese: 2,,,,,,,
