Population Size,Life Span,Max Generations,Maze Size,,,,
50,15,200,30,,,,
,,,,,,,
Current Generation,Best Rat's Starting Position,Best DNA,Best Fitness Score,Best Reached Goal,Average Fitness Score (No Winners),Average Fitness Score(Winner Inclusive),% Pop Reached Goal
1,15,LRRRRRRRRLRLLRR,0.125,FALSE,0.070334055,0.070334055,0.00%
2,15,RLRRRRRRRRLLLRR,0.125,FALSE,0.069707071,0.069707071,0.00%
3,15,LRRLRRRRLRRRRLR,0.125,FALSE,0.074468615,0.074468615,0.00%
4,15,RLLRRRRRRRLRLRR,0.125,FALSE,0.077801587,0.077801587,0.00%
5,15,RRRLLRRRRRLLRRR,0.125,FALSE,0.081540043,0.081540043,0.00%
6,15,RRLRRRLRLRRRRRR,0.166666667,FALSE,0.089900794,0.089900794,0.00%
7,15,RLRRRRRLRRRRRLR,0.166666667,FALSE,0.09902381,0.09902381,0.00%
8,15,RRRLRRRRRRRRLRL,0.166666667,FALSE,0.099845238,0.099845238,0.00%
9,15,LRRRRRRRRRRRRLR,0.25,FALSE,0.109285714,0.109285714,0.00%
10,15,LRRRRRRRRRRLRLR,0.166666667,FALSE,0.107027778,0.107027778,0.00%
11,15,RRRRRRRRRRRRLRR,0.5,FALSE,0.12022619,0.12022619,0.00%
12,15,RRRRRRRRRRRRLRR,0.5,FALSE,0.15359127,0.15359127,0.00%
13,15,RRRRRRRRRRRRLRR,0.5,FALSE,0.199190476,0.199190476,0.00%
14,15,RRRRRRRRRRRRLRR,0.5,FALSE,0.217166667,0.217166667,0.00%
15,15,RRRRRRRRRRRRRRR,2,TRUE,0.254931973,0.289833333,2.00%
16,15,RRRRRRRRRRRRRRR,2,TRUE,0.310763889,0.378333333,4.00%
17,15,RRRRRRRRRRRRRRR,2,TRUE,0.344369369,0.774833333,26.00%
18,15,RRRRRRRRRRRRRRR,2,TRUE,0.404569892,1.010833333,38.00%
19,15,RRRRRRRRRRRRRRR,2,TRUE,0.409,1.2045,50.00%
20,15,RRRRRRRRRRRRRRR,2,TRUE,0.404166667,1.361666667,60.00%
21,15,RRRRRRRRRRRRRRR,2,TRUE,0.453125,1.505,68.00%
22,15,RRRRRRRRRRRRRRR,2,TRUE,0.402173913,1.265,54.00%
23,15,RRRRRRRRRRRRRRR,2,TRUE,0.409090909,1.3,56.00%
24,15,RRRRRRRRRRRRRRR,2,TRUE,0.364583333,1.084166667,44.00%
25,15,RRRRRRRRRRRRRRR,2,TRUE,0.390873016,1.324166667,58.00%
26,15,RRRRRRRRRRRRRRR,2,TRUE,0.453703704,1.443333333,64.00%
27,15,RRRRRRRRRRRRRRR,2,TRUE,0.375,1.285,56.00%
28,15,RRRRRRRRRRRRRRR,2,TRUE,0.383333333,1.353333333,60.00%
29,15,RRRRRRRRRRRRRRR,2,TRUE,0.377777778,1.513333333,70.00%
30,15,RRRRRRRRRRRRRRR,2,TRUE,0.431818182,1.31,56.00%
31,15,RRRRRRRRRRRRRRR,2,TRUE,0.395833333,1.4225,64.00%
32,15,RRRRRRRRRRRRRRR,2,TRUE,0.394444444,1.518333333,70.00%
33,15,RRRRRRRRRRRRRRR,2,TRUE,0.406666667,1.203333333,50.00%
34,15,RRRRRRRRRRRRRRR,2,TRUE,0.461538462,1.2,48.00%
35,15,RRRRRRRRRRRRRRR,2,TRUE,0.453703704,1.165,46.00%
36,15,RRRRRRRRRRRRRRR,2,TRUE,0.40942029,1.268333333,54.00%
37,15,RRRRRRRRRRRRRRR,2,TRUE,0.391666667,1.356666667,60.00%
38,15,RRRRRRRRRRRRRRR,2,TRUE,0.456896552,1.105,42.00%
39,15,RRRRRRRRRRRRRRR,2,TRUE,0.410714286,1.11,44.00%
40,15,RRRRRRRRRRRRRRR,2,TRUE,0.43452381,1.123333333,44.00%
41,15,RRRRRRRRRRRRRRR,2,TRUE,0.416666667,1.05,40.00%
42,15,RRRRRRRRRRRRRRR,2,TRUE,0.431111111,1.058666667,40.00%
43,15,RRRRRRRRRRRRRRR,2,TRUE,0.400793651,1.328333333,58.00%
44,15,RRRRRRRRRRRRRRR,2,TRUE,0.4625,1.385,60.00%
45,15,RRRRRRRRRRRRRRR,2,TRUE,0.445512821,1.191666667,48.00%
46,15,RRRRRRRRRRRRRRR,2,TRUE,0.428571429,1.34,58.00%
47,15,RRRRRRRRRRRRRRR,2,TRUE,0.434782609,1.28,54.00%
48,15,RRRRRRRRRRRRRRR,2,TRUE,0.395061728,1.133333333,46.00%
49,15,RRRRRRRRRRRRRRR,2,TRUE,0.385057471,1.063333333,42.00%
50,15,RRRRRRRRRRRRRRR,2,TRUE,0.389423077,1.1625,48.00%
51,15,RRRRRRRRRRRRRRR,2,TRUE,0.422619048,1.116666667,44.00%
52,15,RRRRRRRRRRRRRRR,2,TRUE,0.461309524,1.138333333,44.00%
53,15,RRRRRRRRRRRRRRR,2,TRUE,0.386111111,1.031666667,40.00%
54,15,RRRRRRRRRRRRRRR,2,TRUE,0.384946237,0.998666667,38.00%
55,15,RRRRRRRRRRRRRRR,2,TRUE,0.384615385,1.16,48.00%
56,15,RRRRRRRRRRRRRRR,2,TRUE,0.412990196,0.920833333,32.00%
57,15,RRRRRRRRRRRRRRR,2,TRUE,0.363636364,0.92,34.00%
58,15,RRRRRRRRRRRRRRR,2,TRUE,0.369791667,0.956666667,36.00%
59,15,RRRRRRRRRRRRRRR,2,TRUE,0.38671875,0.9675,36.00%
60,15,RRRRRRRRRRRRRRR,2,TRUE,0.441358025,1.158333333,46.00%
61,15,RRRRRRRRRRRRRRR,2,TRUE,0.39484127,1.325833333,58.00%
62,15,RRRRRRRRRRRRRRR,2,TRUE,0.404320988,1.138333333,46.00%
63,15,RRRRRRRRRRRRRRR,2,TRUE,0.420833333,1.368333333,60.00%
64,15,RRRRRRRRRRRRRRR,2,TRUE,0.44,1.22,50.00%
65,15,RRRRRRRRRRRRRRR,2,TRUE,0.460526316,1.415,62.00%
66,15,RRRRRRRRRRRRRRR,2,TRUE,0.41,1.205,50.00%
67,15,RRRRRRRRRRRRRRR,2,TRUE,0.440972222,1.251666667,52.00%
68,15,RRRRRRRRRRRRRRR,2,TRUE,0.429012346,1.151666667,46.00%
69,15,RRRRRRRRRRRRRRR,2,TRUE,0.395833333,1.101666667,44.00%
70,15,RRRRRRRRRRRRRRR,2,TRUE,0.404040404,0.946666667,34.00%
71,15,RRRRRRRRRRRRRRR,2,TRUE,0.429347826,1.2775,54.00%
72,15,RRRRRRRRRRRRRRR,2,TRUE,0.391025641,1.163333333,48.00%
73,15,RRRRRRRRRRRRRRR,2,TRUE,0.452380952,1.35,58.00%
74,15,RRRRRRRRRRRRRRR,2,TRUE,0.440860215,1.033333333,38.00%
75,15,RRRRRRRRRRRRRRR,2,TRUE,0.393229167,0.971666667,36.00%
76,15,RRRRRRRRRRRRRRR,2,TRUE,0.443452381,1.128333333,44.00%
77,15,RRRRRRRRRRRRRRR,2,TRUE,0.368589744,1.151666667,48.00%
78,15,RRRRRRRRRRRRRRR,2,TRUE,0.40625,1.235,52.00%
79,15,RRRRRRRRRRRRRRR,2,TRUE,0.413793103,1.08,42.00%
80,15,RRRRRRRRRRRRRRR,2,TRUE,0.389880952,1.098333333,44.00%
81,15,RRRRRRRRRRRRRRR,2,TRUE,0.392857143,1.1,44.00%
82,15,RRRRRRRRRRRRRRR,2,TRUE,0.458333333,1.26,52.00%
83,15,RRRRRRRRRRRRRRR,2,TRUE,0.424679487,1.180833333,48.00%
84,15,RRRRRRRRRRRRRRR,2,TRUE,0.420138889,1.241666667,52.00%
85,15,RRRRRRRRRRRRRRR,2,TRUE,0.409722222,1.236666667,52.00%
86,15,RRRRRRRRRRRRRRR,2,TRUE,0.41,1.205,50.00%
87,15,RRRRRRRRRRRRRRR,2,TRUE,0.416666667,1.335,58.00%
88,15,RRRRRRRRRRRRRRR,2,TRUE,0.362068966,1.05,42.00%
89,15,RRRRRRRRRRRRRRR,2,TRUE,0.408045977,1.076666667,42.00%
90,15,RRRRRRRRRRRRRRR,2,TRUE,0.411458333,1.2375,52.00%
91,15,RRRRRRRRRRRRRRR,2,TRUE,0.429487179,1.183333333,48.00%
92,15,RRRRRRRRRRRRRRR,2,TRUE,0.428333333,1.214166667,50.00%
93,15,RRRRRRRRRRRRRRR,2,TRUE,0.434782609,1.28,54.00%
94,15,RRRRRRRRRRRRRRR,2,TRUE,0.461805556,1.261666667,52.00%
95,15,RRRRRRRRRRRRRRR,2,TRUE,0.456666667,1.228333333,50.00%
96,15,RRRRRRRRRRRRRRR,2,TRUE,0.4375,1.125,44.00%
97,15,RRRRRRRRRRRRRRR,2,TRUE,0.415123457,1.144166667,46.00%
98,15,RRRRRRRRRRRRRRR,2,TRUE,0.400641026,1.168333333,48.00%
99,15,RRRRRRRRRRRRRRR,2,TRUE,0.421875,1.2425,52.00%
100,15,RRRRRRRRRRRRRRR,2,TRUE,0.407051282,1.171666667,48.00%
101,15,RRRRRRRRRRRRRRR,2,TRUE,0.43452381,1.3425,58.00%
102,15,RRRRRRRRRRRRRRR,2,TRUE,0.419444444,1.051666667,40.00%
103,15,RRRRRRRRRRRRRRR,2,TRUE,0.418103448,1.0825,42.00%
104,15,RRRRRRRRRRRRRRR,2,TRUE,0.408602151,1.013333333,38.00%
105,15,RRRRRRRRRRRRRRR,2,TRUE,0.431451613,1.0275,38.00%
106,15,RRRRRRRRRRRRRRR,2,TRUE,0.416666667,0.923333333,32.00%
107,15,RRRRRRRRRRRRRRR,2,TRUE,0.43627451,0.936666667,32.00%
108,15,RRRRRRRRRRRRRRR,2,TRUE,0.394444444,1.036666667,40.00%
109,15,RRRRRRRRRRRRRRR,2,TRUE,0.373809524,1.317,58.00%
110,15,RRRRRRRRRRRRRRR,2,TRUE,0.466666667,1.08,40.00%
111,15,RRRRRRRRRRRRRRR,2,TRUE,0.416666667,1.335,58.00%
112,15,RRRRRRRRRRRRRRR,2,TRUE,0.389583333,1.355833333,60.00%
113,15,RRRRRRRRRRRRRRR,2,TRUE,0.416666667,1.24,52.00%
114,15,RRRRRRRRRRRRRRR,2,TRUE,0.444444444,1.253333333,52.00%
115,15,RRRRRRRRRRRRRRR,2,TRUE,0.465517241,1.11,42.00%
116,15,RRRRRRRRRRRRRRR,2,TRUE,0.406666667,1.203333333,50.00%
117,15,RRRRRRRRRRRRRRR,2,TRUE,0.428030303,0.9625,34.00%
118,15,RRRRRRRRRRRRRRR,2,TRUE,0.411458333,0.983333333,36.00%
119,15,RRRRRRRRRRRRRRR,2,TRUE,0.383928571,1.095,44.00%
120,15,RRRRRRRRRRRRRRR,2,TRUE,0.349137931,1.0425,42.00%
121,15,RRRRRRRRRRRRRRR,2,TRUE,0.344135802,1.105833333,46.00%
122,15,RRRRRRRRRRRRRRR,2,TRUE,0.429487179,1.183333333,48.00%
123,15,RRRRRRRRRRRRRRR,2,TRUE,0.429012346,1.151666667,46.00%
124,15,RRRRRRRRRRRRRRR,2,TRUE,0.461538462,1.2,48.00%
125,15,RRRRRRRRRRRRRRR,2,TRUE,0.433333333,1.216666667,50.00%
126,15,RRRRRRRRRRRRRRR,2,TRUE,0.402173913,1.265,54.00%
127,15,RRRRRRRRRRRRRRR,2,TRUE,0.456666667,1.228333333,50.00%
128,15,RRRRRRRRRRRRRRR,2,TRUE,0.428571429,1.12,44.00%
129,15,RRRRRRRRRRRRRRR,2,TRUE,0.416666667,1.208333333,50.00%
130,15,RRRRRRRRRRRRRRR,2,TRUE,0.40942029,1.268333333,54.00%
131,15,RRRRRRRRRRRRRRR,2,TRUE,0.439102564,1.188333333,48.00%
132,15,RRRRRRRRRRRRRRR,2,TRUE,0.388257576,1.290833333,56.00%
133,15,RRRRRRRRRRRRRRR,2,TRUE,0.434027778,1.248333333,52.00%
134,15,RRRRRRRRRRRRRRR,2,TRUE,0.436666667,1.218333333,50.00%
135,15,RRRRRRRRRRRRRRR,2,TRUE,0.413580247,1.143333333,46.00%
136,15,RRRRRRRRRRRRRRR,2,TRUE,0.39,1.195,50.00%
137,15,RRRRRRRRRRRRRRR,2,TRUE,0.398611111,1.039166667,40.00%
138,15,RRRRRRRRRRRRRRR,2,TRUE,0.451923077,1.195,48.00%
139,15,RRRRRRRRRRRRRRR,2,TRUE,0.394230769,1.165,48.00%
140,15,RRRRRRRRRRRRRRR,2,TRUE,0.44047619,1.126666667,44.00%
141,15,RRRRRRRRRRRRRRR,2,TRUE,0.419047619,0.893333333,30.00%
142,15,RRRRRRRRRRRRRRR,2,TRUE,0.413461538,1.175,48.00%
143,15,RRRRRRRRRRRRRRR,2,TRUE,0.450268817,1.039166667,38.00%
144,15,RRRRRRRRRRRRRRR,2,TRUE,0.422839506,1.148333333,46.00%
145,15,RRRRRRRRRRRRRRR,2,TRUE,0.407407407,1.14,46.00%
146,15,RRRRRRRRRRRRRRR,2,TRUE,0.419753086,1.146666667,46.00%
147,15,RRRRRRRRRRRRRRR,2,TRUE,0.432692308,1.185,48.00%
148,15,RRRRRRRRRRRRRRR,2,TRUE,0.422839506,1.148333333,46.00%
149,15,RRRRRRRRRRRRRRR,2,TRUE,0.435483871,1.03,38.00%
150,15,RRRRRRRRRRRRRRR,2,TRUE,0.426666667,1.213333333,50.00%
151,15,RRRRRRRRRRRRRRR,2,TRUE,0.400793651,1.328333333,58.00%
152,15,RRRRRRRRRRRRRRR,2,TRUE,0.420138889,1.241666667,52.00%
153,15,RRRRRRRRRRRRRRR,2,TRUE,0.427777778,1.056666667,40.00%
154,15,RRRRRRRRRRRRRRR,2,TRUE,0.44,1.22,50.00%
155,15,RRRRRRRRRRRRRRR,2,TRUE,0.413793103,1.08,42.00%
156,15,RRRRRRRRRRRRRRR,2,TRUE,0.456896552,1.105,42.00%
157,15,RRRRRRRRRRRRRRR,2,TRUE,0.386363636,1.29,56.00%
158,15,RRRRRRRRRRRRRRR,2,TRUE,0.424603175,1.338333333,58.00%
159,15,RRRRRRRRRRRRRRR,2,TRUE,0.447530864,1.161666667,46.00%
160,15,RRRRRRRRRRRRRRR,2,TRUE,0.469135802,1.173333333,46.00%
161,15,RRRRRRRRRRRRRRR,2,TRUE,0.429761905,0.900833333,30.00%
162,15,RRRRRRRRRRRRRRR,2,TRUE,0.373397436,1.154166667,48.00%
163,15,RRRRRRRRRRRRRRR,2,TRUE,0.328333333,1.164166667,50.00%
164,15,RRRRRRRRRRRRRRR,2,TRUE,0.385964912,1.386666667,62.00%
165,15,RRRRRRRRRRRRRRR,2,TRUE,0.416666667,1.335,58.00%
166,15,RRRRRRRRRRRRRRR,2,TRUE,0.432692308,1.185,48.00%
167,15,RRRRRRRRRRRRRRR,2,TRUE,0.420138889,1.241666667,52.00%
168,15,RRRRRRRRRRRRRRR,2,TRUE,0.405555556,1.043333333,40.00%
169,15,RRRRRRRRRRRRRRR,2,TRUE,0.432692308,1.185,48.00%
170,15,RRRRRRRRRRRRRRR,2,TRUE,0.419753086,1.146666667,46.00%
171,15,RRRRRRRRRRRRRRR,2,TRUE,0.436781609,1.093333333,42.00%
172,15,RRRRRRRRRRRRRRR,2,TRUE,0.397222222,1.038333333,40.00%
173,15,RRRRRRRRRRRRRRR,2,TRUE,0.402777778,1.1375,46.00%
174,15,RRRRRRRRRRRRRRR,2,TRUE,0.401234568,1.136666667,46.00%
175,15,RRRRRRRRRRRRRRR,2,TRUE,0.346014493,1.239166667,54.00%
176,15,RRRRRRRRRRRRRRR,2,TRUE,0.416666667,1.145,46.00%
177,15,RRRRRRRRRRRRRRR,2,TRUE,0.371376812,1.250833333,54.00%
178,15,RRRRRRRRRRRRRRR,2,TRUE,0.430555556,1.340833333,58.00%
179,15,RRRRRRRRRRRRRRR,2,TRUE,0.424242424,1.306666667,56.00%
180,15,RRRRRRRRRRRRRRR,2,TRUE,0.397916667,1.359166667,60.00%
181,15,RRRRRRRRRRRRRRR,2,TRUE,0.436507937,1.343333333,58.00%
182,15,RRRRRRRRRRRRRRR,2,TRUE,0.458333333,1.445,64.00%
183,15,RRRRRRRRRRRRRRR,2,TRUE,0.474637681,1.298333333,54.00%
184,15,RRRRRRRRRRRRRRR,2,TRUE,0.427083333,0.993333333,36.00%
185,15,RRRRRRRRRRRRRRR,2,TRUE,0.376811594,1.253333333,54.00%
186,15,RRRRRRRRRRRRRRR,2,TRUE,0.418478261,1.2725,54.00%
187,15,RRRRRRRRRRRRRRR,2,TRUE,0.434,1.217,50.00%
188,15,RRRRRRRRRRRRRRR,2,TRUE,0.399691358,1.135833333,46.00%
189,15,RRRRRRRRRRRRRRR,2,TRUE,0.41,1.205,50.00%
190,15,RRRRRRRRRRRRRRR,2,TRUE,0.444444444,1.346666667,58.00%
191,15,RRRRRRRRRRRRRRR,2,TRUE,0.436666667,1.218333333,50.00%
192,15,RRRRRRRRRRRRRRR,2,TRUE,0.445833333,1.0675,40.00%
193,15,RRRRRRRRRRRRRRR,2,TRUE,0.409482759,1.0775,42.00%
194,15,RRRRRRRRRRRRRRR,2,TRUE,0.430555556,1.058333333,40.00%
195,15,RRRRRRRRRRRRRRR,2,TRUE,0.413461538,1.175,48.00%
196,15,RRRRRRRRRRRRRRR,2,TRUE,0.408854167,0.981666667,36.00%
197,15,RRRRRRRRRRRRRRR,2,TRUE,0.378205128,1.156666667,48.00%
198,15,RRRRRRRRRRRRRRR,2,TRUE,0.448924731,1.038333333,38.00%
199,15,RRRRRRRRRRRRRRR,2,TRUE,0.472222222,1.358333333,58.00%
200,15,RRRRRRRRRRRRRRR,2,TRUE,0.363636364,1.28,56.00%
,,,,,,,
First generation where best rat ate the cheese: 15,,,,,,,
