Population Size,Life Span,Max Generations,Maze Size,,,,
50,30,200,30,,,,
,,,,,,,
Current Generation,Best Rat's Starting Position,Best DNA,Best Fitness Score,Best Reached Goal,Average Fitness Score (No Winners),Average Fitness Score(Winner Inclusive),% Pop Reached Goal
1,15,RRLRRRRRRLRRLRRRLRRLLRLRLRRRRR,1,FALSE,0.124467459,0.124467459,0.00%
2,15,RRLRRRRRRRRRRLLRLLLRRRRLRRRRRR,2,TRUE,0.2989388,0.537087368,14.00%
3,15,RLRLRRRRRLLRRRRRRLLRRRRLRRRRRR,2,TRUE,0.504912182,1.222554335,48.00%
4,15,RRRRLRLRRRRRRLLRLLRRRRRLRRRRRL,2,TRUE,0.644333444,1.403506716,56.00%
5,15,RRLRRRRRRLRRLRRRLRRRRRRLRRRRRR,2,TRUE,0.64,1.728,80.00%
6,15,LRRLRRRRRRRRRRRRLRRLRLRRRRRRLR,2,TRUE,0.549206349,1.796888889,86.00%
7,15,RRLRLRRRRRRRLRRLRRRRRLRRRRRRRR,2,TRUE,0.511111111,1.821333333,88.00%
8,15,RRLRRRRRRRRLLRRRLRLLLRRRRRRRRR,2,TRUE,0.851851852,1.793333333,82.00%
9,15,RLRRLRRRRRRRLRRRLRRLRLRRRRRRLR,2,TRUE,0.851851852,1.793333333,82.00%
10,15,LRRRRRRLRRRRLRRRLRRLRLRLRRRRRR,2,TRUE,0.72,1.744,80.00%
11,15,LRRRRRRLRRRRRRRRLRRLRLRRRRRRRR,2,TRUE,0.833333333,1.813333333,84.00%
12,15,RLRRRRRLRRRRRRRRLRRLRLRRRRRRRR,2,TRUE,0.794871795,1.686666667,74.00%
13,15,RRRRLRRRRLRRRRLLRRRLLRRRRRRRRR,2,TRUE,0.781818182,1.732,78.00%
14,15,RRLRRRRRRRRRRRRRRRLRLRRLRRRRRR,2,TRUE,0.757575758,1.726666667,78.00%
15,15,RRRLLRRRRRRRRRRRRRRLLRRLRRRRRR,2,TRUE,0.706666667,1.870666667,90.00%
16,15,RRLRRRRRRRRRRRRRRRLRLRRRRLRRRR,2,TRUE,1,1.9,90.00%
17,15,RRRRRRRRLRRRRRRRLRLRLLRRRRRLRR,2,TRUE,0.644444444,1.837333333,88.00%
18,15,RRLRRRRRRRRRRRRRLRLRLRRRRLRRRR,2,TRUE,0.244444444,1.894666667,94.00%
19,15,RRRRRRRRRRRRRLRRLRLRLRRRRRRRRR,2,TRUE,0.573333333,1.857333333,90.00%
20,15,RRRRRRRRRRRRRRRRRRRLRRRLRRRLLR,2,TRUE,0.714285714,1.82,86.00%
21,15,RRRRRRRRRRRRRRRRRRRLLRRRRRRRRR,2,TRUE,0.2,1.964,98.00%
22,15,RRLRRRRRLRRRRLRRRRRLRRRRLRRLRR,2,TRUE,0.555555556,1.913333333,94.00%
23,15,RRRLLRRRLRRRRRLRRRLRRLRRRRRRRR,2,TRUE,0.533333333,1.824,88.00%
24,15,RRRRRRRRRRRRRLRRRRLRLRRRRRRRRR,2,TRUE,0.866666667,1.750666667,78.00%
25,15,RRRRRRRLRLRRRRRRRRLRRRRRRRRRRR,2,TRUE,0.65,1.784,84.00%
26,15,RRRRRRRRRRRRLRRRRRLRRLRLRRRLLR,2,TRUE,0.777777778,1.926666667,94.00%
27,15,RRLRRRRRRRRRLRRRRLRLLRRRRRRRRR,2,TRUE,0.733333333,1.924,94.00%
28,15,RRRRRRRLRRRRRRRRRLLRLLRLRRRLRR,2,TRUE,0.55952381,1.76952381,84.00%
29,15,RRLRRRRRRRRRRRRRRRLRLLRRLRRRRR,2,TRUE,0.6,1.636,74.00%
30,15,RRRRRRRRRLRRRRRRRLLRLLRLRRLRRR,2,TRUE,0.616666667,1.778666667,84.00%
31,15,RRRRRRRRRLRRRRRRRLLLRLRRRRRLRR,2,TRUE,0.555555556,1.913333333,94.00%
32,15,RRRRRRLRRRRRRRRRLRRLRLRRRRRLRR,2,TRUE,0.533333333,1.824,88.00%
33,15,RRRRRRRRRRRRLRRRLRRRRRRRRRRLLR,2,TRUE,0.695238095,1.817333333,86.00%
34,15,RRRRRRLRRLRRRRRRRLLLRRLRRRRLLR,2,TRUE,0.573333333,1.714666667,80.00%
35,15,RRRRRRLRRLRRLRRRRRRRRRRLRRRLLL,2,TRUE,0.566666667,1.770666667,84.00%
36,15,RRRRRRLRRRLRLRRRRRRRRLRRRRRLRL,2,TRUE,0.6,1.86,90.00%
37,15,RRLRRRLRRRRLLRRRLRRRRRRRRRRLRR,2,TRUE,0.333333333,1.733333333,84.00%
38,15,LRRRRRRRRRRLLRRLLRRRRRRRRRRLRR,2,TRUE,0.633333333,1.890666667,92.00%
39,15,RRLRRLRRLRRRRRRRRRRRRRRLRRRLRL,2,TRUE,0.266666667,1.861333333,92.00%
40,15,RRLRRRRLRRRLRLRRRRRLRLRRRRRLRR,2,TRUE,0.533333333,1.824,88.00%
41,15,RRRRRRLRRRRRRRRRLRRRRLRRRRRLLR,2,TRUE,0.377777778,1.805333333,88.00%
42,15,RRLRRRRRRRRRRRRRRRRLRLRLLRRLLR,2,TRUE,0.244444444,1.894666667,94.00%
43,15,RRRRRRRRLRRRRRLRRRRRRRRRRRRLRR,2,TRUE,0.695238095,1.817333333,86.00%
44,15,RRRRRRLRRRRRRRLRRRRRRRRRRRRLRR,2,TRUE,0.46984127,1.816380952,88.00%
45,15,RRRRRRRLRRRRLRRRLRRRRLRLRRLLLL,2,TRUE,0.324444444,1.664888889,80.00%
46,15,RRRRRRLRRRRRLRRRLRRRRLRLRRLLLL,2,TRUE,0.289594356,1.692126984,82.00%
47,15,RRRRRLLRRRRRLRRRLRLRRRRRRRLLLL,2,TRUE,0.210582011,1.677904762,82.00%
48,15,RRRRRRRRLLRRLRRRLRRLRRRRRRRRRL,2,TRUE,0.222222222,1.928888889,96.00%
49,15,RRRRRRRRRLRRLRRRLRRLLRRRLRRLRL,2,TRUE,0.22962963,1.787555556,88.00%
50,15,RLRLRLRRLRRRRRLRRRRRRRRRRRRLRR,2,TRUE,0.266666667,1.861333333,92.00%
51,15,RRLRRRLRRRRRLRLRRRLRRRRRRRRLRR,2,TRUE,0.185714286,1.854857143,92.00%
52,15,RLRRRRLRRRRRRRLRRLRRLRRRRRLLLL,2,TRUE,0.266666667,1.861333333,92.00%
53,15,RLRLLRLRRRRRRRRRRRRRLRRRRRLRRL,2,TRUE,0.333333333,1.933333333,96.00%
54,15,RRRRRRRRRRRRRRRRRRLLRRRLRRRLLR,2,TRUE,0.266666667,1.930666667,96.00%
55,15,RRRRRRRRRRRRRRLRRRRRRRRRRRRLRR,2,TRUE,0.268027211,1.75752381,86.00%
56,15,RRRRRLLRRRRRRRLRRLRRRRRRRRRRLL,2,TRUE,0.4,1.872,92.00%
57,15,RRRRRRRRRRRRRRLRRLRLRRRRRRRLLR,2,TRUE,0.22962963,1.787555556,88.00%
58,15,RRRRRRRRRRRRRRLRRRLRLRRRRRRLRL,2,TRUE,0.244444444,1.894666667,94.00%
59,15,RRRRRRRRRRRRRRRRLRRLRRRRRRRLLR,2,TRUE,0.244444444,1.894666667,94.00%
60,15,RRRRRRLRRRRRRRRRRRRLRRRRLRRLRL,2,TRUE,0.6,1.832,88.00%
61,15,RRRRRRRLRRRRRLRRLRRRRLRRRRRLRR,2,TRUE,0.377777778,1.772888889,86.00%
62,15,RRRRRRRRRLRRRRLRLRRRRRRRRRRLLR,2,TRUE,0.37414966,1.772380952,86.00%
63,15,RRRRLRLLRRRRRRLRLRRRRRRRLRRLRR,2,TRUE,0.311111111,1.797333333,88.00%
64,15,RRRRRRRRRLRRRRLRLRRRLRRRLRRLLL,2,TRUE,0.225396825,1.89352381,94.00%
65,15,RRRRRRRLRRRRLRRRLRRLRLRRRRRRLR,2,TRUE,0.466666667,1.785333333,86.00%
66,15,RRRRRRLRRRRRLRLRLRRRRRLRLRRRLR,2,TRUE,0.232275132,1.575746032,76.00%
67,15,RRLRRRRLRLRRRRLRLRRRRRRRRRRLRL,2,TRUE,0.281904762,1.656380952,80.00%
68,15,RRRLRRRRRRRRRRRRLRRLRRRRLRRLRR,2,TRUE,0.35952381,1.73752381,84.00%
69,15,RRLRLRRLRRLRLRLRLRRRRRRRRRRRRL,2,TRUE,0.506349206,1.64152381,76.00%
70,15,RRRLRRRRRRRRRRLLLRRRRRRRRRRLRL,2,TRUE,0.441975309,1.719555556,82.00%
71,15,RLLLRRRRRRRRLRRRLRRRRRRRRRRLRL,2,TRUE,0.504761905,1.790666667,86.00%
72,15,RRRRRRRRRRRLRRRRLRRLRRRRRRRLRR,2,TRUE,0.511111111,1.910666667,94.00%
73,15,RRRRRRLRRRRRRRLRRRRRRRRRRRRRRL,2,TRUE,0.591836735,1.802857143,86.00%
74,15,RRRLRRRRRRRLRLLRRRRRLLRRRRLRRL,2,TRUE,0.306666667,1.830666667,90.00%
75,15,LRLLRRRRRRRLRLLRRRRRRLRRRRRRRL,2,TRUE,0.444444444,1.813333333,88.00%
76,15,RRRLRRRRRRRRLRLRLLRLRRRRRRLRRL,2,TRUE,0.288888889,1.897333333,94.00%
77,15,RRRRLRRLRLRRRRRRLRRRRRRRRRRRRL,2,TRUE,0.215238095,1.82152381,90.00%
78,15,RRLRRRRRRRRLRRRRLRLRRLRRRRRRLL,2,TRUE,0.489177489,1.788484848,86.00%
79,15,RRLRRRLRRRRLRRRRLRLRRRRRRRLRRR,2,TRUE,0.466666667,1.846666667,90.00%
80,15,RRLRRRRRRRRLLRRRLRLRRLRRRRRRRL,2,TRUE,0.413333333,1.841333333,90.00%
81,15,RRRRRRLRRRRLRRRLLRLRRLRRRRRRRL,2,TRUE,0.466666667,1.877333333,92.00%
82,15,RRRLRRRRRRRRLRRRLRRRRRRRRRRRRL,2,TRUE,0.288888889,1.897333333,94.00%
83,15,RRLLRRRRRRRLRRRRLRLRRRRRLRRRRR,2,TRUE,0.633333333,1.890666667,92.00%
84,15,RRLRRRRRRRRLLLRRLRRRRLRRRRRRRL,2,TRUE,0.466666667,1.846666667,90.00%
85,15,RRRRRRLLRLRLRRRRRRRRRLRRRLRRRL,2,TRUE,0.444444444,1.813333333,88.00%
86,15,RRLRRRRRRRRRLLRRLRRRRRRRRRRRRL,2,TRUE,0.383333333,1.741333333,84.00%
87,15,RLRRRRRRRRRLLRRLLRRRRRRRRRRRRL,2,TRUE,0.622222222,1.834666667,88.00%
88,15,RLLRRRRRRRRLLRRLLRRRRRRRRRRRRL,2,TRUE,0.666666667,1.893333333,92.00%
89,15,RRLRRRRLRLRLRRRRRRRRRLRRRRRRLR,2,TRUE,0.3,1.864,92.00%
90,15,RRRRRLLRRLRLLRRRLRRRRRRLRRRRRL,2,TRUE,0.479365079,1.81752381,88.00%
91,15,LRRRRRRRRRRLRRLRLRRRRRRRLRRRRL,2,TRUE,0.6,1.748,82.00%
92,15,LRRRRRRRRRRLRRRRLRLRRLRRLRRRLL,2,TRUE,0.657142857,1.812,86.00%
93,15,RRRRLRRLLRRRRRRRLRRRRRRRRRRRRR,2,TRUE,0.44,1.844,90.00%
94,15,RLRRRRLLRRRLLRRRLRRRRRRRRRRRRL,2,TRUE,0.6,1.86,90.00%
95,15,RRRRRRLLLRRRRRRRLRRRRLRRRRRRRL,2,TRUE,0.44,1.844,90.00%
96,15,RRLRRRLRRRLRRRRRLRRLRRRRRRRRRR,2,TRUE,0.786666667,1.757333333,80.00%
97,15,RRRRRRRLRLRRRRRRLRRRRRRRLRRRRR,2,TRUE,0.614814815,1.750666667,82.00%
98,15,RRRRRRLRRRRRLRRRLRRRRLRRRRRLRR,2,TRUE,0.822222222,1.788,82.00%
99,15,RLRRRRLRRLRRRRRRLLRRRRRRLRRRRR,2,TRUE,0.866666667,1.773333333,80.00%
100,15,RRRRRRRRLLRRRRRRLRRRRLRRLRRRLR,2,TRUE,0.888888889,1.866666667,88.00%
101,15,RLLRRRLRLLRRRRRRLRRRRRRRRRRRRL,2,TRUE,0.633333333,1.781333333,84.00%
102,15,RLRLRRLRRLRRRRRRLRRRRRRRRRRLRR,2,TRUE,0.777777778,1.926666667,94.00%
103,15,RLRRRRLRRRRRRRRRLRRRRRRRRRRRRL,2,TRUE,0.733333333,1.797333333,84.00%
104,15,RLLRRRLRRLRRLLRRRRRRRRRRRRRRLR,2,TRUE,0.733333333,1.873333333,90.00%
105,15,RLRRRRLRRRLRRRRRLRRRLLRRRRRRRR,2,TRUE,0.555555556,1.913333333,94.00%
106,15,RRRRRRRRLRRRRLRRLRRRRRRRRRRRRR,2,TRUE,0.535238095,1.85352381,90.00%
107,15,RLRRRRLRRLRRRRRRLRRRRRRRLLRRRL,2,TRUE,0.466666667,1.846666667,90.00%
108,15,LLRRRRLRRRLRRRRRRRRRLRLLRRRRRL,2,TRUE,0.523809524,1.793333333,86.00%
109,15,RLRRRRLRRRLRRRLRLRRRLRRRRRRRRL,2,TRUE,0.422222222,1.652888889,78.00%
110,15,RLRRRLRRRRLRRRRRLRRRLRRRRLLRRL,2,TRUE,0.373333333,1.674666667,80.00%
111,15,LRRRRRLLLRRRRLRRRRRRRRRRRRLRRL,2,TRUE,0.4,1.744,84.00%
112,15,RLRRRLRRRLLRRRRRLRRRLRRRRRRRRL,2,TRUE,0.311111111,1.797333333,88.00%
113,15,RLRLRRLRRRRRRLRRRRRRRRRRRRRRRL,2,TRUE,0.386666667,1.677333333,80.00%
114,15,RLRLRRLRRLRRRRRRLRRRRRRRRRRRRL,2,TRUE,0.422222222,1.810666667,88.00%
115,15,LRRLRRLRRRRLRRLLRRRRRRRRRRRRRL,2,TRUE,0.522222222,1.645333333,76.00%
116,15,RLRRRLRRRRRRRRLRRRRRLRRRRRRLRL,2,TRUE,0.777777778,1.926666667,94.00%
117,15,RLRRRLRLRLLRRRRRRRRRRRRRRRRRRR,2,TRUE,0.619047619,1.806666667,86.00%
118,15,RLRRRRLLRRLRRRRLRRRRLRRRRRRRRR,2,TRUE,0.542857143,1.766857143,84.00%
119,15,RLRRLLRLRRRRRRLRRRRRRRRRRRRRRR,2,TRUE,0.561904762,1.856190476,90.00%
120,15,RRRRLRLLRRLRRRLRRRRRLRRRRRRRRR,2,TRUE,0.5,1.88,92.00%
121,15,RLRRRRLRRRLRRRLRLRLRRRRRRRRRRR,2,TRUE,0.488888889,1.818666667,88.00%
122,15,RRRRRRLRRRLRLRLLRRRRRRRRRRRRLR,2,TRUE,0.525925926,1.734666667,82.00%
123,15,RLLRLLRRRRLRRRLRRRRRRRRRRRRRRL,2,TRUE,0.357142857,1.605714286,76.00%
124,15,RRRLRRRRRLRRRRRRLRRRRRRLRRRRLL,2,TRUE,0.3,1.864,92.00%
125,15,RRRRLLRRRRRLRRLRRRRRRLLRRRRRRL,2,TRUE,0.288888889,1.794666667,88.00%
126,15,RLRRRLLRRRRRRRRRRRRRRRRRRLRLRL,2,TRUE,0.468571429,1.693714286,80.00%
127,15,RRRRRRLRRRRRRRRRLRLRRRRRRRRLRR,2,TRUE,0.333333333,1.966666667,98.00%
128,15,RRRRRRRRRRRRRRRRLRRRRRRRRRRRRL,2,TRUE,0.288888889,1.897333333,94.00%
129,15,RLRRRRRRRRRRRRLRLRRRRRRRRRLRRL,2,TRUE,0.666666667,1.893333333,92.00%
130,15,RLRRRLRRRLRLLRRRRRRRRRRRRRRRRL,2,TRUE,0.3,1.864,92.00%
131,15,RLRLLLRRRRLRRRRRRRRRRRRRRRRRRR,2,TRUE,1,1.96,96.00%
132,15,RLRRRLRRRRRRRRLRRRRRLRRRRRRRRR,2,TRUE,0.466666667,1.846666667,90.00%
133,15,RLRRRLRLRRRLRRLRRRRRRRRRRRRLLR,2,TRUE,0.466666667,1.908,94.00%
134,15,RRRRRLRRRRRLRRRRLRRRRRRRLRRLLL,2,TRUE,0.6,1.888,92.00%
135,15,RRRRRRLRRRRRRRRRRRRLLRRRRRRRRL,2,TRUE,0.333333333,1.966666667,98.00%
136,15,RRRRRRLLRRRRRRRRRRRLLRRLRRRRLR,2,TRUE,0.555555556,1.913333333,94.00%
137,15,RRRRRLRRRRLRRRRRRRRRRRRLRRLRRL,2,TRUE,0.26984127,1.896190476,94.00%
138,15,RRRRRRLRRRRRRRLRRRLRRRLRRRRRRR,2,TRUE,0.466666667,1.908,94.00%
139,15,RRRRRLRRRRRRRRRRRRRRLRRLLLRRRR,2,TRUE,0.511111111,1.821333333,88.00%
140,15,RRRRRLLRRRRRRLRRRRRLLRRRRRRRRL,2,TRUE,0.259863946,1.756380952,86.00%
141,15,RRRRRRRRLLRLRRLRLRRRLRRRLRRRRL,2,TRUE,0.511111111,1.910666667,94.00%
142,15,RRRRRLRRRRRRRRLLLRRRRRRRLRLRLR,2,TRUE,0.511111111,1.821333333,88.00%
143,15,RLRRRRRRRRRLLRRRLRRLRRRLRRRRRL,2,TRUE,0.39047619,1.774666667,86.00%
144,15,RRRRRRRRRRRLRRLRLRRLRRRLRRRRRL,2,TRUE,0.533333333,1.824,88.00%
145,15,RRRLRRLRRRRRRLRLRRLLLRRRRRRRRL,2,TRUE,0.533333333,1.824,88.00%
146,15,RRRLRLRRRRRLRRLRRRRRLRRLRLRRRL,2,TRUE,0.28,1.828,90.00%
147,15,RLRRRLLLRRRRRRRRLRRRRRRRRRRLRL,2,TRUE,0.44,1.844,90.00%
148,15,RLRRRLLRRRRRRRRLRRRLRRRRRLRRRR,2,TRUE,0.226666667,1.822666667,90.00%
149,15,RRRRRRLRRRRRRLLRRRRRRLRRLRRRRR,2,TRUE,0.442857143,1.750857143,84.00%
150,15,RRRRRRLRRRRRRRRRRRRRRRRLLRRRRL,2,TRUE,0.523809524,1.793333333,86.00%
151,15,RRRRRRRRRRRLLRRRLRRRRRRRRRLRLR,2,TRUE,0.288888889,1.692,82.00%
152,15,RRRRRRRRRRRRRRLRLLRRRRRLLLRRRL,2,TRUE,0.433333333,1.624,76.00%
153,15,RRLRRRRRRRRLRRRLRRLRRLRLRRRRRL,2,TRUE,0.444444444,1.626666667,76.00%
154,15,LRRRRRRRRRRLLRLRRRRRRRRRRRRRRL,2,TRUE,0.466666667,1.846666667,90.00%
155,15,RLRLRLRRRRLRLRRRRRRLRRRRRRRLLR,2,TRUE,0.266666667,1.930666667,96.00%
156,15,RRRRRLRRRRRRRRRRRRRRLLRRRRRRRR,2,TRUE,0.488888889,1.818666667,88.00%
157,15,RRRRRRRRRRRRRRRRLRRRLLRRLRRRRL,2,TRUE,0.28707483,1.760190476,86.00%
158,15,RRRRRRRRRRRRRRRRLRRRRLRLRRRRRL,2,TRUE,0.386666667,1.838666667,90.00%
159,15,RRRRRRRRRLRRRRRRLRRRRLRLLRRRRR,2,TRUE,0.432034632,1.780484848,86.00%
160,15,RRRRRLRRRRRRRRRRRRRLRRRRRRRRLR,2,TRUE,0.733333333,1.746666667,80.00%
161,15,RLLRRLRRRRRRRRLRLRRRRRRRLRRRRL,2,TRUE,0.419047619,1.747047619,84.00%
162,15,RRRRRLRRRRRRRRRRRRRRRRRLRRRRLR,2,TRUE,0.466666667,1.877333333,92.00%
163,15,LRRRRRLRRRRLLRRRRRRRRRRLRRRRLL,2,TRUE,N/A,2,100.00%
164,15,LRRRRLRRLRRLRRRRRRRRLLRRRRRRLR,2,TRUE,0.5,1.88,92.00%
165,15,RRLRRLRRRRRRRRRRLRRRRLRLLRRRRR,2,TRUE,0.523809524,1.793333333,86.00%
166,15,LRRRRRLRRRRRRRRRRLRLLRRRLLRRRR,2,TRUE,0.833333333,1.906666667,92.00%
167,15,RLRRRRRRRRRLRRRRRRLRLLRLRRRRRL,2,TRUE,0.466666667,1.877333333,92.00%
168,15,RRLRRRRRRRLLRRRRLRRRRLRLLRRRRR,2,TRUE,0.755555556,1.850666667,88.00%
169,15,RRRRRRRRRRLLRRLRLRRRRLRLRRRRLR,2,TRUE,0.555555556,1.768888889,84.00%
170,15,RRRLRLRRRRRRRRLLRRRRLLRRRRRRRL,2,TRUE,0.653333333,1.730666667,80.00%
171,15,LLRRRRRRRRRRRRRRRRRRLLRRRRRRRR,2,TRUE,0.544444444,1.650666667,76.00%
172,15,RLRRRRRRRRRLRRRLLRRRLLRRRLRRRL,2,TRUE,0.755555556,1.701333333,76.00%
173,15,LRRRLRRRRRRRRRLLRRRRRRLRRRRLLR,2,TRUE,0.633333333,1.672,76.00%
174,15,RLRRRRRRRRRLRRRLLRRRLLRRRRLRRR,2,TRUE,0.674074074,1.761333333,82.00%
175,15,RLLRRLRRRRRLRRLRRRRRRRRRRRRRRR,2,TRUE,0.786666667,1.757333333,80.00%
176,15,LRRRRLRRRRRRRRRRRRRRLLRRRRRLRL,2,TRUE,0.75,1.8,84.00%
177,15,LRRRRRLRRRRRRRLRLRRRRRRRRLLRLL,2,TRUE,0.837037037,1.790666667,82.00%
178,15,RRRRRLRRRRRRRRRLRRLRLLRRRRLRRR,2,TRUE,0.676190476,1.814666667,86.00%
179,15,RLRRRRRRRRRRRRRRRRRLRRRRLLRRRR,2,TRUE,0.422222222,1.810666667,88.00%
180,15,RRRRRLLRRRRRRRRRRRRRLLRRRLRRRL,2,TRUE,0.644444444,1.837333333,88.00%
181,15,RRRRRLRRRRRLRRLRRRLRRRRRRLRRRL,2,TRUE,0.413333333,1.841333333,90.00%
182,15,RRLRRRRRRLLRRRRRRRRRRRRRRRLRLR,2,TRUE,0.434285714,1.686857143,80.00%
183,15,RRRRRLRRLRLRRRRRRRRRLLLRRRRLRL,2,TRUE,0.706666667,1.870666667,90.00%
184,15,RLRLRRRRRRLRRLRLRRRRLRRRRRRLRL,2,TRUE,0.65,1.784,84.00%
185,15,RRRRRLRRLRLRRRLLLRRRRRRLRRRRRL,2,TRUE,0.288888889,1.897333333,94.00%
186,15,RRRRRRRRRRLRRRRRRRLLLRRRRLRRRR,2,TRUE,0.573333333,1.857333333,90.00%
187,15,RRRRRLLRRRLRRLRRRRRRRRRLRLRRRL,2,TRUE,0.633333333,1.781333333,84.00%
188,15,RRRRRRLRRRLRRLLRRLRRRLRRRRLRRR,2,TRUE,0.48994709,1.728190476,82.00%
189,15,RLRRRRRRRRRRRRRRRRRLRRRRLRRRRL,2,TRUE,0.333333333,1.966666667,98.00%
190,15,LRRRRRRRRRRRRRRRLRRRRRRRRRRRRR,2,TRUE,0.333333333,1.966666667,98.00%
191,15,RRRLLRRLRRLRRRRRLRRRRRRRRLRRRL,2,TRUE,0.225396825,1.89352381,94.00%
192,15,RRRRRRRRRRRRRRRRLRRRRRLRRRRRRL,2,TRUE,0.233333333,1.858666667,92.00%
193,15,RLRRRRRRRLRRRLRRRRRRRLLRRRRRRL,2,TRUE,0.546666667,1.854666667,90.00%
194,15,RLLRRRRRRLRRRLRRRLRRRRLRRRRRRL,2,TRUE,1,1.96,96.00%
195,15,RLRLRLRRRLRRRLRRRRRRRLLRRRRRRR,2,TRUE,0.833333333,1.906666667,92.00%
196,15,RRRRLRRRRLRLRLRRRLRRRLRRRRRRRR,2,TRUE,0.333333333,1.933333333,96.00%
197,15,RLRRRRLRRLRRRRRRLRRRRRRLRRRRRR,2,TRUE,0.6,1.748,82.00%
198,15,RLRRRRRRRLRRRRRRLRRLRLRRRRLRRR,2,TRUE,0.368253968,1.804190476,88.00%
199,15,RRRLLRRRLRRRLRRRRRRLRRRRRLRRRR,2,TRUE,0.573333333,1.857333333,90.00%
200,15,RRRRRRRLRLLRRRRRLRRRRRLRRRLRRR,2,TRUE,0.483333333,1.757333333,84.00%
,,,,,,,
First generation where best rat ate the cheese: 2,,,,,,,
